customer_id,signup_date,plan,monthly_spend,tenure_months,support_tickets,last_login_days,cancellation_reason,account_status,churned
CUST-10000,2024-01-01,basic,12.95,24,2,19,no longer needed,closed,1
CUST-10001,2024-01-04,basic,12.34,24,2,23,,active,0
CUST-10002,2024-01-04,basic,11.81,24,5,14,missing features,closed,1
CUST-10003,2024-01-04,standard,37.57,24,0,10,,active,0
CUST-10004,2024-01-04,premium,94.87,24,2,21,,active,0
CUST-10005,2024-01-01,basic,12.10,24,0,34,,active,0
CUST-10006,2024-01-02,basic,10.83,24,4,23,missing features,closed,1
CUST-10007,2024-01-01,standard,39.17,24,1,0,,active,0
CUST-10008,2024-01-04,premium,92.05,24,2,12,,active,0
CUST-10009,2024-01-03,standard,37.28,24,0,15,,active,0
CUST-10010,2024-01-04,standard,38.97,24,0,20,,active,0
CUST-10011,2024-01-03,premium,89.09,24,1,25,,active,0
CUST-10012,2024-01-03,basic,11.59,24,1,19,,active,0
CUST-10013,2024-01-05,premium,92.95,24,4,18,poor support,closed,1
CUST-10014,2024-01-04,premium,96.93,24,1,8,,active,0
CUST-10015,2024-01-04,standard,32.66,24,0,10,,active,0
CUST-10016,2024-01-03,basic,13.16,24,4,19,price,closed,1
CUST-10017,2024-01-03,basic,11.50,24,0,30,,active,0
CUST-10018,2024-01-05,basic,11.23,24,2,42,,active,0
CUST-10019,2024-01-05,basic,11.48,24,0,38,,active,0
CUST-10020,2024-01-03,premium,83.90,24,3,28,no longer needed,closed,1
CUST-10021,2024-01-04,premium,89.89,24,3,19,price,closed,1
CUST-10022,2024-01-05,standard,31.56,24,4,21,missing features,closed,1
CUST-10023,2024-01-06,basic,12.31,24,1,27,,active,0
CUST-10024,2024-01-04,basic,13.73,24,0,18,,active,0
CUST-10025,2024-01-06,basic,12.21,24,3,24,missing features,closed,1
CUST-10026,2024-01-03,standard,37.52,24,2,12,,active,0
CUST-10027,2024-01-03,basic,12.01,24,1,33,,active,0
CUST-10028,2024-01-03,basic,11.13,24,5,31,price,closed,1
CUST-10029,2024-01-04,standard,39.10,24,3,8,poor support,closed,1
CUST-10030,2024-01-05,standard,38.31,24,1,14,,active,0
CUST-10031,2024-01-03,basic,13.70,24,1,27,,active,0
CUST-10032,2024-01-04,basic,11.29,24,0,25,,active,0
CUST-10033,2024-01-05,basic,12.48,24,2,46,price,closed,1
CUST-10034,2024-01-05,standard,34.48,24,0,15,,active,0
CUST-10035,2024-01-05,standard,31.83,24,1,18,,active,0
CUST-10036,2024-01-04,basic,11.22,24,6,36,no longer needed,closed,1
CUST-10037,2024-01-05,basic,13.43,24,4,26,moved to competitor,closed,1
CUST-10038,2024-01-07,basic,12.26,24,4,15,missing features,closed,1
CUST-10039,2024-01-07,premium,92.12,24,0,12,,active,0
CUST-10040,2024-01-05,basic,10.81,24,0,19,,active,0
CUST-10041,2024-01-07,basic,13.05,24,2,17,,active,0
CUST-10042,2024-01-07,basic,13.78,24,4,50,missing features,closed,1
CUST-10043,2024-01-04,standard,33.85,24,0,0,,active,0
CUST-10044,2024-01-06,basic,11.04,24,4,34,missing features,closed,1
CUST-10045,2024-01-06,basic,12.01,24,1,23,,active,0
CUST-10046,2024-01-07,basic,13.10,24,4,20,poor support,closed,1
CUST-10047,2024-01-07,premium,83.22,24,0,19,,active,0
CUST-10048,2024-01-08,premium,102.31,24,4,11,missing features,closed,1
CUST-10049,2024-01-07,basic,11.00,24,2,29,,active,0
CUST-10050,2024-01-06,premium,89.71,24,0,16,,active,0
CUST-10051,2024-01-07,standard,35.78,24,0,20,,active,0
CUST-10052,2024-01-05,basic,11.27,24,0,23,,active,0
CUST-10053,2024-01-05,standard,38.26,24,1,19,,active,0
CUST-10054,2024-01-08,standard,33.01,24,0,12,,active,0
CUST-10055,2024-01-06,standard,39.44,24,1,5,,active,0
CUST-10056,2024-01-09,basic,12.57,24,0,13,,active,0
CUST-10057,2024-01-09,basic,11.86,24,5,26,moved to competitor,closed,1
CUST-10058,2024-01-09,standard,36.90,24,4,4,no longer needed,closed,1
CUST-10059,2024-01-06,standard,37.50,24,1,22,,active,0
CUST-10060,2024-01-08,premium,85.99,24,1,6,,active,0
CUST-10061,2024-01-07,basic,12.49,24,4,31,no longer needed,closed,1
CUST-10062,2024-01-09,basic,13.04,24,5,36,no longer needed,closed,1
CUST-10063,2024-01-08,standard,35.54,24,5,21,missing features,closed,1
CUST-10064,2024-01-09,premium,91.84,24,1,12,,active,0
CUST-10065,2024-01-08,basic,13.02,24,4,23,missing features,closed,1
CUST-10066,2024-01-07,basic,12.05,24,2,16,,active,0
CUST-10067,2024-01-10,standard,36.75,24,4,18,moved to competitor,closed,1
CUST-10068,2024-01-08,basic,10.85,24,4,17,moved to competitor,closed,1
CUST-10069,2024-01-09,basic,10.86,24,2,17,moved to competitor,closed,1
CUST-10070,2024-01-10,premium,97.38,24,0,10,,active,0
CUST-10071,2024-01-09,basic,10.89,24,5,23,poor support,closed,1
CUST-10072,2024-01-08,standard,34.87,24,1,14,,active,0
CUST-10073,2024-01-07,standard,33.43,24,2,7,,active,0
CUST-10074,2024-01-07,basic,11.88,24,1,20,,active,0
CUST-10075,2024-01-08,premium,98.95,24,1,21,no longer needed,closed,1
CUST-10076,2024-01-07,standard,38.60,24,1,28,,active,0
CUST-10077,2024-01-08,premium,92.81,24,1,21,,active,0
CUST-10078,2024-01-09,basic,13.78,24,1,5,,active,0
CUST-10079,2024-01-11,basic,13.09,24,1,26,,active,0
CUST-10080,2024-01-10,basic,12.72,24,0,24,,active,0
CUST-10081,2024-01-10,basic,11.82,24,4,37,poor support,closed,1
CUST-10082,2024-01-11,basic,12.84,24,1,20,,active,0
CUST-10083,2024-01-09,standard,33.15,24,1,0,,active,0
CUST-10084,2024-01-08,basic,11.55,24,2,11,,active,0
CUST-10085,2024-01-10,basic,11.78,24,5,21,price,closed,1
CUST-10086,2024-01-08,premium,85.75,24,4,9,no longer needed,closed,1
CUST-10087,2024-01-08,basic,13.67,24,5,18,poor support,closed,1
CUST-10088,2024-01-10,basic,12.51,24,1,23,moved to competitor,closed,1
CUST-10089,2024-01-10,standard,31.72,24,4,0,poor support,closed,1
CUST-10090,2024-01-10,standard,38.08,24,0,1,,active,0
CUST-10091,2024-01-12,basic,11.62,24,0,23,,active,0
CUST-10092,2024-01-09,premium,94.94,24,2,17,,active,0
CUST-10093,2024-01-11,premium,89.16,24,3,22,poor support,closed,1
CUST-10094,2024-01-12,basic,10.93,24,3,26,,active,0
CUST-10095,2024-01-10,standard,33.68,24,0,18,,active,0
CUST-10096,2024-01-11,standard,40.23,24,0,10,,active,0
CUST-10097,2024-01-11,basic,12.06,24,0,20,,active,0
CUST-10098,2024-01-09,standard,37.62,24,4,0,poor support,closed,1
CUST-10099,2024-01-11,standard,33.56,24,1,0,,active,0
CUST-10100,2024-01-13,standard,37.66,23,0,14,,active,0
CUST-10101,2024-01-13,basic,11.24,23,3,35,missing features,closed,1
CUST-10102,2024-01-12,basic,11.10,24,1,37,,active,0
CUST-10103,2024-01-11,basic,11.20,24,6,7,poor support,closed,1
CUST-10104,2024-01-12,basic,12.51,24,0,24,,active,0
CUST-10105,2024-01-11,basic,10.84,24,1,15,,active,0
CUST-10106,2024-01-13,premium,98.21,23,0,16,,active,0
CUST-10107,2024-01-11,basic,11.12,24,1,24,,active,0
CUST-10108,2024-01-10,basic,12.85,24,1,13,,active,0
CUST-10109,2024-01-11,basic,13.56,24,1,31,price,closed,1
CUST-10110,2024-01-12,premium,80.21,24,5,12,moved to competitor,closed,1
CUST-10111,2024-01-12,standard,32.73,24,0,9,,active,0
CUST-10112,2024-01-11,basic,11.22,24,0,28,,active,0
CUST-10113,2024-01-13,standard,35.33,23,0,17,,active,0
CUST-10114,2024-01-14,premium,88.17,23,3,15,moved to competitor,closed,1
CUST-10115,2024-01-11,premium,85.25,24,0,10,,active,0
CUST-10116,2024-01-12,standard,31.71,24,0,24,,active,0
CUST-10117,2024-01-12,basic,13.64,24,2,12,,active,0
CUST-10118,2024-01-13,standard,35.26,23,1,20,,active,0
CUST-10119,2024-01-14,basic,10.81,23,0,20,,active,0
CUST-10120,2024-01-12,basic,13.78,24,2,19,,active,0
CUST-10121,2024-01-13,standard,33.41,23,0,36,,active,0
CUST-10122,2024-01-14,standard,38.03,23,0,31,,active,0
CUST-10123,2024-01-12,basic,13.28,24,0,16,,active,0
CUST-10124,2024-01-13,premium,92.52,23,1,0,,active,0
CUST-10125,2024-01-12,basic,13.76,24,1,34,,active,0
CUST-10126,2024-01-12,basic,12.05,24,4,16,no longer needed,closed,1
CUST-10127,2024-01-13,basic,13.43,23,2,24,,active,0
CUST-10128,2024-01-12,basic,13.40,24,1,32,,active,0
CUST-10129,2024-01-13,basic,11.20,23,3,24,,active,0
CUST-10130,2024-01-15,basic,12.70,23,4,27,missing features,closed,1
CUST-10131,2024-01-12,basic,13.59,24,0,34,,active,0
CUST-10132,2024-01-14,standard,33.34,23,0,12,,active,0
CUST-10133,2024-01-14,basic,13.46,23,5,24,moved to competitor,closed,1
CUST-10134,2024-01-16,basic,13.78,23,0,13,,active,0
CUST-10135,2024-01-13,basic,13.18,23,0,36,,active,0
CUST-10136,2024-01-16,standard,34.69,23,1,23,,active,0
CUST-10137,2024-01-14,standard,31.74,23,0,14,,active,0
CUST-10138,2024-01-16,premium,83.19,23,0,7,,active,0
CUST-10139,2024-01-15,standard,35.60,23,0,14,,active,0
CUST-10140,2024-01-16,basic,13.62,23,4,20,no longer needed,closed,1
CUST-10141,2024-01-16,basic,12.70,23,2,18,,active,0
CUST-10142,2024-01-16,standard,31.91,23,6,17,poor support,closed,1
CUST-10143,2024-01-14,basic,12.14,23,1,35,,active,0
CUST-10144,2024-01-15,basic,11.14,23,1,42,,active,0
CUST-10145,2024-01-16,premium,81.34,23,0,5,,active,0
CUST-10146,2024-01-17,standard,33.88,23,4,24,no longer needed,closed,1
CUST-10147,2024-01-15,premium,97.15,23,2,11,,active,0
CUST-10148,2024-01-16,basic,11.53,23,3,43,poor support,closed,1
CUST-10149,2024-01-15,basic,12.16,23,1,10,missing features,closed,1
CUST-10150,2024-01-14,basic,13.50,23,4,32,missing features,closed,1
CUST-10151,2024-01-15,standard,38.72,23,0,18,,active,0
CUST-10152,2024-01-17,basic,10.82,23,4,27,price,closed,1
CUST-10153,2024-01-17,premium,88.78,23,1,12,,active,0
CUST-10154,2024-01-18,standard,31.75,23,0,5,,active,0
CUST-10155,2024-01-17,premium,99.67,23,2,1,,active,0
CUST-10156,2024-01-15,standard,34.69,23,1,13,moved to competitor,closed,1
CUST-10157,2024-01-17,standard,37.14,23,1,20,,active,0
CUST-10158,2024-01-17,premium,100.95,23,1,19,,active,0
CUST-10159,2024-01-15,basic,13.31,23,0,34,,active,0
CUST-10160,2024-01-17,basic,12.98,23,2,27,moved to competitor,closed,1
CUST-10161,2024-01-15,basic,10.91,23,3,29,price,closed,1
CUST-10162,2024-01-15,basic,11.50,23,4,27,no longer needed,closed,1
CUST-10163,2024-01-17,standard,34.87,23,2,20,,active,0
CUST-10164,2024-01-16,basic,13.33,23,2,26,,active,0
CUST-10165,2024-01-19,standard,37.09,23,0,12,,active,0
CUST-10166,2024-01-18,standard,35.22,23,1,16,,active,0
CUST-10167,2024-01-19,basic,10.98,23,0,18,,active,0
CUST-10168,2024-01-16,standard,35.46,23,0,10,,active,0
CUST-10169,2024-01-19,basic,12.73,23,3,21,price,closed,1
CUST-10170,2024-01-17,basic,12.22,23,3,6,missing features,closed,1
CUST-10171,2024-01-18,premium,97.77,23,0,18,,active,0
CUST-10172,2024-01-17,basic,13.46,23,3,23,poor support,closed,1
CUST-10173,2024-01-16,basic,13.19,23,4,26,no longer needed,closed,1
CUST-10174,2024-01-19,basic,13.46,23,4,21,missing features,closed,1
CUST-10175,2024-01-18,standard,33.00,23,3,16,no longer needed,closed,1
CUST-10176,2024-01-19,basic,10.82,23,1,22,,active,0
CUST-10177,2024-01-19,basic,12.95,23,6,36,poor support,closed,1
CUST-10178,2024-01-17,standard,32.12,23,2,31,,active,0
CUST-10179,2024-01-19,basic,13.79,23,2,23,moved to competitor,closed,1
CUST-10180,2024-01-18,basic,13.41,23,1,15,,active,0
CUST-10181,2024-01-17,standard,34.46,23,2,10,no longer needed,closed,1
CUST-10182,2024-01-17,standard,36.62,23,0,2,,active,0
CUST-10183,2024-01-17,standard,39.10,23,1,17,,active,0
CUST-10184,2024-01-18,standard,34.97,23,0,5,,active,0
CUST-10185,2024-01-18,standard,32.31,23,1,5,,active,0
CUST-10186,2024-01-20,standard,33.51,23,1,0,,active,0
CUST-10187,2024-01-20,basic,13.71,23,0,18,,active,0
CUST-10188,2024-01-18,basic,10.96,23,5,29,missing features,closed,1
CUST-10189,2024-01-18,standard,34.88,23,0,18,,active,0
CUST-10190,2024-01-20,basic,11.96,23,0,26,,active,0
CUST-10191,2024-01-20,premium,88.33,23,2,7,,active,0
CUST-10192,2024-01-21,basic,11.74,23,6,39,missing features,closed,1
CUST-10193,2024-01-20,basic,13.17,23,0,7,,active,0
CUST-10194,2024-01-20,basic,12.71,23,5,30,missing features,closed,1
CUST-10195,2024-01-18,standard,36.20,23,1,3,,active,0
CUST-10196,2024-01-19,basic,13.65,23,4,22,moved to competitor,closed,1
CUST-10197,2024-01-19,basic,11.85,23,2,23,moved to competitor,closed,1
CUST-10198,2024-01-21,basic,11.30,23,1,23,,active,0
CUST-10199,2024-01-20,basic,11.33,23,2,26,,active,0
CUST-10200,2024-01-21,basic,12.10,23,1,25,,active,0
CUST-10201,2024-01-20,premium,82.87,23,2,5,,active,0
CUST-10202,2024-01-20,standard,35.41,23,0,17,,active,0
CUST-10203,2024-01-19,basic,11.05,23,0,24,,active,0
CUST-10204,2024-01-21,standard,37.10,23,1,16,,active,0
CUST-10205,2024-01-19,basic,13.44,23,6,33,poor support,closed,1
CUST-10206,2024-01-21,standard,40.12,23,0,15,,active,0
CUST-10207,2024-01-22,standard,35.93,23,0,27,,active,0
CUST-10208,2024-01-19,basic,11.88,23,1,34,,active,0
CUST-10209,2024-01-20,standard,37.85,23,1,12,,active,0
CUST-10210,2024-01-23,standard,37.40,23,2,18,,active,0
CUST-10211,2024-01-23,premium,85.31,23,0,19,,active,0
CUST-10212,2024-01-21,basic,10.94,23,3,23,no longer needed,closed,1
CUST-10213,2024-01-20,standard,32.12,23,2,18,,active,0
CUST-10214,2024-01-21,basic,13.69,23,1,9,,active,0
CUST-10215,2024-01-21,basic,12.23,23,0,35,,active,0
CUST-10216,2024-01-21,standard,37.48,23,0,23,,active,0
CUST-10217,2024-01-23,basic,11.14,23,0,38,,active,0
CUST-10218,2024-01-20,basic,13.07,23,3,32,price,closed,1
CUST-10219,2024-01-21,premium,101.99,23,1,2,,active,0
CUST-10220,2024-01-23,standard,33.36,23,0,21,,active,0
CUST-10221,2024-01-24,basic,13.22,23,5,33,no longer needed,closed,1
CUST-10222,2024-01-22,standard,32.05,23,3,12,,active,0
CUST-10223,2024-01-21,standard,34.67,23,1,23,,active,0
CUST-10224,2024-01-23,standard,32.76,23,0,2,,active,0
CUST-10225,2024-01-22,basic,12.11,23,4,21,no longer needed,closed,1
CUST-10226,2024-01-23,basic,12.70,23,5,31,missing features,closed,1
CUST-10227,2024-01-22,basic,12.50,23,2,21,,active,0
CUST-10228,2024-01-22,standard,39.49,23,2,15,,active,0
CUST-10229,2024-01-21,standard,35.08,23,0,17,,active,0
CUST-10230,2024-01-21,standard,37.22,23,1,28,no longer needed,closed,1
CUST-10231,2024-01-24,standard,33.17,23,0,20,,active,0
CUST-10232,2024-01-25,basic,12.20,23,2,15,,active,0
CUST-10233,2024-01-24,premium,95.52,23,1,13,,active,0
CUST-10234,2024-01-23,basic,11.75,23,3,36,missing features,closed,1
CUST-10235,2024-01-22,basic,13.57,23,5,36,poor support,closed,1
CUST-10236,2024-01-22,standard,39.64,23,0,19,,active,0
CUST-10237,2024-01-25,basic,13.16,23,1,33,,active,0
CUST-10238,2024-01-23,basic,13.15,23,2,15,,active,0
CUST-10239,2024-01-24,basic,11.20,23,2,41,price,closed,1
CUST-10240,2024-01-23,standard,38.25,23,2,12,,active,0
CUST-10241,2024-01-25,premium,97.46,23,3,28,moved to competitor,closed,1
CUST-10242,2024-01-24,basic,11.09,23,1,17,,active,0
CUST-10243,2024-01-25,basic,11.79,23,3,11,no longer needed,closed,1
CUST-10244,2024-01-26,basic,11.16,23,0,8,,active,0
CUST-10245,2024-01-23,basic,11.22,23,3,20,price,closed,1
CUST-10246,2024-01-23,premium,88.07,23,2,14,,active,0
CUST-10247,2024-01-24,premium,94.87,23,1,10,,active,0
CUST-10248,2024-01-26,basic,13.00,23,2,32,,active,0
CUST-10249,2024-01-24,basic,11.55,23,5,26,no longer needed,closed,1
CUST-10250,2024-01-24,basic,12.63,23,0,17,,active,0
CUST-10251,2024-01-26,basic,13.75,23,0,37,,active,0
CUST-10252,2024-01-25,standard,33.33,23,0,30,,active,0
CUST-10253,2024-01-25,standard,39.25,23,0,13,,active,0
CUST-10254,2024-01-27,basic,12.25,23,1,9,,active,0
CUST-10255,2024-01-27,basic,12.38,23,0,29,,active,0
CUST-10256,2024-01-26,standard,32.85,23,5,4,price,closed,1
CUST-10257,2024-01-24,basic,13.75,23,4,35,price,closed,1
CUST-10258,2024-01-25,premium,95.07,23,0,23,,active,0
CUST-10259,2024-01-27,standard,33.53,23,1,21,,active,0
CUST-10260,2024-01-25,basic,12.63,23,1,23,,active,0
CUST-10261,2024-01-24,basic,11.92,23,0,17,,active,0
CUST-10262,2024-01-25,standard,37.93,23,0,15,,active,0
CUST-10263,2024-01-24,basic,12.50,23,2,25,,active,0
CUST-10264,2024-01-27,basic,11.32,23,2,32,,active,0
CUST-10265,2024-01-28,basic,13.50,23,0,29,,active,0
CUST-10266,2024-01-27,basic,13.39,23,2,37,,active,0
CUST-10267,2024-01-26,premium,87.81,23,0,11,,active,0
CUST-10268,2024-01-27,premium,80.41,23,2,15,,active,0
CUST-10269,2024-01-26,standard,38.96,23,4,20,moved to competitor,closed,1
CUST-10270,2024-01-25,basic,11.62,23,2,20,,active,0
CUST-10271,2024-01-26,basic,13.47,23,0,23,,active,0
CUST-10272,2024-01-26,standard,37.42,23,1,5,,active,0
CUST-10273,2024-01-27,basic,10.94,23,4,37,moved to competitor,closed,1
CUST-10274,2024-01-28,basic,11.39,23,2,33,no longer needed,closed,1
CUST-10275,2024-01-28,standard,37.18,23,1,23,,active,0
CUST-10276,2024-01-28,basic,13.43,23,0,26,,active,0
CUST-10277,2024-01-28,standard,34.96,23,1,4,moved to competitor,closed,1
CUST-10278,2024-01-28,standard,35.68,23,1,11,moved to competitor,closed,1
CUST-10279,2024-01-27,basic,13.44,23,0,41,,active,0
CUST-10280,2024-01-29,premium,86.24,23,1,12,,active,0
CUST-10281,2024-01-27,basic,11.50,23,2,16,poor support,closed,1
CUST-10282,2024-01-26,standard,37.90,23,2,3,,active,0
CUST-10283,2024-01-27,standard,31.92,23,2,30,,active,0
CUST-10284,2024-01-26,basic,11.56,23,2,29,,active,0
CUST-10285,2024-01-29,basic,13.59,23,4,30,moved to competitor,closed,1
CUST-10286,2024-01-29,premium,81.84,23,1,16,,active,0
CUST-10287,2024-01-30,standard,37.68,23,0,17,,active,0
CUST-10288,2024-01-30,basic,11.43,23,1,29,,active,0
CUST-10289,2024-01-27,basic,12.35,23,4,31,price,closed,1
CUST-10290,2024-01-29,basic,12.99,23,3,49,price,closed,1
CUST-10291,2024-01-28,basic,11.18,23,1,27,,active,0
CUST-10292,2024-01-29,standard,36.04,23,1,11,,active,0
CUST-10293,2024-01-29,basic,11.94,23,3,26,missing features,closed,1
CUST-10294,2024-01-29,basic,12.17,23,0,25,,active,0
CUST-10295,2024-01-28,basic,13.61,23,6,22,no longer needed,closed,1
CUST-10296,2024-01-29,basic,11.53,23,2,28,,active,0
CUST-10297,2024-01-29,basic,11.04,23,4,34,missing features,closed,1
CUST-10298,2024-01-31,standard,34.73,23,2,7,,active,0
CUST-10299,2024-01-28,standard,36.64,23,1,20,,active,0
CUST-10300,2024-01-30,basic,11.59,23,6,20,poor support,closed,1
CUST-10301,2024-01-30,standard,31.58,23,2,13,,active,0
CUST-10302,2024-01-30,basic,12.28,23,2,31,no longer needed,closed,1
CUST-10303,2024-01-31,standard,32.59,23,7,6,poor support,closed,1
CUST-10304,2024-01-30,premium,85.49,23,1,22,,active,0
CUST-10305,2024-01-29,standard,34.17,23,1,0,,active,0
CUST-10306,2024-01-31,basic,11.61,23,3,15,price,closed,1
CUST-10307,2024-02-01,standard,34.77,23,2,18,,active,0
CUST-10308,2024-01-30,basic,11.38,23,3,40,poor support,closed,1
CUST-10309,2024-01-30,premium,93.64,23,1,1,,active,0
CUST-10310,2024-01-30,basic,11.80,23,4,36,no longer needed,closed,1
CUST-10311,2024-02-01,premium,98.71,23,0,17,,active,0
CUST-10312,2024-01-30,standard,34.50,23,0,15,,active,0
CUST-10313,2024-01-29,premium,84.28,23,0,2,,active,0
CUST-10314,2024-01-29,standard,34.13,23,1,9,,active,0
CUST-10315,2024-01-30,standard,34.46,23,2,4,,active,0
CUST-10316,2024-01-30,basic,13.48,23,4,36,poor support,closed,1
CUST-10317,2024-01-30,basic,11.71,23,2,24,no longer needed,closed,1
CUST-10318,2024-02-01,basic,11.32,23,4,31,,active,0
CUST-10319,2024-01-30,basic,12.81,23,1,32,price,closed,1
CUST-10320,2024-02-01,standard,33.10,23,1,19,,active,0
CUST-10321,2024-02-01,basic,13.73,23,0,9,,active,0
CUST-10322,2024-02-02,premium,100.99,23,0,6,,active,0
CUST-10323,2024-02-02,basic,11.39,23,1,25,,active,0
CUST-10324,2024-01-30,basic,11.72,23,4,32,no longer needed,closed,1
CUST-10325,2024-01-31,standard,39.78,23,0,16,,active,0
CUST-10326,2024-01-30,basic,11.60,23,0,22,,active,0
CUST-10327,2024-01-31,standard,35.01,23,1,15,,active,0
CUST-10328,2024-01-31,basic,12.07,23,3,5,,active,0
CUST-10329,2024-02-03,basic,10.96,23,4,19,missing features,closed,1
CUST-10330,2024-02-03,basic,12.74,23,1,21,,active,0
CUST-10331,2024-02-02,basic,12.57,23,4,26,no longer needed,closed,1
CUST-10332,2024-02-03,premium,91.62,23,2,37,,active,0
CUST-10333,2024-02-01,basic,12.23,23,2,28,price,closed,1
CUST-10334,2024-02-01,basic,11.56,23,4,32,price,closed,1
CUST-10335,2024-01-31,standard,39.74,23,0,22,,active,0
CUST-10336,2024-02-01,basic,11.68,23,2,25,,active,0
CUST-10337,2024-01-31,standard,39.55,23,3,34,,active,0
CUST-10338,2024-02-01,basic,11.58,23,2,12,missing features,closed,1
CUST-10339,2024-02-03,standard,35.98,23,0,9,,active,0
CUST-10340,2024-02-03,basic,11.94,23,4,25,missing features,closed,1
CUST-10341,2024-02-04,standard,34.99,23,1,1,,active,0
CUST-10342,2024-02-04,basic,12.30,23,0,21,,active,0
CUST-10343,2024-02-02,premium,92.85,23,0,28,,active,0
CUST-10344,2024-02-02,basic,10.81,23,1,24,,active,0
CUST-10345,2024-02-04,basic,12.02,23,4,24,price,closed,1
CUST-10346,2024-02-04,basic,12.70,23,2,24,,active,0
CUST-10347,2024-02-02,standard,31.66,23,2,0,,active,0
CUST-10348,2024-02-04,standard,35.96,23,2,10,,active,0
CUST-10349,2024-02-03,basic,12.94,23,1,22,,active,0
CUST-10350,2024-02-03,basic,12.80,23,5,39,no longer needed,closed,1
CUST-10351,2024-02-03,premium,80.25,23,4,29,moved to competitor,closed,1
CUST-10352,2024-02-05,standard,32.35,23,2,9,,active,0
CUST-10353,2024-02-03,standard,35.37,23,0,16,,active,0
CUST-10354,2024-02-05,standard,38.99,23,2,10,,active,0
CUST-10355,2024-02-03,standard,36.45,23,1,14,,active,0
CUST-10356,2024-02-04,standard,39.87,23,4,17,poor support,closed,1
CUST-10357,2024-02-04,basic,11.08,23,5,47,missing features,closed,1
CUST-10358,2024-02-05,standard,32.36,23,0,8,,active,0
CUST-10359,2024-02-04,standard,37.99,23,1,5,,active,0
CUST-10360,2024-02-04,standard,39.50,23,2,5,,active,0
CUST-10361,2024-02-04,basic,12.02,23,2,19,,active,0
CUST-10362,2024-02-03,standard,37.41,23,2,13,,active,0
CUST-10363,2024-02-06,standard,34.77,23,0,17,,active,0
CUST-10364,2024-02-03,premium,92.42,23,0,19,,active,0
CUST-10365,2024-02-05,basic,12.36,23,5,31,missing features,closed,1
CUST-10366,2024-02-06,basic,12.83,23,1,33,,active,0
CUST-10367,2024-02-06,standard,34.43,23,1,21,,active,0
CUST-10368,2024-02-05,standard,32.65,23,1,16,no longer needed,closed,1
CUST-10369,2024-02-06,basic,10.90,23,4,27,poor support,closed,1
CUST-10370,2024-02-04,standard,35.72,23,0,27,,active,0
CUST-10371,2024-02-03,basic,12.22,23,2,22,,active,0
CUST-10372,2024-02-03,basic,13.16,23,2,35,,active,0
CUST-10373,2024-02-05,basic,11.30,23,4,16,poor support,closed,1
CUST-10374,2024-02-04,basic,11.78,23,3,19,,active,0
CUST-10375,2024-02-06,premium,80.79,23,0,19,,active,0
CUST-10376,2024-02-04,standard,34.91,23,2,1,,active,0
CUST-10377,2024-02-04,standard,39.76,23,3,21,poor support,closed,1
CUST-10378,2024-02-07,premium,97.68,23,5,21,price,closed,1
CUST-10379,2024-02-05,basic,12.91,23,1,18,,active,0
CUST-10380,2024-02-07,basic,11.63,23,1,16,,active,0
CUST-10381,2024-02-05,standard,38.46,23,1,20,,active,0
CUST-10382,2024-02-07,basic,11.67,23,0,47,,active,0
CUST-10383,2024-02-04,basic,12.77,23,0,27,,active,0
CUST-10384,2024-02-05,basic,10.95,23,4,21,price,closed,1
CUST-10385,2024-02-08,standard,39.15,23,0,2,,active,0
CUST-10386,2024-02-07,standard,33.83,23,1,2,price,closed,1
CUST-10387,2024-02-06,basic,12.08,23,3,31,no longer needed,closed,1
CUST-10388,2024-02-07,basic,12.72,23,3,37,,active,0
CUST-10389,2024-02-06,basic,13.12,23,1,19,,active,0
CUST-10390,2024-02-06,standard,38.20,23,4,0,no longer needed,closed,1
CUST-10391,2024-02-06,basic,12.85,23,2,34,no longer needed,closed,1
CUST-10392,2024-02-07,basic,13.22,23,0,40,,active,0
CUST-10393,2024-02-08,standard,36.84,23,2,27,,active,0
CUST-10394,2024-02-05,basic,12.60,23,3,24,,active,0
CUST-10395,2024-02-06,basic,12.41,23,0,24,,active,0
CUST-10396,2024-02-08,standard,39.79,23,0,30,,active,0
CUST-10397,2024-02-09,standard,31.84,23,0,24,,active,0
CUST-10398,2024-02-06,basic,13.32,23,1,18,,active,0
CUST-10399,2024-02-08,premium,97.46,23,1,23,,active,0
CUST-10400,2024-02-09,premium,88.86,23,0,6,,active,0
CUST-10401,2024-02-09,basic,13.30,23,3,18,,active,0
CUST-10402,2024-02-07,basic,13.36,23,0,36,,active,0
CUST-10403,2024-02-08,standard,37.06,23,2,18,,active,0
CUST-10404,2024-02-08,premium,82.10,23,1,17,,active,0
CUST-10405,2024-02-07,standard,34.49,23,1,23,,active,0
CUST-10406,2024-02-07,basic,11.83,23,1,34,,active,0
CUST-10407,2024-02-08,basic,11.86,23,0,18,,active,0
CUST-10408,2024-02-07,basic,10.88,23,1,30,,active,0
CUST-10409,2024-02-07,standard,39.17,23,1,24,,active,0
CUST-10410,2024-02-07,standard,33.51,23,3,18,,active,0
CUST-10411,2024-02-10,standard,33.99,23,0,16,,active,0
CUST-10412,2024-02-09,basic,13.31,23,1,33,,active,0
CUST-10413,2024-02-07,premium,86.81,23,1,4,,active,0
CUST-10414,2024-02-07,premium,81.01,23,1,20,,active,0
CUST-10415,2024-02-07,basic,13.71,23,4,35,missing features,closed,1
CUST-10416,2024-02-10,basic,12.04,23,0,27,,active,0
CUST-10417,2024-02-08,basic,11.79,23,3,23,poor support,closed,1
CUST-10418,2024-02-09,basic,11.45,23,3,24,missing features,closed,1
CUST-10419,2024-02-08,basic,12.66,23,0,19,,active,0
CUST-10420,2024-02-09,basic,13.12,23,3,27,price,closed,1
CUST-10421,2024-02-11,standard,39.97,23,1,11,,active,0
CUST-10422,2024-02-09,standard,35.49,23,1,6,,active,0
CUST-10423,2024-02-10,standard,37.45,23,1,0,,active,0
CUST-10424,2024-02-10,standard,37.92,23,3,9,,active,0
CUST-10425,2024-02-10,standard,36.14,23,2,5,,active,0
CUST-10426,2024-02-09,basic,10.99,23,2,22,,active,0
CUST-10427,2024-02-09,basic,13.49,23,6,42,no longer needed,closed,1
CUST-10428,2024-02-11,basic,11.58,23,1,24,,active,0
CUST-10429,2024-02-09,standard,34.90,23,1,18,,active,0
CUST-10430,2024-02-09,standard,35.64,23,0,28,,active,0
CUST-10431,2024-02-10,basic,13.22,23,3,27,no longer needed,closed,1
CUST-10432,2024-02-12,basic,13.77,22,1,21,,active,0
CUST-10433,2024-02-11,premium,82.78,23,2,22,,active,0
CUST-10434,2024-02-12,premium,86.97,22,2,9,moved to competitor,closed,1
CUST-10435,2024-02-11,standard,38.14,23,0,19,,active,0
CUST-10436,2024-02-11,standard,32.51,23,2,16,,active,0
CUST-10437,2024-02-11,basic,12.00,23,5,29,price,closed,1
CUST-10438,2024-02-12,standard,31.80,22,2,3,,active,0
CUST-10439,2024-02-10,premium,82.77,23,0,14,,active,0
CUST-10440,2024-02-13,basic,13.34,22,2,35,,active,0
CUST-10441,2024-02-13,standard,40.11,22,0,3,,active,0
CUST-10442,2024-02-13,standard,39.71,22,0,21,,active,0
CUST-10443,2024-02-10,basic,12.72,23,6,20,poor support,closed,1
CUST-10444,2024-02-10,basic,12.13,23,3,22,,active,0
CUST-10445,2024-02-11,basic,11.47,23,0,18,,active,0
CUST-10446,2024-02-12,basic,11.40,22,0,4,,active,0
CUST-10447,2024-02-13,standard,35.76,22,0,9,,active,0
CUST-10448,2024-02-10,standard,36.88,23,4,22,poor support,closed,1
CUST-10449,2024-02-11,standard,32.19,23,0,16,,active,0
CUST-10450,2024-02-11,standard,33.69,23,2,1,,active,0
CUST-10451,2024-02-14,basic,11.43,22,0,30,,active,0
CUST-10452,2024-02-13,basic,11.30,22,4,37,no longer needed,closed,1
CUST-10453,2024-02-14,standard,40.12,22,1,21,,active,0
CUST-10454,2024-02-12,standard,37.83,22,0,25,,active,0
CUST-10455,2024-02-12,premium,83.88,22,0,15,,active,0
CUST-10456,2024-02-11,premium,80.99,23,0,16,,active,0
CUST-10457,2024-02-12,basic,13.19,22,6,33,no longer needed,closed,1
CUST-10458,2024-02-13,standard,38.98,22,4,20,moved to competitor,closed,1
CUST-10459,2024-02-14,standard,32.78,22,0,9,,active,0
CUST-10460,2024-02-13,basic,12.31,22,0,29,,active,0
CUST-10461,2024-02-12,basic,11.27,22,4,20,missing features,closed,1
CUST-10462,2024-02-15,premium,90.11,22,5,16,no longer needed,closed,1
CUST-10463,2024-02-15,premium,97.11,22,3,16,price,closed,1
CUST-10464,2024-02-15,basic,13.67,22,1,24,,active,0
CUST-10465,2024-02-12,basic,13.80,22,1,36,,active,0
CUST-10466,2024-02-14,basic,10.90,22,0,37,,active,0
CUST-10467,2024-02-15,premium,95.36,22,1,9,,active,0
CUST-10468,2024-02-15,standard,39.96,22,1,23,poor support,closed,1
CUST-10469,2024-02-15,standard,38.19,22,2,19,,active,0
CUST-10470,2024-02-15,basic,11.61,22,2,37,,active,0
CUST-10471,2024-02-12,premium,98.95,22,1,23,,active,0
CUST-10472,2024-02-16,premium,82.24,22,0,16,,active,0
CUST-10473,2024-02-14,standard,37.24,22,0,12,,active,0
CUST-10474,2024-02-16,basic,13.11,22,5,15,price,closed,1
CUST-10475,2024-02-14,basic,12.19,22,5,36,no longer needed,closed,1
CUST-10476,2024-02-13,standard,34.01,22,3,25,,active,0
CUST-10477,2024-02-14,basic,11.11,22,3,27,poor support,closed,1
CUST-10478,2024-02-14,standard,34.47,22,2,27,,active,0
CUST-10479,2024-02-14,basic,11.62,22,0,19,,active,0
CUST-10480,2024-02-16,standard,38.99,22,0,10,,active,0
CUST-10481,2024-02-16,standard,34.20,22,0,8,,active,0
CUST-10482,2024-02-15,premium,91.27,22,1,13,,active,0
CUST-10483,2024-02-14,basic,11.57,22,0,33,,active,0
CUST-10484,2024-02-15,standard,34.16,22,2,5,,active,0
CUST-10485,2024-02-17,standard,39.44,22,1,23,,active,0
CUST-10486,2024-02-16,standard,34.53,22,5,4,moved to competitor,closed,1
CUST-10487,2024-02-14,standard,32.76,22,0,1,,active,0
CUST-10488,2024-02-15,standard,36.49,22,1,7,,active,0
CUST-10489,2024-02-14,premium,97.41,22,6,8,price,closed,1
CUST-10490,2024-02-15,standard,37.38,22,0,10,,active,0
CUST-10491,2024-02-15,standard,36.76,22,1,19,no longer needed,closed,1
CUST-10492,2024-02-14,standard,38.31,22,3,29,,active,0
CUST-10493,2024-02-14,basic,13.37,22,0,30,,active,0
CUST-10494,2024-02-16,premium,96.91,22,2,8,,active,0
CUST-10495,2024-02-15,basic,12.90,22,5,23,moved to competitor,closed,1
CUST-10496,2024-02-16,standard,35.33,22,1,19,,active,0
CUST-10497,2024-02-16,basic,11.32,22,0,32,,active,0
CUST-10498,2024-02-15,basic,13.30,22,1,35,,active,0
CUST-10499,2024-02-17,premium,94.36,22,1,9,,active,0
CUST-10500,2024-02-15,standard,38.55,22,1,32,,active,0
CUST-10501,2024-02-18,standard,35.49,22,1,0,,active,0
CUST-10502,2024-02-17,standard,37.23,22,1,18,,active,0
CUST-10503,2024-02-18,basic,11.56,22,2,11,,active,0
CUST-10504,2024-02-18,premium,82.72,22,0,21,,active,0
CUST-10505,2024-02-16,standard,37.09,22,2,27,,active,0
CUST-10506,2024-02-18,basic,11.32,22,2,25,,active,0
CUST-10507,2024-02-16,standard,34.35,22,0,0,,active,0
CUST-10508,2024-02-18,premium,101.20,22,2,25,,active,0
CUST-10509,2024-02-16,standard,36.17,22,2,4,no longer needed,closed,1
CUST-10510,2024-02-17,standard,35.58,22,0,27,,active,0
CUST-10511,2024-02-18,standard,34.11,22,3,6,,active,0
CUST-10512,2024-02-18,standard,38.02,22,1,0,,active,0
CUST-10513,2024-02-16,standard,32.62,22,0,8,,active,0
CUST-10514,2024-02-18,standard,35.65,22,0,2,,active,0
CUST-10515,2024-02-19,standard,31.82,22,1,11,,active,0
CUST-10516,2024-02-18,basic,13.01,22,2,14,missing features,closed,1
CUST-10517,2024-02-18,premium,84.28,22,1,19,,active,0
CUST-10518,2024-02-20,basic,12.72,22,0,25,,active,0
CUST-10519,2024-02-19,premium,98.90,22,4,0,no longer needed,closed,1
CUST-10520,2024-02-17,premium,81.96,22,0,11,,active,0
CUST-10521,2024-02-19,basic,11.94,22,0,28,,active,0
CUST-10522,2024-02-20,basic,12.57,22,1,15,,active,0
CUST-10523,2024-02-17,standard,36.20,22,4,10,price,closed,1
CUST-10524,2024-02-20,basic,11.74,22,1,24,no longer needed,closed,1
CUST-10525,2024-02-17,standard,34.15,22,0,3,,active,0
CUST-10526,2024-02-19,premium,98.24,22,0,19,,active,0
CUST-10527,2024-02-20,standard,36.12,22,1,33,,active,0
CUST-10528,2024-02-20,basic,13.36,22,1,30,,active,0
CUST-10529,2024-02-20,basic,12.49,22,0,22,,active,0
CUST-10530,2024-02-20,basic,13.77,22,4,6,moved to competitor,closed,1
CUST-10531,2024-02-18,basic,11.50,22,0,31,,active,0
CUST-10532,2024-02-18,basic,11.70,22,4,28,poor support,closed,1
CUST-10533,2024-02-18,premium,98.68,22,3,18,missing features,closed,1
CUST-10534,2024-02-18,basic,10.86,22,0,42,,active,0
CUST-10535,2024-02-20,standard,34.42,22,1,8,,active,0
CUST-10536,2024-02-18,premium,82.56,22,4,19,no longer needed,closed,1
CUST-10537,2024-02-20,basic,11.88,22,1,22,,active,0
CUST-10538,2024-02-19,basic,12.79,22,1,27,,active,0
CUST-10539,2024-02-22,standard,38.44,22,6,28,price,closed,1
CUST-10540,2024-02-19,basic,13.63,22,0,16,,active,0
CUST-10541,2024-02-21,basic,12.47,22,4,36,poor support,closed,1
CUST-10542,2024-02-19,standard,37.87,22,1,5,,active,0
CUST-10543,2024-02-20,basic,12.85,22,1,18,,active,0
CUST-10544,2024-02-19,standard,34.00,22,0,2,,active,0
CUST-10545,2024-02-21,standard,39.50,22,5,15,poor support,closed,1
CUST-10546,2024-02-21,premium,92.95,22,2,20,,active,0
CUST-10547,2024-02-19,basic,11.50,22,3,23,,active,0
CUST-10548,2024-02-23,basic,13.48,22,1,28,,active,0
CUST-10549,2024-02-22,basic,11.16,22,0,14,,active,0
CUST-10550,2024-02-23,premium,89.64,22,1,32,,active,0
CUST-10551,2024-02-21,basic,11.36,22,0,25,,active,0
CUST-10552,2024-02-20,standard,38.28,22,1,19,,active,0
CUST-10553,2024-02-21,premium,91.61,22,0,25,,active,0
CUST-10554,2024-02-22,standard,34.66,22,0,0,,active,0
CUST-10555,2024-02-20,basic,13.67,22,1,17,,active,0
CUST-10556,2024-02-21,standard,39.52,22,0,3,,active,0
CUST-10557,2024-02-22,standard,35.60,22,1,0,,active,0
CUST-10558,2024-02-21,basic,12.13,22,4,28,poor support,closed,1
CUST-10559,2024-02-22,standard,37.91,22,1,17,,active,0
CUST-10560,2024-02-21,basic,12.52,22,3,17,moved to competitor,closed,1
CUST-10561,2024-02-23,basic,13.60,22,1,19,,active,0
CUST-10562,2024-02-21,premium,96.47,22,1,8,,active,0
CUST-10563,2024-02-24,basic,13.58,22,1,6,price,closed,1
CUST-10564,2024-02-22,basic,11.05,22,0,37,,active,0
CUST-10565,2024-02-22,basic,12.94,22,2,30,,active,0
CUST-10566,2024-02-21,premium,84.90,22,1,19,price,closed,1
CUST-10567,2024-02-24,standard,39.20,22,2,28,moved to competitor,closed,1
CUST-10568,2024-02-22,basic,12.53,22,5,40,poor support,closed,1
CUST-10569,2024-02-21,standard,38.83,22,4,27,poor support,closed,1
CUST-10570,2024-02-22,premium,89.92,22,2,34,,active,0
CUST-10571,2024-02-25,basic,10.88,22,0,20,,active,0
CUST-10572,2024-02-22,basic,13.41,22,3,41,missing features,closed,1
CUST-10573,2024-02-25,standard,38.55,22,0,27,,active,0
CUST-10574,2024-02-22,basic,12.76,22,4,38,missing features,closed,1
CUST-10575,2024-02-22,basic,11.27,22,2,19,price,closed,1
CUST-10576,2024-02-23,standard,37.12,22,0,16,,active,0
CUST-10577,2024-02-24,basic,13.01,22,5,33,moved to competitor,closed,1
CUST-10578,2024-02-22,standard,31.95,22,0,19,,active,0
CUST-10579,2024-02-24,basic,13.28,22,0,22,,active,0
CUST-10580,2024-02-22,standard,40.22,22,2,9,,active,0
CUST-10581,2024-02-25,basic,11.02,22,2,21,,active,0
CUST-10582,2024-02-25,premium,82.21,22,0,9,,active,0
CUST-10583,2024-02-23,basic,12.15,22,1,30,,active,0
CUST-10584,2024-02-26,standard,37.20,22,1,7,,active,0
CUST-10585,2024-02-23,premium,100.60,22,0,21,,active,0
CUST-10586,2024-02-24,standard,32.29,22,1,17,,active,0
CUST-10587,2024-02-25,premium,90.59,22,0,7,,active,0
CUST-10588,2024-02-24,standard,39.68,22,3,9,missing features,closed,1
CUST-10589,2024-02-25,standard,36.43,22,1,8,,active,0
CUST-10590,2024-02-26,basic,12.74,22,2,26,missing features,closed,1
CUST-10591,2024-02-23,basic,13.70,22,4,19,price,closed,1
CUST-10592,2024-02-26,standard,34.28,22,3,29,poor support,closed,1
CUST-10593,2024-02-27,basic,12.73,22,1,23,,active,0
CUST-10594,2024-02-27,standard,35.97,22,1,5,,active,0
CUST-10595,2024-02-27,basic,11.28,22,3,21,,active,0
CUST-10596,2024-02-26,standard,36.59,22,2,0,price,closed,1
CUST-10597,2024-02-27,basic,12.04,22,1,11,poor support,closed,1
CUST-10598,2024-02-27,basic,13.01,22,1,29,,active,0
CUST-10599,2024-02-25,basic,12.52,22,2,33,price,closed,1
CUST-10600,2024-02-26,basic,12.65,22,2,26,missing features,closed,1
CUST-10601,2024-02-27,basic,10.85,22,1,25,,active,0
CUST-10602,2024-02-25,basic,12.79,22,1,13,,active,0
CUST-10603,2024-02-28,basic,11.37,22,3,23,no longer needed,closed,1
CUST-10604,2024-02-28,standard,32.10,22,0,15,,active,0
CUST-10605,2024-02-27,standard,37.62,22,1,17,poor support,closed,1
CUST-10606,2024-02-26,standard,38.31,22,2,16,,active,0
CUST-10607,2024-02-26,standard,37.11,22,2,8,poor support,closed,1
CUST-10608,2024-02-27,basic,11.09,22,1,14,poor support,closed,1
CUST-10609,2024-02-27,premium,101.67,22,0,9,,active,0
CUST-10610,2024-02-25,standard,34.75,22,0,2,,active,0
CUST-10611,2024-02-25,standard,36.33,22,2,10,,active,0
CUST-10612,2024-02-25,premium,88.24,22,0,19,,active,0
CUST-10613,2024-02-27,basic,13.56,22,0,36,,active,0
CUST-10614,2024-02-29,premium,98.48,22,0,9,,active,0
CUST-10615,2024-02-27,basic,11.35,22,0,43,,active,0
CUST-10616,2024-02-28,premium,86.89,22,1,25,,active,0
CUST-10617,2024-02-29,standard,36.05,22,0,10,,active,0
CUST-10618,2024-02-28,basic,12.10,22,3,38,price,closed,1
CUST-10619,2024-02-26,standard,32.00,22,4,1,moved to competitor,closed,1
CUST-10620,2024-02-28,premium,82.22,22,0,21,,active,0
CUST-10621,2024-02-28,standard,33.00,22,1,22,,active,0
CUST-10622,2024-02-28,standard,32.71,22,0,6,,active,0
CUST-10623,2024-02-29,standard,37.37,22,1,14,,active,0
CUST-10624,2024-02-28,standard,33.70,22,1,5,,active,0
CUST-10625,2024-03-01,standard,36.92,22,4,10,no longer needed,closed,1
CUST-10626,2024-02-29,basic,11.38,22,1,23,,active,0
CUST-10627,2024-02-27,standard,38.20,22,5,10,moved to competitor,closed,1
CUST-10628,2024-02-29,basic,12.65,22,4,46,poor support,closed,1
CUST-10629,2024-02-29,standard,33.22,22,0,19,,active,0
CUST-10630,2024-02-27,basic,13.57,22,3,26,moved to competitor,closed,1
CUST-10631,2024-02-27,standard,35.65,22,1,5,moved to competitor,closed,1
CUST-10632,2024-02-29,basic,11.34,22,1,19,,active,0
CUST-10633,2024-02-28,standard,33.16,22,1,11,,active,0
CUST-10634,2024-03-01,standard,39.73,22,1,15,price,closed,1
CUST-10635,2024-02-28,standard,34.31,22,0,18,,active,0
CUST-10636,2024-03-02,premium,85.39,22,0,6,,active,0
CUST-10637,2024-03-02,premium,101.18,22,0,3,,active,0
CUST-10638,2024-03-01,standard,32.03,22,1,14,,active,0
CUST-10639,2024-03-02,standard,35.80,22,0,2,,active,0
CUST-10640,2024-02-29,standard,33.71,22,0,7,,active,0
CUST-10641,2024-03-01,basic,13.24,22,2,17,poor support,closed,1
CUST-10642,2024-02-29,standard,36.10,22,2,9,no longer needed,closed,1
CUST-10643,2024-03-02,standard,35.87,22,1,12,price,closed,1
CUST-10644,2024-02-28,standard,33.87,22,0,5,,active,0
CUST-10645,2024-03-01,premium,84.03,22,2,26,,active,0
CUST-10646,2024-03-02,basic,12.18,22,1,25,,active,0
CUST-10647,2024-03-02,basic,11.83,22,1,29,,active,0
CUST-10648,2024-03-03,basic,13.25,22,1,33,,active,0
CUST-10649,2024-02-29,standard,33.04,22,0,22,,active,0
CUST-10650,2024-03-01,premium,94.99,22,0,26,,active,0
CUST-10651,2024-03-03,standard,38.25,22,1,19,,active,0
CUST-10652,2024-03-02,basic,11.19,22,1,16,,active,0
CUST-10653,2024-02-29,standard,32.91,22,1,12,,active,0
CUST-10654,2024-02-29,standard,32.75,22,4,33,missing features,closed,1
CUST-10655,2024-03-01,standard,31.64,22,0,23,,active,0
CUST-10656,2024-03-02,basic,12.73,22,1,29,,active,0
CUST-10657,2024-02-29,basic,11.17,22,1,25,,active,0
CUST-10658,2024-03-02,premium,84.21,22,3,0,,active,0
CUST-10659,2024-03-03,standard,33.57,22,1,17,,active,0
CUST-10660,2024-03-01,premium,89.53,22,2,17,,active,0
CUST-10661,2024-03-02,standard,35.20,22,1,0,,active,0
CUST-10662,2024-03-01,basic,10.94,22,1,18,,active,0
CUST-10663,2024-03-01,basic,11.57,22,1,21,,active,0
CUST-10664,2024-03-02,standard,38.04,22,2,18,,active,0
CUST-10665,2024-03-04,basic,12.64,22,5,14,no longer needed,closed,1
CUST-10666,2024-03-01,basic,13.01,22,3,29,no longer needed,closed,1
CUST-10667,2024-03-03,standard,40.10,22,0,7,,active,0
CUST-10668,2024-03-01,basic,11.81,22,2,27,no longer needed,closed,1
CUST-10669,2024-03-02,standard,34.05,22,1,8,,active,0
CUST-10670,2024-03-05,standard,34.65,22,0,17,,active,0
CUST-10671,2024-03-03,standard,37.46,22,4,17,no longer needed,closed,1
CUST-10672,2024-03-02,premium,90.47,22,2,16,,active,0
CUST-10673,2024-03-05,standard,40.09,22,0,15,,active,0
CUST-10674,2024-03-02,premium,87.97,22,0,1,,active,0
CUST-10675,2024-03-03,standard,36.49,22,0,16,,active,0
CUST-10676,2024-03-03,standard,38.78,22,0,18,,active,0
CUST-10677,2024-03-04,standard,39.98,22,0,6,,active,0
CUST-10678,2024-03-03,basic,13.62,22,0,21,,active,0
CUST-10679,2024-03-05,basic,13.19,22,0,36,,active,0
CUST-10680,2024-03-05,basic,13.42,22,1,21,,active,0
CUST-10681,2024-03-06,basic,11.19,22,0,33,,active,0
CUST-10682,2024-03-06,basic,10.86,22,2,38,,active,0
CUST-10683,2024-03-04,basic,13.45,22,0,24,,active,0
CUST-10684,2024-03-05,basic,12.34,22,1,1,,active,0
CUST-10685,2024-03-03,basic,12.48,22,2,23,,active,0
CUST-10686,2024-03-04,basic,12.18,22,4,19,missing features,closed,1
CUST-10687,2024-03-06,premium,90.16,22,1,18,,active,0
CUST-10688,2024-03-05,basic,12.48,22,1,27,,active,0
CUST-10689,2024-03-03,standard,32.58,22,1,15,,active,0
CUST-10690,2024-03-03,premium,94.90,22,0,14,,active,0
CUST-10691,2024-03-07,premium,100.21,22,2,18,,active,0
CUST-10692,2024-03-07,standard,39.96,22,1,23,,active,0
CUST-10693,2024-03-05,basic,11.66,22,0,21,,active,0
CUST-10694,2024-03-07,standard,35.02,22,0,26,,active,0
CUST-10695,2024-03-07,standard,38.58,22,1,18,,active,0
CUST-10696,2024-03-05,standard,37.89,22,0,17,,active,0
CUST-10697,2024-03-06,premium,92.14,22,2,20,missing features,closed,1
CUST-10698,2024-03-06,basic,13.10,22,4,30,poor support,closed,1
CUST-10699,2024-03-07,standard,34.70,22,0,16,,active,0
CUST-10700,2024-03-06,basic,11.40,22,2,36,no longer needed,closed,1
CUST-10701,2024-03-05,basic,11.28,22,5,25,poor support,closed,1
CUST-10702,2024-03-08,basic,12.82,22,0,21,,active,0
CUST-10703,2024-03-05,basic,13.59,22,0,24,,active,0
CUST-10704,2024-03-08,standard,37.61,22,6,34,no longer needed,closed,1
CUST-10705,2024-03-06,premium,95.63,22,0,29,,active,0
CUST-10706,2024-03-06,standard,39.80,22,2,18,,active,0
CUST-10707,2024-03-08,standard,39.50,22,1,0,,active,0
CUST-10708,2024-03-05,basic,12.29,22,0,18,,active,0
CUST-10709,2024-03-08,basic,11.98,22,4,16,price,closed,1
CUST-10710,2024-03-06,basic,12.75,22,0,25,,active,0
CUST-10711,2024-03-08,basic,12.94,22,0,34,,active,0
CUST-10712,2024-03-08,standard,36.27,22,2,18,,active,0
CUST-10713,2024-03-07,basic,13.09,22,2,20,,active,0
CUST-10714,2024-03-07,standard,33.01,22,1,11,,active,0
CUST-10715,2024-03-08,basic,10.89,22,2,29,price,closed,1
CUST-10716,2024-03-09,basic,13.20,22,0,31,,active,0
CUST-10717,2024-03-07,standard,36.99,22,0,15,,active,0
CUST-10718,2024-03-07,basic,13.66,22,2,33,no longer needed,closed,1
CUST-10719,2024-03-07,premium,100.67,22,0,0,,active,0
CUST-10720,2024-03-09,standard,39.83,22,0,13,,active,0
CUST-10721,2024-03-08,premium,98.47,22,1,4,,active,0
CUST-10722,2024-03-08,standard,38.62,22,1,6,,active,0
CUST-10723,2024-03-06,standard,36.84,22,0,14,,active,0
CUST-10724,2024-03-10,basic,11.79,22,2,39,no longer needed,closed,1
CUST-10725,2024-03-08,standard,34.54,22,3,24,,active,0
CUST-10726,2024-03-07,premium,101.57,22,0,16,,active,0
CUST-10727,2024-03-09,basic,12.76,22,1,35,,active,0
CUST-10728,2024-03-10,standard,38.81,22,1,14,,active,0
CUST-10729,2024-03-07,standard,36.96,22,1,15,,active,0
CUST-10730,2024-03-09,standard,37.86,22,2,0,missing features,closed,1
CUST-10731,2024-03-07,standard,37.44,22,0,12,,active,0
CUST-10732,2024-03-10,standard,34.97,22,1,23,,active,0
CUST-10733,2024-03-09,premium,95.25,22,2,19,,active,0
CUST-10734,2024-03-09,basic,13.21,22,3,30,,active,0
CUST-10735,2024-03-11,standard,34.71,22,0,16,,active,0
CUST-10736,2024-03-10,standard,33.81,22,0,7,,active,0
CUST-10737,2024-03-08,basic,12.45,22,2,16,,active,0
CUST-10738,2024-03-10,standard,39.15,22,0,24,,active,0
CUST-10739,2024-03-11,basic,12.40,22,1,22,,active,0
CUST-10740,2024-03-08,premium,90.25,22,2,16,,active,0
CUST-10741,2024-03-10,basic,12.38,22,6,48,poor support,closed,1
CUST-10742,2024-03-10,basic,12.92,22,0,30,,active,0
CUST-10743,2024-03-11,standard,35.16,22,3,28,no longer needed,closed,1
CUST-10744,2024-03-11,standard,38.32,22,2,39,,active,0
CUST-10745,2024-03-10,standard,38.32,22,1,16,,active,0
CUST-10746,2024-03-11,basic,13.80,22,2,17,missing features,closed,1
CUST-10747,2024-03-10,basic,10.91,22,0,22,,active,0
CUST-10748,2024-03-10,standard,39.95,22,0,1,,active,0
CUST-10749,2024-03-10,basic,12.51,22,5,24,poor support,closed,1
CUST-10750,2024-03-10,basic,11.66,22,1,21,,active,0
CUST-10751,2024-03-12,standard,32.51,22,0,15,,active,0
CUST-10752,2024-03-10,premium,99.85,22,0,9,,active,0
CUST-10753,2024-03-09,basic,13.61,22,1,35,price,closed,1
CUST-10754,2024-03-12,basic,12.82,22,3,39,no longer needed,closed,1
CUST-10755,2024-03-09,standard,37.40,22,0,12,,active,0
CUST-10756,2024-03-10,premium,81.74,22,1,23,,active,0
CUST-10757,2024-03-12,basic,13.79,22,0,25,,active,0
CUST-10758,2024-03-13,standard,33.37,21,1,20,,active,0
CUST-10759,2024-03-12,basic,11.98,22,4,30,price,closed,1
CUST-10760,2024-03-10,standard,31.75,22,0,4,,active,0
CUST-10761,2024-03-13,premium,83.19,21,0,25,,active,0
CUST-10762,2024-03-10,standard,38.74,22,3,27,,active,0
CUST-10763,2024-03-11,basic,12.50,22,1,32,,active,0
CUST-10764,2024-03-11,basic,13.63,22,1,28,,active,0
CUST-10765,2024-03-11,basic,12.55,22,4,38,no longer needed,closed,1
CUST-10766,2024-03-11,basic,13.70,22,3,26,price,closed,1
CUST-10767,2024-03-12,standard,37.44,22,0,28,,active,0
CUST-10768,2024-03-14,standard,36.18,21,0,21,,active,0
CUST-10769,2024-03-12,basic,12.32,22,3,15,,active,0
CUST-10770,2024-03-13,basic,11.80,21,2,22,,active,0
CUST-10771,2024-03-11,standard,34.69,22,2,12,,active,0
CUST-10772,2024-03-13,premium,89.43,21,0,21,,active,0
CUST-10773,2024-03-13,standard,36.30,21,1,0,,active,0
CUST-10774,2024-03-11,standard,38.24,22,0,12,,active,0
CUST-10775,2024-03-13,basic,13.13,21,0,16,,active,0
CUST-10776,2024-03-13,standard,38.15,21,0,26,,active,0
CUST-10777,2024-03-11,basic,12.10,22,0,25,,active,0
CUST-10778,2024-03-13,standard,32.41,21,0,1,,active,0
CUST-10779,2024-03-15,basic,11.57,21,2,28,poor support,closed,1
CUST-10780,2024-03-12,standard,33.86,22,5,8,moved to competitor,closed,1
CUST-10781,2024-03-15,basic,11.22,21,0,35,,active,0
CUST-10782,2024-03-12,standard,36.24,22,3,30,poor support,closed,1
CUST-10783,2024-03-15,standard,32.38,21,1,6,,active,0
CUST-10784,2024-03-12,basic,13.58,22,1,17,,active,0
CUST-10785,2024-03-15,premium,93.02,21,1,4,,active,0
CUST-10786,2024-03-12,basic,12.72,22,3,27,moved to competitor,closed,1
CUST-10787,2024-03-12,premium,100.86,22,3,18,,active,0
CUST-10788,2024-03-12,standard,35.40,22,1,10,,active,0
CUST-10789,2024-03-13,premium,90.16,21,2,10,,active,0
CUST-10790,2024-03-16,premium,89.31,21,1,14,,active,0
CUST-10791,2024-03-14,basic,12.99,21,4,20,price,closed,1
CUST-10792,2024-03-13,standard,34.85,21,0,9,,active,0
CUST-10793,2024-03-15,premium,101.66,21,3,25,poor support,closed,1
CUST-10794,2024-03-16,basic,12.67,21,0,21,,active,0
CUST-10795,2024-03-15,basic,13.73,21,5,26,no longer needed,closed,1
CUST-10796,2024-03-13,standard,37.03,21,1,22,,active,0
CUST-10797,2024-03-13,standard,37.37,21,0,20,,active,0
CUST-10798,2024-03-15,standard,38.27,21,5,21,moved to competitor,closed,1
CUST-10799,2024-03-15,standard,39.20,21,0,11,,active,0
CUST-10800,2024-03-17,standard,39.48,21,3,11,moved to competitor,closed,1
CUST-10801,2024-03-16,basic,12.23,21,0,21,,active,0
CUST-10802,2024-03-16,basic,13.69,21,0,29,,active,0
CUST-10803,2024-03-17,basic,11.49,21,1,27,,active,0
CUST-10804,2024-03-14,standard,32.36,21,1,21,,active,0
CUST-10805,2024-03-15,basic,12.10,21,1,25,,active,0
CUST-10806,2024-03-14,basic,13.51,21,2,26,moved to competitor,closed,1
CUST-10807,2024-03-14,standard,35.00,21,1,21,,active,0
CUST-10808,2024-03-15,standard,35.02,21,0,12,,active,0
CUST-10809,2024-03-14,basic,12.66,21,1,17,,active,0
CUST-10810,2024-03-16,standard,33.58,21,0,22,,active,0
CUST-10811,2024-03-17,basic,11.94,21,1,26,no longer needed,closed,1
CUST-10812,2024-03-16,basic,10.93,21,2,41,no longer needed,closed,1
CUST-10813,2024-03-15,standard,38.27,21,0,21,,active,0
CUST-10814,2024-03-15,standard,36.61,21,0,17,,active,0
CUST-10815,2024-03-15,standard,39.64,21,1,0,,active,0
CUST-10816,2024-03-15,basic,13.78,21,3,29,missing features,closed,1
CUST-10817,2024-03-17,basic,11.95,21,1,25,,active,0
CUST-10818,2024-03-18,basic,13.54,21,4,23,missing features,closed,1
CUST-10819,2024-03-15,standard,36.07,21,2,19,,active,0
CUST-10820,2024-03-17,standard,38.20,21,2,33,,active,0
CUST-10821,2024-03-16,premium,99.14,21,1,9,,active,0
CUST-10822,2024-03-17,basic,12.40,21,1,22,,active,0
CUST-10823,2024-03-16,basic,11.81,21,1,20,,active,0
CUST-10824,2024-03-16,standard,37.50,21,1,5,,active,0
CUST-10825,2024-03-16,standard,36.64,21,1,11,,active,0
CUST-10826,2024-03-17,premium,97.07,21,0,0,,active,0
CUST-10827,2024-03-16,standard,32.00,21,1,28,,active,0
CUST-10828,2024-03-18,standard,38.68,21,3,0,,active,0
CUST-10829,2024-03-16,standard,38.21,21,1,10,,active,0
CUST-10830,2024-03-17,standard,34.53,21,0,33,,active,0
CUST-10831,2024-03-19,standard,38.52,21,0,14,,active,0
CUST-10832,2024-03-16,basic,11.46,21,4,27,,active,0
CUST-10833,2024-03-20,basic,12.60,21,4,20,moved to competitor,closed,1
CUST-10834,2024-03-19,standard,40.10,21,0,12,,active,0
CUST-10835,2024-03-18,standard,34.33,21,3,29,missing features,closed,1
CUST-10836,2024-03-17,standard,37.37,21,3,13,poor support,closed,1
CUST-10837,2024-03-20,basic,11.29,21,1,24,,active,0
CUST-10838,2024-03-18,premium,100.74,21,1,22,,active,0
CUST-10839,2024-03-17,basic,13.07,21,4,35,missing features,closed,1
CUST-10840,2024-03-20,basic,12.84,21,5,22,price,closed,1
CUST-10841,2024-03-18,premium,93.25,21,2,19,,active,0
CUST-10842,2024-03-18,basic,12.95,21,0,26,,active,0
CUST-10843,2024-03-18,standard,39.32,21,1,16,,active,0
CUST-10844,2024-03-18,basic,12.37,21,2,32,,active,0
CUST-10845,2024-03-21,standard,35.88,21,0,15,,active,0
CUST-10846,2024-03-21,standard,33.25,21,1,26,,active,0
CUST-10847,2024-03-20,basic,11.98,21,4,18,price,closed,1
CUST-10848,2024-03-20,basic,12.23,21,4,28,moved to competitor,closed,1
CUST-10849,2024-03-20,standard,38.50,21,0,21,,active,0
CUST-10850,2024-03-18,standard,32.74,21,1,10,,active,0
CUST-10851,2024-03-18,standard,37.08,21,2,9,,active,0
CUST-10852,2024-03-18,basic,13.63,21,0,28,,active,0
CUST-10853,2024-03-20,basic,13.72,21,0,33,,active,0
CUST-10854,2024-03-20,premium,100.90,21,1,16,,active,0
CUST-10855,2024-03-20,premium,89.05,21,3,4,poor support,closed,1
CUST-10856,2024-03-22,standard,39.99,21,2,9,,active,0
CUST-10857,2024-03-19,basic,13.21,21,0,40,,active,0
CUST-10858,2024-03-21,basic,11.29,21,3,31,moved to competitor,closed,1
CUST-10859,2024-03-21,basic,12.00,21,0,12,,active,0
CUST-10860,2024-03-21,basic,10.95,21,5,29,poor support,closed,1
CUST-10861,2024-03-21,basic,11.73,21,1,39,,active,0
CUST-10862,2024-03-20,basic,11.61,21,0,12,,active,0
CUST-10863,2024-03-19,premium,94.68,21,4,8,no longer needed,closed,1
CUST-10864,2024-03-22,standard,38.10,21,1,5,,active,0
CUST-10865,2024-03-21,premium,93.67,21,1,5,,active,0
CUST-10866,2024-03-20,basic,10.87,21,3,20,poor support,closed,1
CUST-10867,2024-03-23,standard,32.88,21,0,15,,active,0
CUST-10868,2024-03-23,premium,98.82,21,2,2,,active,0
CUST-10869,2024-03-21,standard,34.19,21,1,15,,active,0
CUST-10870,2024-03-22,basic,12.41,21,3,16,poor support,closed,1
CUST-10871,2024-03-20,basic,11.72,21,2,11,,active,0
CUST-10872,2024-03-23,basic,11.98,21,0,34,,active,0
CUST-10873,2024-03-21,basic,12.05,21,2,30,,active,0
CUST-10874,2024-03-21,basic,12.42,21,2,35,,active,0
CUST-10875,2024-03-21,premium,83.41,21,0,8,,active,0
CUST-10876,2024-03-22,standard,37.35,21,0,15,,active,0
CUST-10877,2024-03-23,standard,37.53,21,4,20,moved to competitor,closed,1
CUST-10878,2024-03-24,premium,91.20,21,2,19,moved to competitor,closed,1
CUST-10879,2024-03-24,basic,12.85,21,0,28,,active,0
CUST-10880,2024-03-23,standard,35.82,21,1,28,,active,0
CUST-10881,2024-03-24,basic,11.70,21,0,26,,active,0
CUST-10882,2024-03-22,basic,13.22,21,3,34,missing features,closed,1
CUST-10883,2024-03-22,basic,13.22,21,1,18,,active,0
CUST-10884,2024-03-24,premium,102.28,21,0,17,,active,0
CUST-10885,2024-03-23,standard,37.60,21,1,22,,active,0
CUST-10886,2024-03-21,basic,12.92,21,0,18,,active,0
CUST-10887,2024-03-23,standard,38.62,21,1,21,,active,0
CUST-10888,2024-03-24,standard,37.12,21,1,17,,active,0
CUST-10889,2024-03-23,standard,37.57,21,0,13,,active,0
CUST-10890,2024-03-25,basic,12.95,21,1,32,,active,0
CUST-10891,2024-03-22,basic,11.79,21,1,34,price,closed,1
CUST-10892,2024-03-22,basic,12.79,21,2,20,,active,0
CUST-10893,2024-03-25,standard,31.70,21,2,17,,active,0
CUST-10894,2024-03-24,premium,93.40,21,1,15,,active,0
CUST-10895,2024-03-25,standard,39.41,21,1,12,,active,0
CUST-10896,2024-03-22,standard,31.85,21,2,29,,active,0
CUST-10897,2024-03-22,premium,89.87,21,1,17,,active,0
CUST-10898,2024-03-23,basic,12.77,21,1,4,,active,0
CUST-10899,2024-03-24,premium,81.23,21,2,13,,active,0
CUST-10900,2024-03-26,standard,34.68,21,0,33,,active,0
CUST-10901,2024-03-24,standard,35.39,21,0,2,,active,0
CUST-10902,2024-03-24,standard,38.39,21,0,8,,active,0
CUST-10903,2024-03-24,standard,39.24,21,0,18,,active,0
CUST-10904,2024-03-25,standard,38.03,21,2,19,,active,0
CUST-10905,2024-03-23,premium,98.51,21,1,3,no longer needed,closed,1
CUST-10906,2024-03-26,basic,13.11,21,3,20,,active,0
CUST-10907,2024-03-25,premium,94.12,21,0,11,,active,0
CUST-10908,2024-03-23,basic,10.92,21,1,12,,active,0
CUST-10909,2024-03-26,standard,39.30,21,4,13,,active,0
CUST-10910,2024-03-24,basic,13.59,21,0,16,,active,0
CUST-10911,2024-03-25,basic,10.91,21,2,33,moved to competitor,closed,1
CUST-10912,2024-03-26,standard,35.26,21,1,14,,active,0
CUST-10913,2024-03-25,basic,12.49,21,4,29,poor support,closed,1
CUST-10914,2024-03-27,basic,11.43,21,2,19,,active,0
CUST-10915,2024-03-27,standard,33.85,21,0,13,,active,0
CUST-10916,2024-03-24,standard,36.55,21,0,13,,active,0
CUST-10917,2024-03-25,premium,98.57,21,1,17,,active,0
CUST-10918,2024-03-24,basic,11.32,21,1,36,price,closed,1
CUST-10919,2024-03-25,standard,32.39,21,0,13,,active,0
CUST-10920,2024-03-24,standard,36.25,21,0,10,,active,0
CUST-10921,2024-03-25,basic,13.61,21,0,21,,active,0
CUST-10922,2024-03-25,standard,33.58,21,1,6,,active,0
CUST-10923,2024-03-25,basic,12.92,21,1,21,,active,0
CUST-10924,2024-03-28,basic,12.40,21,3,16,missing features,closed,1
CUST-10925,2024-03-26,standard,34.70,21,1,6,,active,0
CUST-10926,2024-03-25,premium,90.67,21,1,20,,active,0
CUST-10927,2024-03-28,premium,98.70,21,2,9,,active,0
CUST-10928,2024-03-25,basic,12.88,21,6,18,missing features,closed,1
CUST-10929,2024-03-26,premium,88.82,21,0,10,,active,0
CUST-10930,2024-03-28,basic,13.59,21,7,33,price,closed,1
CUST-10931,2024-03-27,basic,11.82,21,1,18,,active,0
CUST-10932,2024-03-26,basic,12.41,21,2,17,,active,0
CUST-10933,2024-03-27,basic,11.15,21,2,5,,active,0
CUST-10934,2024-03-29,premium,94.32,21,1,12,,active,0
CUST-10935,2024-03-27,standard,32.15,21,0,27,,active,0
CUST-10936,2024-03-29,basic,11.93,21,4,19,missing features,closed,1
CUST-10937,2024-03-27,basic,12.00,21,1,25,no longer needed,closed,1
CUST-10938,2024-03-29,premium,84.29,21,1,25,,active,0
CUST-10939,2024-03-29,standard,37.08,21,1,19,,active,0
CUST-10940,2024-03-26,basic,13.00,21,2,38,missing features,closed,1
CUST-10941,2024-03-29,standard,37.62,21,4,24,price,closed,1
CUST-10942,2024-03-27,standard,33.11,21,0,12,,active,0
CUST-10943,2024-03-27,standard,32.87,21,0,0,,active,0
CUST-10944,2024-03-30,standard,32.40,21,1,16,,active,0
CUST-10945,2024-03-27,basic,12.99,21,2,40,missing features,closed,1
CUST-10946,2024-03-29,basic,11.67,21,3,35,moved to competitor,closed,1
CUST-10947,2024-03-27,premium,96.28,21,0,10,,active,0
CUST-10948,2024-03-27,standard,38.42,21,0,20,,active,0
CUST-10949,2024-03-28,basic,12.83,21,4,26,price,closed,1
CUST-10950,2024-03-28,premium,96.95,21,1,11,,active,0
CUST-10951,2024-03-27,basic,12.76,21,5,45,missing features,closed,1
CUST-10952,2024-03-29,basic,12.25,21,1,10,,active,0
CUST-10953,2024-03-29,basic,11.33,21,1,26,price,closed,1
CUST-10954,2024-03-29,basic,12.60,21,0,7,,active,0
CUST-10955,2024-03-28,premium,88.61,21,6,22,price,closed,1
CUST-10956,2024-03-28,basic,12.96,21,4,23,poor support,closed,1
CUST-10957,2024-03-29,premium,85.90,21,3,22,no longer needed,closed,1
CUST-10958,2024-03-31,standard,37.28,21,1,17,,active,0
CUST-10959,2024-03-28,basic,13.57,21,1,28,,active,0
CUST-10960,2024-03-30,standard,35.38,21,0,12,,active,0
CUST-10961,2024-03-28,standard,40.23,21,0,14,,active,0
CUST-10962,2024-03-31,basic,11.24,21,1,22,,active,0
CUST-10963,2024-03-30,standard,38.72,21,1,24,,active,0
CUST-10964,2024-03-31,standard,37.87,21,0,6,,active,0
CUST-10965,2024-03-30,basic,12.36,21,0,20,,active,0
CUST-10966,2024-03-31,standard,36.64,21,2,16,,active,0
CUST-10967,2024-03-31,standard,32.25,21,4,26,poor support,closed,1
CUST-10968,2024-03-31,basic,10.90,21,1,23,,active,0
CUST-10969,2024-03-29,standard,34.71,21,0,25,,active,0
CUST-10970,2024-03-31,standard,35.20,21,0,0,,active,0
CUST-10971,2024-03-30,premium,94.89,21,0,8,,active,0
CUST-10972,2024-03-30,basic,12.20,21,3,31,moved to competitor,closed,1
CUST-10973,2024-03-29,basic,11.70,21,1,16,,active,0
CUST-10974,2024-03-29,standard,33.78,21,1,10,,active,0
CUST-10975,2024-03-30,standard,34.09,21,0,21,,active,0
CUST-10976,2024-03-30,basic,12.62,21,2,24,,active,0
CUST-10977,2024-03-31,premium,100.84,21,3,17,poor support,closed,1
CUST-10978,2024-04-01,standard,35.63,21,1,3,,active,0
CUST-10979,2024-04-01,premium,86.29,21,2,31,,active,0
CUST-10980,2024-03-31,premium,92.49,21,1,23,,active,0
CUST-10981,2024-04-02,standard,34.90,21,4,2,missing features,closed,1
CUST-10982,2024-04-02,premium,83.23,21,0,33,,active,0
CUST-10983,2024-03-30,standard,34.81,21,0,9,,active,0
CUST-10984,2024-04-02,standard,33.95,21,1,2,,active,0
CUST-10985,2024-04-01,premium,93.84,21,2,23,,active,0
CUST-10986,2024-03-30,basic,12.00,21,5,29,no longer needed,closed,1
CUST-10987,2024-04-01,premium,85.13,21,0,15,,active,0
CUST-10988,2024-04-01,premium,84.90,21,0,20,,active,0
CUST-10989,2024-04-02,basic,11.98,21,1,24,,active,0
CUST-10990,2024-04-03,standard,33.14,21,3,6,price,closed,1
CUST-10991,2024-04-02,standard,32.90,21,1,24,,active,0
CUST-10992,2024-04-03,basic,10.88,21,3,14,price,closed,1
CUST-10993,2024-04-02,premium,82.65,21,1,16,,active,0
CUST-10994,2024-04-02,basic,12.09,21,4,34,poor support,closed,1
CUST-10995,2024-04-03,standard,34.29,21,4,8,,active,0
CUST-10996,2024-04-01,premium,85.00,21,1,25,,active,0
CUST-10997,2024-03-31,standard,39.95,21,3,25,,active,0
CUST-10998,2024-04-04,basic,13.66,21,2,22,,active,0
CUST-10999,2024-04-04,standard,36.49,21,2,19,price,closed,1
CUST-11000,2024-04-03,standard,33.16,21,0,11,,active,0
CUST-11001,2024-04-01,basic,13.15,21,0,30,,active,0
CUST-11002,2024-04-02,standard,35.41,21,1,4,,active,0
CUST-11003,2024-04-01,standard,32.77,21,1,13,,active,0
CUST-11004,2024-04-02,standard,39.89,21,2,21,,active,0
CUST-11005,2024-04-02,standard,33.79,21,2,15,,active,0
CUST-11006,2024-04-04,standard,38.07,21,1,14,,active,0
CUST-11007,2024-04-02,premium,81.81,21,2,1,,active,0
CUST-11008,2024-04-02,basic,12.67,21,3,41,no longer needed,closed,1
CUST-11009,2024-04-05,premium,91.95,21,0,4,,active,0
CUST-11010,2024-04-04,basic,11.81,21,0,39,,active,0
CUST-11011,2024-04-05,standard,37.91,21,4,30,poor support,closed,1
CUST-11012,2024-04-03,standard,32.74,21,0,2,,active,0
CUST-11013,2024-04-03,basic,11.54,21,1,19,no longer needed,closed,1
CUST-11014,2024-04-05,standard,31.82,21,2,17,,active,0
CUST-11015,2024-04-05,basic,11.39,21,0,24,,active,0
CUST-11016,2024-04-05,standard,36.76,21,2,2,,active,0
CUST-11017,2024-04-02,basic,12.19,21,1,28,missing features,closed,1
CUST-11018,2024-04-04,basic,11.40,21,2,33,,active,0
CUST-11019,2024-04-05,premium,88.05,21,2,21,,active,0
CUST-11020,2024-04-06,premium,96.26,21,2,11,,active,0
CUST-11021,2024-04-03,premium,96.52,21,0,0,,active,0
CUST-11022,2024-04-04,standard,39.04,21,2,3,,active,0
CUST-11023,2024-04-06,premium,101.44,21,3,15,poor support,closed,1
CUST-11024,2024-04-04,standard,40.07,21,0,24,,active,0
CUST-11025,2024-04-06,basic,12.84,21,3,27,missing features,closed,1
CUST-11026,2024-04-06,basic,12.50,21,4,22,price,closed,1
CUST-11027,2024-04-03,premium,85.45,21,0,0,,active,0
CUST-11028,2024-04-06,premium,92.02,21,0,11,,active,0
CUST-11029,2024-04-04,basic,12.33,21,4,26,moved to competitor,closed,1
CUST-11030,2024-04-05,standard,31.95,21,0,10,,active,0
CUST-11031,2024-04-05,basic,12.19,21,1,15,,active,0
CUST-11032,2024-04-04,basic,11.10,21,2,49,moved to competitor,closed,1
CUST-11033,2024-04-07,standard,35.59,21,4,0,missing features,closed,1
CUST-11034,2024-04-04,basic,11.05,21,3,34,moved to competitor,closed,1
CUST-11035,2024-04-07,basic,11.12,21,2,16,poor support,closed,1
CUST-11036,2024-04-06,standard,33.31,21,1,11,,active,0
CUST-11037,2024-04-04,basic,11.30,21,4,39,poor support,closed,1
CUST-11038,2024-04-05,standard,36.54,21,0,17,,active,0
CUST-11039,2024-04-07,standard,37.81,21,2,10,,active,0
CUST-11040,2024-04-05,basic,12.75,21,1,18,,active,0
CUST-11041,2024-04-07,basic,12.03,21,0,19,,active,0
CUST-11042,2024-04-07,premium,80.86,21,0,28,,active,0
CUST-11043,2024-04-07,basic,13.24,21,1,28,poor support,closed,1
CUST-11044,2024-04-05,basic,12.95,21,4,17,moved to competitor,closed,1
CUST-11045,2024-04-06,basic,11.24,21,1,23,,active,0
CUST-11046,2024-04-08,basic,12.61,21,2,27,,active,0
CUST-11047,2024-04-06,standard,32.14,21,1,25,,active,0
CUST-11048,2024-04-05,basic,11.38,21,5,41,price,closed,1
CUST-11049,2024-04-05,premium,99.73,21,2,15,,active,0
CUST-11050,2024-04-06,standard,37.10,21,0,12,,active,0
CUST-11051,2024-04-05,basic,12.27,21,0,7,,active,0
CUST-11052,2024-04-05,premium,90.30,21,6,25,moved to competitor,closed,1
CUST-11053,2024-04-09,basic,11.47,21,2,21,,active,0
CUST-11054,2024-04-09,standard,33.22,21,2,23,,active,0
CUST-11055,2024-04-09,standard,37.93,21,2,3,poor support,closed,1
CUST-11056,2024-04-09,basic,12.56,21,3,33,,active,0
CUST-11057,2024-04-08,standard,38.38,21,0,19,,active,0
CUST-11058,2024-04-06,standard,32.40,21,2,21,,active,0
CUST-11059,2024-04-06,premium,80.83,21,0,4,,active,0
CUST-11060,2024-04-07,standard,33.40,21,0,12,,active,0
CUST-11061,2024-04-09,premium,90.64,21,2,14,,active,0
CUST-11062,2024-04-06,standard,35.69,21,0,12,,active,0
CUST-11063,2024-04-07,premium,83.24,21,2,20,,active,0
CUST-11064,2024-04-10,basic,13.15,21,1,0,,active,0
CUST-11065,2024-04-09,basic,13.03,21,4,41,poor support,closed,1
CUST-11066,2024-04-10,basic,12.29,21,4,20,price,closed,1
CUST-11067,2024-04-07,premium,81.39,21,0,0,,active,0
CUST-11068,2024-04-07,premium,100.98,21,2,0,,active,0
CUST-11069,2024-04-07,basic,13.14,21,6,17,price,closed,1
CUST-11070,2024-04-08,premium,90.52,21,1,9,,active,0
CUST-11071,2024-04-09,standard,35.76,21,0,24,,active,0
CUST-11072,2024-04-10,basic,11.72,21,0,10,,active,0
CUST-11073,2024-04-10,premium,84.32,21,1,21,,active,0
CUST-11074,2024-04-10,premium,100.93,21,2,20,poor support,closed,1
CUST-11075,2024-04-10,standard,32.12,21,1,10,,active,0
CUST-11076,2024-04-10,basic,12.94,21,2,26,,active,0
CUST-11077,2024-04-08,standard,34.11,21,3,10,moved to competitor,closed,1
CUST-11078,2024-04-08,standard,36.94,21,1,15,price,closed,1
CUST-11079,2024-04-08,premium,92.93,21,1,7,,active,0
CUST-11080,2024-04-10,basic,11.83,21,1,15,,active,0
CUST-11081,2024-04-08,standard,39.15,21,2,21,,active,0
CUST-11082,2024-04-11,basic,11.41,21,3,29,missing features,closed,1
CUST-11083,2024-04-11,premium,97.04,21,1,2,price,closed,1
CUST-11084,2024-04-09,premium,95.25,21,1,19,,active,0
CUST-11085,2024-04-12,premium,83.69,20,1,0,,active,0
CUST-11086,2024-04-12,basic,12.93,20,0,28,,active,0
CUST-11087,2024-04-09,basic,11.53,21,1,29,,active,0
CUST-11088,2024-04-10,standard,38.22,21,2,19,,active,0
CUST-11089,2024-04-10,basic,12.70,21,0,16,,active,0
CUST-11090,2024-04-11,premium,101.11,21,0,4,,active,0
CUST-11091,2024-04-10,premium,89.88,21,1,19,,active,0
CUST-11092,2024-04-11,premium,85.54,21,2,28,no longer needed,closed,1
CUST-11093,2024-04-12,standard,32.45,20,3,13,,active,0
CUST-11094,2024-04-12,standard,36.19,20,3,1,,active,0
CUST-11095,2024-04-11,basic,11.88,21,0,30,,active,0
CUST-11096,2024-04-12,basic,11.90,20,0,25,,active,0
CUST-11097,2024-04-12,basic,12.52,20,1,37,,active,0
CUST-11098,2024-04-12,basic,11.57,20,2,39,no longer needed,closed,1
CUST-11099,2024-04-12,standard,35.16,20,1,8,,active,0
CUST-11100,2024-04-10,standard,35.96,21,3,6,price,closed,1
CUST-11101,2024-04-10,standard,39.03,21,0,13,,active,0
CUST-11102,2024-04-12,basic,13.14,20,3,40,,active,0
CUST-11103,2024-04-12,basic,12.45,20,1,30,,active,0
CUST-11104,2024-04-13,standard,38.90,20,0,23,,active,0
CUST-11105,2024-04-12,basic,12.38,20,1,16,,active,0
CUST-11106,2024-04-13,standard,37.69,20,5,3,no longer needed,closed,1
CUST-11107,2024-04-11,premium,87.98,21,2,5,,active,0
CUST-11108,2024-04-12,standard,39.31,20,4,9,moved to competitor,closed,1
CUST-11109,2024-04-11,basic,10.83,21,2,37,price,closed,1
CUST-11110,2024-04-12,basic,12.74,20,0,12,,active,0
CUST-11111,2024-04-13,basic,12.92,20,1,23,,active,0
CUST-11112,2024-04-11,premium,91.29,21,1,19,,active,0
CUST-11113,2024-04-14,standard,39.79,20,1,17,,active,0
CUST-11114,2024-04-14,basic,12.78,20,1,15,,active,0
CUST-11115,2024-04-12,basic,12.81,20,2,23,no longer needed,closed,1
CUST-11116,2024-04-11,basic,11.84,21,3,42,,active,0
CUST-11117,2024-04-12,standard,36.63,20,0,20,,active,0
CUST-11118,2024-04-12,basic,10.90,20,0,22,,active,0
CUST-11119,2024-04-12,standard,32.42,20,1,18,,active,0
CUST-11120,2024-04-15,standard,32.05,20,3,18,missing features,closed,1
CUST-11121,2024-04-14,basic,12.45,20,4,26,missing features,closed,1
CUST-11122,2024-04-13,standard,33.16,20,0,8,,active,0
CUST-11123,2024-04-14,standard,35.42,20,3,13,price,closed,1
CUST-11124,2024-04-12,standard,37.16,20,0,16,,active,0
CUST-11125,2024-04-13,basic,12.82,20,0,20,,active,0
CUST-11126,2024-04-13,basic,11.25,20,0,12,,active,0
CUST-11127,2024-04-15,premium,83.02,20,0,8,,active,0
CUST-11128,2024-04-13,standard,38.59,20,2,24,,active,0
CUST-11129,2024-04-16,basic,10.86,20,1,36,poor support,closed,1
CUST-11130,2024-04-14,standard,37.05,20,0,0,,active,0
CUST-11131,2024-04-16,standard,32.96,20,1,25,,active,0
CUST-11132,2024-04-13,standard,36.80,20,1,16,,active,0
CUST-11133,2024-04-16,premium,85.49,20,0,25,,active,0
CUST-11134,2024-04-14,standard,38.57,20,1,1,,active,0
CUST-11135,2024-04-13,standard,39.08,20,3,16,price,closed,1
CUST-11136,2024-04-16,basic,10.85,20,3,2,moved to competitor,closed,1
CUST-11137,2024-04-14,basic,13.25,20,2,13,,active,0
CUST-11138,2024-04-16,standard,36.38,20,1,17,,active,0
CUST-11139,2024-04-14,basic,12.59,20,0,31,,active,0
CUST-11140,2024-04-16,premium,84.90,20,1,13,,active,0
CUST-11141,2024-04-14,standard,35.65,20,5,12,moved to competitor,closed,1
CUST-11142,2024-04-15,basic,12.56,20,3,29,poor support,closed,1
CUST-11143,2024-04-16,basic,12.32,20,4,38,no longer needed,closed,1
CUST-11144,2024-04-14,premium,96.27,20,1,9,,active,0
CUST-11145,2024-04-15,basic,13.34,20,3,39,missing features,closed,1
CUST-11146,2024-04-14,basic,11.19,20,2,15,,active,0
CUST-11147,2024-04-17,basic,11.84,20,1,21,,active,0
CUST-11148,2024-04-17,standard,36.49,20,2,0,,active,0
CUST-11149,2024-04-17,premium,81.24,20,0,0,,active,0
CUST-11150,2024-04-17,basic,13.68,20,1,22,,active,0
CUST-11151,2024-04-16,standard,35.58,20,2,16,,active,0
CUST-11152,2024-04-16,standard,36.56,20,0,25,,active,0
CUST-11153,2024-04-15,standard,39.62,20,2,29,,active,0
CUST-11154,2024-04-17,standard,36.56,20,0,8,,active,0
CUST-11155,2024-04-15,basic,13.26,20,1,35,no longer needed,closed,1
CUST-11156,2024-04-16,premium,95.29,20,0,18,,active,0
CUST-11157,2024-04-18,basic,11.02,20,1,35,,active,0
CUST-11158,2024-04-18,standard,32.39,20,2,11,,active,0
CUST-11159,2024-04-15,basic,11.80,20,5,15,missing features,closed,1
CUST-11160,2024-04-15,basic,10.93,20,0,31,,active,0
CUST-11161,2024-04-18,premium,99.35,20,1,16,,active,0
CUST-11162,2024-04-19,basic,11.38,20,1,23,,active,0
CUST-11163,2024-04-18,basic,12.67,20,1,21,,active,0
CUST-11164,2024-04-18,premium,93.63,20,3,6,,active,0
CUST-11165,2024-04-18,basic,11.59,20,4,34,missing features,closed,1
CUST-11166,2024-04-18,basic,12.04,20,2,26,moved to competitor,closed,1
CUST-11167,2024-04-19,standard,37.06,20,4,9,moved to competitor,closed,1
CUST-11168,2024-04-18,standard,36.33,20,1,12,,active,0
CUST-11169,2024-04-17,basic,12.54,20,4,25,poor support,closed,1
CUST-11170,2024-04-17,premium,97.88,20,1,12,,active,0
CUST-11171,2024-04-18,basic,12.25,20,3,15,,active,0
CUST-11172,2024-04-19,basic,10.85,20,1,20,,active,0
CUST-11173,2024-04-19,premium,93.79,20,0,0,,active,0
CUST-11174,2024-04-18,standard,37.58,20,2,9,,active,0
CUST-11175,2024-04-19,basic,11.41,20,0,29,,active,0
CUST-11176,2024-04-17,basic,10.96,20,0,20,,active,0
CUST-11177,2024-04-17,basic,11.36,20,1,27,,active,0
CUST-11178,2024-04-19,standard,38.57,20,1,2,,active,0
CUST-11179,2024-04-17,standard,36.67,20,0,0,,active,0
CUST-11180,2024-04-18,standard,37.15,20,1,20,,active,0
CUST-11181,2024-04-17,basic,12.15,20,0,18,,active,0
CUST-11182,2024-04-17,standard,39.40,20,4,10,price,closed,1
CUST-11183,2024-04-19,standard,38.24,20,1,13,,active,0
CUST-11184,2024-04-19,standard,31.65,20,2,10,,active,0
CUST-11185,2024-04-21,premium,84.39,20,0,20,,active,0
CUST-11186,2024-04-18,standard,35.23,20,2,12,,active,0
CUST-11187,2024-04-19,basic,11.76,20,3,26,,active,0
CUST-11188,2024-04-18,basic,13.64,20,4,36,moved to competitor,closed,1
CUST-11189,2024-04-21,basic,13.71,20,1,22,,active,0
CUST-11190,2024-04-21,basic,12.54,20,2,35,,active,0
CUST-11191,2024-04-19,premium,101.91,20,3,26,missing features,closed,1
CUST-11192,2024-04-20,premium,92.65,20,1,8,,active,0
CUST-11193,2024-04-18,basic,11.21,20,1,9,,active,0
CUST-11194,2024-04-18,basic,12.48,20,0,35,,active,0
CUST-11195,2024-04-20,basic,11.07,20,0,26,,active,0
CUST-11196,2024-04-22,standard,37.12,20,0,16,,active,0
CUST-11197,2024-04-21,basic,13.08,20,1,13,,active,0
CUST-11198,2024-04-22,premium,89.99,20,0,2,,active,0
CUST-11199,2024-04-22,premium,94.82,20,1,12,,active,0
CUST-11200,2024-04-21,basic,12.86,20,0,31,,active,0
CUST-11201,2024-04-20,standard,38.60,20,1,13,,active,0
CUST-11202,2024-04-21,basic,11.56,20,6,22,moved to competitor,closed,1
CUST-11203,2024-04-21,basic,11.58,20,4,26,poor support,closed,1
CUST-11204,2024-04-22,basic,12.16,20,0,37,,active,0
CUST-11205,2024-04-19,basic,13.48,20,2,20,moved to competitor,closed,1
CUST-11206,2024-04-20,basic,11.95,20,2,29,poor support,closed,1
CUST-11207,2024-04-22,basic,12.35,20,0,25,,active,0
CUST-11208,2024-04-20,basic,13.50,20,0,42,,active,0
CUST-11209,2024-04-22,basic,12.69,20,0,14,,active,0
CUST-11210,2024-04-20,basic,11.49,20,1,23,,active,0
CUST-11211,2024-04-21,standard,37.80,20,1,9,,active,0
CUST-11212,2024-04-21,standard,35.62,20,2,23,,active,0
CUST-11213,2024-04-21,basic,13.16,20,2,33,price,closed,1
CUST-11214,2024-04-21,premium,101.60,20,2,13,,active,0
CUST-11215,2024-04-21,premium,81.41,20,1,8,,active,0
CUST-11216,2024-04-23,basic,11.81,20,4,24,no longer needed,closed,1
CUST-11217,2024-04-24,premium,83.41,20,0,15,,active,0
CUST-11218,2024-04-21,premium,98.86,20,3,13,price,closed,1
CUST-11219,2024-04-21,basic,13.05,20,4,37,poor support,closed,1
CUST-11220,2024-04-21,standard,37.55,20,0,20,,active,0
CUST-11221,2024-04-21,premium,86.95,20,6,18,price,closed,1
CUST-11222,2024-04-22,basic,12.70,20,1,33,,active,0
CUST-11223,2024-04-23,basic,11.77,20,5,39,moved to competitor,closed,1
CUST-11224,2024-04-22,basic,13.11,20,0,8,,active,0
CUST-11225,2024-04-23,standard,38.47,20,2,22,,active,0
CUST-11226,2024-04-24,basic,13.06,20,5,23,moved to competitor,closed,1
CUST-11227,2024-04-24,basic,10.99,20,0,31,,active,0
CUST-11228,2024-04-24,standard,38.82,20,3,17,no longer needed,closed,1
CUST-11229,2024-04-22,standard,36.88,20,0,18,,active,0
CUST-11230,2024-04-23,basic,12.53,20,1,20,,active,0
CUST-11231,2024-04-25,standard,35.83,20,1,20,,active,0
CUST-11232,2024-04-24,standard,37.48,20,1,19,,active,0
CUST-11233,2024-04-23,basic,11.42,20,0,13,,active,0
CUST-11234,2024-04-25,basic,11.29,20,4,41,no longer needed,closed,1
CUST-11235,2024-04-22,basic,13.01,20,1,25,,active,0
CUST-11236,2024-04-23,standard,33.39,20,1,7,,active,0
CUST-11237,2024-04-22,standard,34.80,20,0,0,,active,0
CUST-11238,2024-04-22,standard,36.65,20,1,14,,active,0
CUST-11239,2024-04-23,basic,12.57,20,2,27,,active,0
CUST-11240,2024-04-24,standard,36.52,20,1,11,,active,0
CUST-11241,2024-04-25,standard,38.05,20,5,9,missing features,closed,1
CUST-11242,2024-04-26,basic,10.83,20,3,30,,active,0
CUST-11243,2024-04-25,basic,11.69,20,3,27,missing features,closed,1
CUST-11244,2024-04-26,standard,32.34,20,1,3,,active,0
CUST-11245,2024-04-25,premium,87.75,20,3,29,moved to competitor,closed,1
CUST-11246,2024-04-25,standard,35.56,20,1,17,,active,0
CUST-11247,2024-04-23,basic,13.12,20,4,23,no longer needed,closed,1
CUST-11248,2024-04-25,premium,87.30,20,1,16,,active,0
CUST-11249,2024-04-24,standard,39.01,20,0,20,,active,0
CUST-11250,2024-04-26,standard,34.37,20,0,6,,active,0
CUST-11251,2024-04-26,premium,88.62,20,0,21,,active,0
CUST-11252,2024-04-24,basic,13.48,20,0,12,,active,0
CUST-11253,2024-04-25,basic,13.22,20,4,35,no longer needed,closed,1
CUST-11254,2024-04-26,premium,88.77,20,0,22,,active,0
CUST-11255,2024-04-26,basic,13.07,20,1,36,,active,0
CUST-11256,2024-04-27,standard,38.86,20,0,20,,active,0
CUST-11257,2024-04-27,standard,35.54,20,1,0,,active,0
CUST-11258,2024-04-24,premium,93.14,20,1,16,,active,0
CUST-11259,2024-04-26,standard,38.32,20,1,25,,active,0
CUST-11260,2024-04-26,basic,12.23,20,0,26,,active,0
CUST-11261,2024-04-25,standard,31.53,20,0,14,,active,0
CUST-11262,2024-04-27,premium,90.87,20,0,24,,active,0
CUST-11263,2024-04-28,premium,93.36,20,2,10,,active,0
CUST-11264,2024-04-28,basic,13.00,20,0,29,,active,0
CUST-11265,2024-04-25,standard,40.20,20,0,12,,active,0
CUST-11266,2024-04-26,basic,13.36,20,5,28,missing features,closed,1
CUST-11267,2024-04-28,standard,33.19,20,1,8,,active,0
CUST-11268,2024-04-25,premium,84.98,20,0,25,,active,0
CUST-11269,2024-04-26,basic,13.57,20,1,19,,active,0
CUST-11270,2024-04-28,basic,11.31,20,4,19,missing features,closed,1
CUST-11271,2024-04-27,basic,12.96,20,2,20,,active,0
CUST-11272,2024-04-29,standard,33.75,20,0,9,,active,0
CUST-11273,2024-04-27,basic,10.89,20,4,36,price,closed,1
CUST-11274,2024-04-27,standard,33.53,20,0,19,,active,0
CUST-11275,2024-04-26,basic,12.01,20,1,24,no longer needed,closed,1
CUST-11276,2024-04-27,standard,32.13,20,3,26,poor support,closed,1
CUST-11277,2024-04-26,premium,80.69,20,0,14,,active,0
CUST-11278,2024-04-27,premium,80.13,20,1,0,,active,0
CUST-11279,2024-04-26,basic,12.52,20,4,17,,active,0
CUST-11280,2024-04-27,basic,11.04,20,0,28,,active,0
CUST-11281,2024-04-27,standard,31.97,20,4,19,no longer needed,closed,1
CUST-11282,2024-04-29,basic,11.09,20,2,21,,active,0
CUST-11283,2024-04-29,standard,38.82,20,1,21,,active,0
CUST-11284,2024-04-30,basic,12.28,20,4,31,missing features,closed,1
CUST-11285,2024-04-30,basic,13.06,20,2,23,poor support,closed,1
CUST-11286,2024-04-27,standard,36.12,20,1,8,poor support,closed,1
CUST-11287,2024-04-30,standard,39.13,20,2,18,,active,0
CUST-11288,2024-04-27,standard,39.06,20,0,9,,active,0
CUST-11289,2024-04-30,standard,31.88,20,0,3,,active,0
CUST-11290,2024-04-29,basic,11.64,20,4,31,price,closed,1
CUST-11291,2024-04-30,basic,12.75,20,3,16,missing features,closed,1
CUST-11292,2024-04-30,standard,35.94,20,0,1,,active,0
CUST-11293,2024-04-30,standard,35.44,20,1,16,,active,0
CUST-11294,2024-04-29,basic,12.33,20,2,3,,active,0
CUST-11295,2024-04-29,basic,11.17,20,2,16,,active,0
CUST-11296,2024-05-01,basic,12.31,20,1,23,,active,0
CUST-11297,2024-04-28,basic,12.09,20,3,32,price,closed,1
CUST-11298,2024-04-29,premium,88.03,20,1,8,,active,0
CUST-11299,2024-04-29,basic,12.68,20,0,18,,active,0
CUST-11300,2024-04-30,basic,13.57,20,1,22,,active,0
CUST-11301,2024-05-01,basic,13.30,20,1,26,,active,0
CUST-11302,2024-04-30,standard,37.91,20,1,22,price,closed,1
CUST-11303,2024-05-01,premium,92.66,20,0,12,,active,0
CUST-11304,2024-04-30,basic,13.64,20,4,42,,active,0
CUST-11305,2024-04-30,standard,36.34,20,0,12,,active,0
CUST-11306,2024-04-30,premium,82.82,20,0,19,,active,0
CUST-11307,2024-04-29,basic,13.28,20,1,29,,active,0
CUST-11308,2024-05-02,standard,37.33,20,1,23,,active,0
CUST-11309,2024-04-29,premium,94.88,20,2,9,price,closed,1
CUST-11310,2024-04-30,standard,39.53,20,1,2,,active,0
CUST-11311,2024-04-29,premium,88.11,20,5,9,price,closed,1
CUST-11312,2024-05-01,standard,37.61,20,0,4,,active,0
CUST-11313,2024-05-02,basic,10.93,20,1,27,moved to competitor,closed,1
CUST-11314,2024-04-30,basic,11.27,20,4,29,moved to competitor,closed,1
CUST-11315,2024-05-01,premium,86.90,20,3,0,,active,0
CUST-11316,2024-04-30,standard,39.28,20,2,11,,active,0
CUST-11317,2024-05-03,basic,12.18,20,1,21,,active,0
CUST-11318,2024-05-01,basic,13.59,20,2,39,,active,0
CUST-11319,2024-05-02,basic,12.25,20,0,13,,active,0
CUST-11320,2024-05-03,premium,100.34,20,0,8,,active,0
CUST-11321,2024-04-30,standard,34.63,20,0,18,,active,0
CUST-11322,2024-05-01,standard,39.17,20,5,19,moved to competitor,closed,1
CUST-11323,2024-05-01,standard,37.60,20,5,23,poor support,closed,1
CUST-11324,2024-04-30,standard,33.49,20,1,4,,active,0
CUST-11325,2024-04-30,basic,13.05,20,1,23,,active,0
CUST-11326,2024-05-01,basic,11.22,20,1,17,,active,0
CUST-11327,2024-05-03,standard,32.78,20,1,23,,active,0
CUST-11328,2024-05-01,basic,12.67,20,2,22,,active,0
CUST-11329,2024-05-02,standard,36.90,20,1,5,,active,0
CUST-11330,2024-05-03,basic,11.13,20,1,23,,active,0
CUST-11331,2024-05-04,standard,34.23,20,1,17,,active,0
CUST-11332,2024-05-01,standard,32.16,20,1,14,,active,0
CUST-11333,2024-05-04,premium,83.95,20,0,24,,active,0
CUST-11334,2024-05-02,standard,32.79,20,3,14,missing features,closed,1
CUST-11335,2024-05-04,standard,34.78,20,1,22,price,closed,1
CUST-11336,2024-05-03,standard,35.27,20,1,15,,active,0
CUST-11337,2024-05-04,basic,11.18,20,0,15,,active,0
CUST-11338,2024-05-03,basic,12.44,20,2,24,,active,0
CUST-11339,2024-05-04,standard,32.89,20,2,19,,active,0
CUST-11340,2024-05-02,standard,34.19,20,0,28,,active,0
CUST-11341,2024-05-04,basic,11.77,20,1,22,,active,0
CUST-11342,2024-05-05,basic,12.99,20,3,35,price,closed,1
CUST-11343,2024-05-03,basic,11.68,20,1,27,missing features,closed,1
CUST-11344,2024-05-04,standard,32.71,20,5,28,price,closed,1
CUST-11345,2024-05-03,standard,35.61,20,1,8,missing features,closed,1
CUST-11346,2024-05-05,basic,11.12,20,1,25,no longer needed,closed,1
CUST-11347,2024-05-03,basic,12.40,20,0,17,,active,0
CUST-11348,2024-05-04,basic,13.49,20,3,17,no longer needed,closed,1
CUST-11349,2024-05-06,standard,32.42,20,0,15,,active,0
CUST-11350,2024-05-06,basic,11.56,20,1,19,,active,0
CUST-11351,2024-05-06,standard,38.03,20,0,0,,active,0
CUST-11352,2024-05-05,basic,11.93,20,1,25,,active,0
CUST-11353,2024-05-04,basic,13.03,20,4,35,missing features,closed,1
CUST-11354,2024-05-06,basic,11.79,20,4,28,missing features,closed,1
CUST-11355,2024-05-06,basic,12.71,20,1,19,,active,0
CUST-11356,2024-05-06,basic,12.59,20,1,36,,active,0
CUST-11357,2024-05-04,basic,12.47,20,4,26,moved to competitor,closed,1
CUST-11358,2024-05-05,standard,36.87,20,0,19,,active,0
CUST-11359,2024-05-06,basic,11.58,20,1,30,,active,0
CUST-11360,2024-05-07,basic,11.29,20,5,21,price,closed,1
CUST-11361,2024-05-04,basic,13.43,20,6,28,no longer needed,closed,1
CUST-11362,2024-05-04,standard,39.49,20,3,15,no longer needed,closed,1
CUST-11363,2024-05-06,basic,12.03,20,5,18,price,closed,1
CUST-11364,2024-05-05,standard,33.37,20,3,6,,active,0
CUST-11365,2024-05-07,premium,85.17,20,1,21,,active,0
CUST-11366,2024-05-05,basic,11.57,20,1,36,,active,0
CUST-11367,2024-05-04,basic,13.02,20,7,7,missing features,closed,1
CUST-11368,2024-05-04,premium,98.34,20,0,4,,active,0
CUST-11369,2024-05-07,standard,35.49,20,1,26,,active,0
CUST-11370,2024-05-07,standard,38.11,20,0,21,,active,0
CUST-11371,2024-05-06,basic,10.95,20,1,14,,active,0
CUST-11372,2024-05-07,premium,80.25,20,1,5,,active,0
CUST-11373,2024-05-08,standard,38.55,20,3,13,,active,0
CUST-11374,2024-05-08,standard,31.60,20,1,30,,active,0
CUST-11375,2024-05-08,basic,13.28,20,1,23,,active,0
CUST-11376,2024-05-08,premium,83.92,20,0,17,,active,0
CUST-11377,2024-05-05,basic,11.95,20,3,35,no longer needed,closed,1
CUST-11378,2024-05-07,standard,31.78,20,0,20,,active,0
CUST-11379,2024-05-07,premium,83.58,20,5,20,missing features,closed,1
CUST-11380,2024-05-08,basic,12.55,20,1,40,,active,0
CUST-11381,2024-05-07,basic,11.97,20,2,34,,active,0
CUST-11382,2024-05-07,standard,31.51,20,0,24,,active,0
CUST-11383,2024-05-08,basic,11.57,20,5,20,poor support,closed,1
CUST-11384,2024-05-07,basic,12.67,20,2,16,missing features,closed,1
CUST-11385,2024-05-06,standard,36.13,20,1,10,,active,0
CUST-11386,2024-05-09,standard,33.84,20,0,28,,active,0
CUST-11387,2024-05-07,standard,38.31,20,0,10,,active,0
CUST-11388,2024-05-06,standard,37.76,20,2,10,,active,0
CUST-11389,2024-05-09,standard,35.45,20,2,19,,active,0
CUST-11390,2024-05-06,standard,35.13,20,2,16,,active,0
CUST-11391,2024-05-09,standard,38.14,20,2,8,,active,0
CUST-11392,2024-05-10,premium,88.41,20,0,25,,active,0
CUST-11393,2024-05-08,basic,11.45,20,4,22,poor support,closed,1
CUST-11394,2024-05-07,basic,12.65,20,0,5,,active,0
CUST-11395,2024-05-10,basic,12.41,20,0,24,,active,0
CUST-11396,2024-05-08,basic,11.14,20,0,17,,active,0
CUST-11397,2024-05-09,standard,32.11,20,1,16,,active,0
CUST-11398,2024-05-07,basic,13.49,20,1,24,missing features,closed,1
CUST-11399,2024-05-09,standard,31.70,20,0,7,,active,0
CUST-11400,2024-05-07,basic,10.83,20,0,23,,active,0
CUST-11401,2024-05-10,basic,11.90,20,0,28,,active,0
CUST-11402,2024-05-10,basic,13.21,20,1,18,,active,0
CUST-11403,2024-05-09,standard,39.39,20,3,7,,active,0
CUST-11404,2024-05-10,standard,34.27,20,1,21,,active,0
CUST-11405,2024-05-11,basic,10.84,20,2,35,moved to competitor,closed,1
CUST-11406,2024-05-09,basic,11.96,20,4,23,no longer needed,closed,1
CUST-11407,2024-05-10,basic,12.87,20,2,17,price,closed,1
CUST-11408,2024-05-09,basic,11.24,20,1,14,,active,0
CUST-11409,2024-05-09,standard,39.20,20,0,19,,active,0
CUST-11410,2024-05-10,premium,101.48,20,2,17,,active,0
CUST-11411,2024-05-11,standard,34.75,20,0,24,,active,0
CUST-11412,2024-05-08,basic,12.42,20,3,28,poor support,closed,1
CUST-11413,2024-05-11,standard,33.51,20,1,19,moved to competitor,closed,1
CUST-11414,2024-05-09,standard,37.74,20,0,28,,active,0
CUST-11415,2024-05-09,standard,35.59,20,3,11,missing features,closed,1
CUST-11416,2024-05-11,standard,34.17,20,1,7,,active,0
CUST-11417,2024-05-09,basic,11.39,20,4,17,no longer needed,closed,1
CUST-11418,2024-05-10,standard,38.80,20,1,16,,active,0
CUST-11419,2024-05-09,standard,36.55,20,5,18,no longer needed,closed,1
CUST-11420,2024-05-12,basic,13.43,19,2,6,,active,0
CUST-11421,2024-05-09,premium,82.57,20,4,29,moved to competitor,closed,1
CUST-11422,2024-05-12,premium,85.14,19,0,19,,active,0
CUST-11423,2024-05-12,standard,34.09,19,5,7,moved to competitor,closed,1
CUST-11424,2024-05-09,standard,34.74,20,0,19,,active,0
CUST-11425,2024-05-10,standard,37.24,20,0,6,,active,0
CUST-11426,2024-05-12,standard,35.74,19,1,26,,active,0
CUST-11427,2024-05-10,standard,37.68,20,0,8,,active,0
CUST-11428,2024-05-11,basic,12.00,20,0,37,,active,0
CUST-11429,2024-05-10,standard,38.22,20,0,15,,active,0
CUST-11430,2024-05-10,basic,12.92,20,2,34,missing features,closed,1
CUST-11431,2024-05-11,standard,36.37,20,0,7,,active,0
CUST-11432,2024-05-11,standard,34.56,20,1,19,,active,0
CUST-11433,2024-05-10,standard,33.38,20,0,18,,active,0
CUST-11434,2024-05-12,premium,80.58,19,1,18,,active,0
CUST-11435,2024-05-10,basic,12.70,20,4,27,poor support,closed,1
CUST-11436,2024-05-13,basic,12.91,19,0,36,,active,0
CUST-11437,2024-05-14,basic,13.10,19,5,36,no longer needed,closed,1
CUST-11438,2024-05-11,premium,89.23,20,1,11,,active,0
CUST-11439,2024-05-12,standard,34.65,19,2,11,,active,0
CUST-11440,2024-05-14,basic,10.90,19,0,26,,active,0
CUST-11441,2024-05-13,standard,38.20,19,0,6,,active,0
CUST-11442,2024-05-14,standard,37.12,19,1,17,,active,0
CUST-11443,2024-05-13,standard,36.38,19,0,3,,active,0
CUST-11444,2024-05-14,standard,33.80,19,0,20,,active,0
CUST-11445,2024-05-14,premium,82.99,19,0,18,,active,0
CUST-11446,2024-05-13,standard,39.92,19,1,7,poor support,closed,1
CUST-11447,2024-05-14,basic,11.29,19,2,20,no longer needed,closed,1
CUST-11448,2024-05-15,premium,81.11,19,1,17,,active,0
CUST-11449,2024-05-13,basic,12.63,19,1,24,,active,0
CUST-11450,2024-05-13,standard,35.64,19,0,28,,active,0
CUST-11451,2024-05-13,basic,11.98,19,2,24,,active,0
CUST-11452,2024-05-13,basic,11.24,19,0,17,,active,0
CUST-11453,2024-05-14,standard,35.68,19,3,23,,active,0
CUST-11454,2024-05-12,premium,95.07,19,2,10,,active,0
CUST-11455,2024-05-14,standard,37.75,19,0,12,,active,0
CUST-11456,2024-05-14,basic,11.06,19,1,13,,active,0
CUST-11457,2024-05-13,basic,12.37,19,2,13,,active,0
CUST-11458,2024-05-16,basic,12.00,19,0,24,,active,0
CUST-11459,2024-05-13,basic,12.62,19,1,14,,active,0
CUST-11460,2024-05-16,standard,36.80,19,0,22,,active,0
CUST-11461,2024-05-15,basic,13.24,19,4,35,no longer needed,closed,1
CUST-11462,2024-05-14,standard,34.69,19,0,12,,active,0
CUST-11463,2024-05-16,standard,37.41,19,2,12,,active,0
CUST-11464,2024-05-14,premium,86.38,19,2,15,,active,0
CUST-11465,2024-05-16,standard,33.56,19,0,18,,active,0
CUST-11466,2024-05-14,standard,32.19,19,0,26,,active,0
CUST-11467,2024-05-15,standard,34.30,19,1,25,,active,0
CUST-11468,2024-05-13,standard,40.15,19,0,13,,active,0
CUST-11469,2024-05-16,basic,13.21,19,6,22,no longer needed,closed,1
CUST-11470,2024-05-14,basic,10.93,19,1,22,,active,0
CUST-11471,2024-05-15,basic,11.79,19,0,0,,active,0
CUST-11472,2024-05-14,basic,12.37,19,4,22,poor support,closed,1
CUST-11473,2024-05-17,basic,12.64,19,2,20,moved to competitor,closed,1
CUST-11474,2024-05-14,standard,35.01,19,4,14,price,closed,1
CUST-11475,2024-05-15,premium,81.33,19,0,15,,active,0
CUST-11476,2024-05-14,standard,32.98,19,1,35,,active,0
CUST-11477,2024-05-17,standard,34.12,19,0,25,,active,0
CUST-11478,2024-05-16,basic,10.83,19,5,30,price,closed,1
CUST-11479,2024-05-15,basic,11.64,19,5,35,missing features,closed,1
CUST-11480,2024-05-16,standard,33.03,19,0,13,,active,0
CUST-11481,2024-05-16,basic,13.60,19,0,38,,active,0
CUST-11482,2024-05-17,basic,13.45,19,4,15,moved to competitor,closed,1
CUST-11483,2024-05-16,standard,39.53,19,2,14,moved to competitor,closed,1
CUST-11484,2024-05-18,standard,37.88,19,2,40,,active,0
CUST-11485,2024-05-18,standard,32.82,19,0,7,,active,0
CUST-11486,2024-05-15,basic,11.66,19,2,19,,active,0
CUST-11487,2024-05-18,basic,12.39,19,0,24,,active,0
CUST-11488,2024-05-16,premium,81.72,19,0,26,,active,0
CUST-11489,2024-05-17,basic,12.66,19,2,22,price,closed,1
CUST-11490,2024-05-17,premium,96.63,19,1,13,,active,0
CUST-11491,2024-05-16,basic,12.05,19,3,28,poor support,closed,1
CUST-11492,2024-05-16,basic,12.58,19,4,34,missing features,closed,1
CUST-11493,2024-05-18,basic,13.34,19,0,43,,active,0
CUST-11494,2024-05-16,standard,31.78,19,0,15,,active,0
CUST-11495,2024-05-18,standard,33.31,19,1,13,,active,0
CUST-11496,2024-05-18,standard,32.93,19,2,14,,active,0
CUST-11497,2024-05-16,basic,12.26,19,2,18,,active,0
CUST-11498,2024-05-16,premium,80.83,19,2,33,price,closed,1
CUST-11499,2024-05-17,basic,12.96,19,1,11,,active,0
CUST-11500,2024-05-17,basic,13.02,19,4,20,missing features,closed,1
CUST-11501,2024-05-16,standard,36.72,19,2,21,,active,0
CUST-11502,2024-05-18,standard,36.72,19,1,4,,active,0
CUST-11503,2024-05-17,premium,80.18,19,1,9,,active,0
CUST-11504,2024-05-20,basic,13.56,19,2,25,,active,0
CUST-11505,2024-05-19,basic,11.17,19,2,17,,active,0
CUST-11506,2024-05-18,basic,11.59,19,1,23,,active,0
CUST-11507,2024-05-18,standard,31.93,19,0,15,,active,0
CUST-11508,2024-05-18,standard,34.97,19,0,9,,active,0
CUST-11509,2024-05-18,basic,11.61,19,3,23,,active,0
CUST-11510,2024-05-19,basic,12.97,19,4,32,moved to competitor,closed,1
CUST-11511,2024-05-18,standard,34.31,19,2,16,,active,0
CUST-11512,2024-05-20,basic,11.94,19,0,10,,active,0
CUST-11513,2024-05-19,standard,40.05,19,1,20,,active,0
CUST-11514,2024-05-18,standard,37.93,19,4,11,poor support,closed,1
CUST-11515,2024-05-20,basic,10.81,19,1,46,,active,0
CUST-11516,2024-05-18,premium,80.61,19,1,14,,active,0
CUST-11517,2024-05-20,basic,13.72,19,1,32,missing features,closed,1
CUST-11518,2024-05-18,standard,33.58,19,0,19,,active,0
CUST-11519,2024-05-20,standard,39.60,19,4,5,price,closed,1
CUST-11520,2024-05-19,basic,11.08,19,0,11,,active,0
CUST-11521,2024-05-18,basic,11.46,19,2,33,,active,0
CUST-11522,2024-05-19,premium,86.74,19,2,10,,active,0
CUST-11523,2024-05-21,standard,38.42,19,0,17,,active,0
CUST-11524,2024-05-21,basic,12.04,19,1,9,,active,0
CUST-11525,2024-05-20,standard,32.43,19,0,4,,active,0
CUST-11526,2024-05-21,basic,13.71,19,5,29,missing features,closed,1
CUST-11527,2024-05-22,basic,12.79,19,2,5,,active,0
CUST-11528,2024-05-19,basic,11.53,19,2,32,,active,0
CUST-11529,2024-05-19,standard,37.00,19,1,13,,active,0
CUST-11530,2024-05-22,basic,11.23,19,5,30,no longer needed,closed,1
CUST-11531,2024-05-21,standard,37.80,19,2,15,,active,0
CUST-11532,2024-05-21,standard,37.34,19,0,27,,active,0
CUST-11533,2024-05-19,standard,34.74,19,1,7,,active,0
CUST-11534,2024-05-21,premium,85.78,19,1,12,,active,0
CUST-11535,2024-05-21,standard,39.50,19,2,26,price,closed,1
CUST-11536,2024-05-20,basic,11.51,19,1,28,,active,0
CUST-11537,2024-05-20,standard,33.92,19,2,23,,active,0
CUST-11538,2024-05-20,basic,11.20,19,1,34,,active,0
CUST-11539,2024-05-23,standard,36.59,19,2,13,,active,0
CUST-11540,2024-05-20,basic,12.09,19,3,29,poor support,closed,1
CUST-11541,2024-05-21,standard,35.25,19,3,30,,active,0
CUST-11542,2024-05-20,basic,11.36,19,5,26,moved to competitor,closed,1
CUST-11543,2024-05-21,standard,32.19,19,1,1,,active,0
CUST-11544,2024-05-21,basic,11.48,19,4,39,missing features,closed,1
CUST-11545,2024-05-21,basic,12.28,19,4,16,missing features,closed,1
CUST-11546,2024-05-23,basic,12.03,19,0,27,,active,0
CUST-11547,2024-05-22,standard,37.71,19,4,27,missing features,closed,1
CUST-11548,2024-05-24,premium,82.87,19,3,20,price,closed,1
CUST-11549,2024-05-23,standard,39.00,19,0,12,,active,0
CUST-11550,2024-05-21,premium,102.34,19,0,12,,active,0
CUST-11551,2024-05-23,basic,11.28,19,3,22,missing features,closed,1
CUST-11552,2024-05-22,standard,39.30,19,1,9,,active,0
CUST-11553,2024-05-23,premium,100.68,19,2,20,,active,0
CUST-11554,2024-05-24,basic,12.32,19,1,24,,active,0
CUST-11555,2024-05-22,premium,84.16,19,0,18,,active,0
CUST-11556,2024-05-23,basic,12.58,19,2,18,price,closed,1
CUST-11557,2024-05-23,basic,13.17,19,4,24,poor support,closed,1
CUST-11558,2024-05-25,basic,13.43,19,1,24,,active,0
CUST-11559,2024-05-22,premium,99.85,19,1,20,,active,0
CUST-11560,2024-05-24,standard,32.01,19,0,19,,active,0
CUST-11561,2024-05-25,standard,36.19,19,2,0,,active,0
CUST-11562,2024-05-24,standard,34.42,19,0,4,,active,0
CUST-11563,2024-05-23,standard,32.06,19,2,12,,active,0
CUST-11564,2024-05-22,standard,37.90,19,0,26,,active,0
CUST-11565,2024-05-25,basic,11.19,19,2,13,,active,0
CUST-11566,2024-05-22,standard,34.79,19,0,11,,active,0
CUST-11567,2024-05-23,premium,88.97,19,0,12,,active,0
CUST-11568,2024-05-26,standard,38.61,19,2,10,,active,0
CUST-11569,2024-05-23,basic,12.73,19,1,35,,active,0
CUST-11570,2024-05-25,basic,12.74,19,1,15,,active,0
CUST-11571,2024-05-23,standard,35.80,19,0,13,,active,0
CUST-11572,2024-05-24,basic,13.35,19,2,28,price,closed,1
CUST-11573,2024-05-24,standard,37.35,19,0,11,,active,0
CUST-11574,2024-05-23,standard,32.34,19,3,21,,active,0
CUST-11575,2024-05-26,premium,101.22,19,2,19,,active,0
CUST-11576,2024-05-25,standard,39.18,19,2,5,,active,0
CUST-11577,2024-05-24,basic,12.12,19,2,32,,active,0
CUST-11578,2024-05-26,basic,11.49,19,0,38,,active,0
CUST-11579,2024-05-27,standard,32.46,19,0,11,,active,0
CUST-11580,2024-05-24,premium,102.04,19,1,23,,active,0
CUST-11581,2024-05-25,standard,37.19,19,0,8,,active,0
CUST-11582,2024-05-27,standard,39.15,19,2,12,,active,0
CUST-11583,2024-05-26,standard,35.58,19,1,2,,active,0
CUST-11584,2024-05-25,standard,32.80,19,1,11,,active,0
CUST-11585,2024-05-27,standard,32.59,19,4,0,poor support,closed,1
CUST-11586,2024-05-25,premium,85.92,19,0,8,,active,0
CUST-11587,2024-05-27,premium,83.22,19,1,23,,active,0
CUST-11588,2024-05-25,premium,100.14,19,1,4,,active,0
CUST-11589,2024-05-25,basic,12.26,19,3,35,poor support,closed,1
CUST-11590,2024-05-26,basic,11.98,19,3,32,moved to competitor,closed,1
CUST-11591,2024-05-25,premium,91.94,19,0,20,,active,0
CUST-11592,2024-05-26,standard,32.34,19,1,17,,active,0
CUST-11593,2024-05-27,standard,37.27,19,2,6,,active,0
CUST-11594,2024-05-27,basic,12.39,19,0,37,,active,0
CUST-11595,2024-05-26,standard,35.28,19,1,0,,active,0
CUST-11596,2024-05-26,premium,99.14,19,1,18,,active,0
CUST-11597,2024-05-28,basic,13.43,19,3,26,missing features,closed,1
CUST-11598,2024-05-27,basic,12.76,19,0,20,,active,0
CUST-11599,2024-05-25,basic,13.70,19,1,9,,active,0
CUST-11600,2024-05-29,premium,101.90,19,1,4,,active,0
CUST-11601,2024-05-27,basic,12.50,19,2,13,,active,0
CUST-11602,2024-05-29,basic,13.79,19,2,29,no longer needed,closed,1
CUST-11603,2024-05-26,basic,13.01,19,0,23,,active,0
CUST-11604,2024-05-27,standard,34.24,19,4,14,no longer needed,closed,1
CUST-11605,2024-05-29,basic,11.27,19,0,31,,active,0
CUST-11606,2024-05-26,standard,32.72,19,2,17,price,closed,1
CUST-11607,2024-05-29,premium,92.97,19,0,29,,active,0
CUST-11608,2024-05-27,basic,12.58,19,1,18,,active,0
CUST-11609,2024-05-29,standard,31.97,19,1,10,,active,0
CUST-11610,2024-05-27,standard,36.11,19,1,23,,active,0
CUST-11611,2024-05-28,standard,34.15,19,1,23,,active,0
CUST-11612,2024-05-28,standard,36.99,19,1,25,,active,0
CUST-11613,2024-05-29,premium,88.48,19,1,18,,active,0
CUST-11614,2024-05-30,premium,84.30,19,3,20,,active,0
CUST-11615,2024-05-30,standard,32.38,19,0,6,,active,0
CUST-11616,2024-05-27,premium,81.63,19,2,24,,active,0
CUST-11617,2024-05-29,standard,39.74,19,1,17,,active,0
CUST-11618,2024-05-30,basic,12.62,19,1,22,,active,0
CUST-11619,2024-05-27,standard,33.62,19,3,12,missing features,closed,1
CUST-11620,2024-05-30,basic,11.80,19,3,43,price,closed,1
CUST-11621,2024-05-27,premium,97.05,19,0,0,,active,0
CUST-11622,2024-05-31,standard,33.81,19,1,8,,active,0
CUST-11623,2024-05-28,premium,101.10,19,1,13,,active,0
CUST-11624,2024-05-28,premium,90.14,19,3,27,price,closed,1
CUST-11625,2024-05-30,basic,11.73,19,0,14,,active,0
CUST-11626,2024-05-28,basic,13.39,19,1,21,,active,0
CUST-11627,2024-05-28,basic,12.05,19,0,29,,active,0
CUST-11628,2024-05-28,basic,11.36,19,0,27,,active,0
CUST-11629,2024-05-28,standard,35.16,19,0,6,,active,0
CUST-11630,2024-05-29,basic,13.34,19,0,33,,active,0
CUST-11631,2024-05-28,premium,94.33,19,4,29,missing features,closed,1
CUST-11632,2024-05-30,basic,12.66,19,2,3,,active,0
CUST-11633,2024-05-31,standard,38.00,19,1,16,,active,0
CUST-11634,2024-05-29,basic,12.02,19,2,21,,active,0
CUST-11635,2024-05-31,basic,11.51,19,1,25,no longer needed,closed,1
CUST-11636,2024-05-30,basic,12.60,19,5,6,price,closed,1
CUST-11637,2024-05-30,basic,13.77,19,0,30,,active,0
CUST-11638,2024-05-31,basic,12.14,19,1,19,,active,0
CUST-11639,2024-05-29,premium,83.56,19,1,15,,active,0
CUST-11640,2024-05-30,premium,86.19,19,4,13,no longer needed,closed,1
CUST-11641,2024-06-01,standard,36.12,19,3,16,price,closed,1
CUST-11642,2024-06-01,basic,11.62,19,3,29,price,closed,1
CUST-11643,2024-05-31,basic,12.25,19,2,15,,active,0
CUST-11644,2024-06-02,basic,13.07,19,1,53,,active,0
CUST-11645,2024-06-01,basic,12.77,19,0,26,,active,0
CUST-11646,2024-06-01,standard,33.02,19,0,0,,active,0
CUST-11647,2024-05-30,standard,36.39,19,0,11,,active,0
CUST-11648,2024-06-01,basic,13.28,19,0,19,,active,0
CUST-11649,2024-05-30,premium,87.04,19,1,0,,active,0
CUST-11650,2024-06-02,basic,11.24,19,4,13,moved to competitor,closed,1
CUST-11651,2024-05-30,standard,38.96,19,1,18,,active,0
CUST-11652,2024-05-30,basic,12.94,19,0,27,,active,0
CUST-11653,2024-06-02,standard,31.52,19,0,14,,active,0
CUST-11654,2024-05-30,standard,37.19,19,0,16,,active,0
CUST-11655,2024-05-31,standard,34.68,19,2,7,price,closed,1
CUST-11656,2024-05-31,basic,11.44,19,0,22,,active,0
CUST-11657,2024-06-03,premium,87.00,19,0,13,,active,0
CUST-11658,2024-06-02,standard,38.13,19,1,18,poor support,closed,1
CUST-11659,2024-05-31,basic,12.99,19,1,14,,active,0
CUST-11660,2024-06-03,premium,83.30,19,1,3,,active,0
CUST-11661,2024-06-03,basic,12.70,19,4,10,no longer needed,closed,1
CUST-11662,2024-06-02,basic,12.29,19,2,35,moved to competitor,closed,1
CUST-11663,2024-06-03,basic,11.00,19,4,28,moved to competitor,closed,1
CUST-11664,2024-06-01,basic,13.42,19,2,33,no longer needed,closed,1
CUST-11665,2024-05-31,basic,11.72,19,3,30,poor support,closed,1
CUST-11666,2024-06-03,standard,39.04,19,2,22,,active,0
CUST-11667,2024-06-03,standard,39.49,19,3,24,,active,0
CUST-11668,2024-06-03,basic,12.92,19,0,25,,active,0
CUST-11669,2024-06-01,standard,34.33,19,5,24,missing features,closed,1
CUST-11670,2024-06-04,premium,96.14,19,0,10,,active,0
CUST-11671,2024-06-02,standard,35.76,19,1,19,,active,0
CUST-11672,2024-06-04,standard,35.83,19,2,0,missing features,closed,1
CUST-11673,2024-06-02,premium,94.44,19,6,32,no longer needed,closed,1
CUST-11674,2024-06-01,basic,11.58,19,0,33,,active,0
CUST-11675,2024-06-01,standard,39.24,19,0,18,,active,0
CUST-11676,2024-06-02,basic,11.38,19,0,32,,active,0
CUST-11677,2024-06-03,basic,13.01,19,3,31,,active,0
CUST-11678,2024-06-03,basic,12.81,19,7,40,missing features,closed,1
CUST-11679,2024-06-02,standard,39.77,19,0,11,,active,0
CUST-11680,2024-06-05,standard,38.97,19,1,8,poor support,closed,1
CUST-11681,2024-06-04,basic,12.29,19,0,30,,active,0
CUST-11682,2024-06-05,basic,13.46,19,1,25,,active,0
CUST-11683,2024-06-05,standard,32.93,19,1,1,,active,0
CUST-11684,2024-06-02,standard,31.62,19,1,0,,active,0
CUST-11685,2024-06-02,standard,39.04,19,1,18,,active,0
CUST-11686,2024-06-05,basic,13.64,19,0,19,,active,0
CUST-11687,2024-06-02,basic,10.81,19,4,13,no longer needed,closed,1
CUST-11688,2024-06-06,standard,37.86,19,1,0,,active,0
CUST-11689,2024-06-06,basic,12.89,19,0,18,,active,0
CUST-11690,2024-06-05,standard,36.89,19,0,11,,active,0
CUST-11691,2024-06-03,standard,35.58,19,2,5,,active,0
CUST-11692,2024-06-04,basic,13.46,19,4,36,poor support,closed,1
CUST-11693,2024-06-03,basic,13.79,19,0,37,,active,0
CUST-11694,2024-06-03,basic,11.59,19,0,16,,active,0
CUST-11695,2024-06-03,premium,90.22,19,0,5,,active,0
CUST-11696,2024-06-03,standard,39.66,19,4,31,missing features,closed,1
CUST-11697,2024-06-06,standard,32.72,19,0,19,,active,0
CUST-11698,2024-06-05,standard,34.66,19,1,16,,active,0
CUST-11699,2024-06-07,standard,37.50,19,2,4,,active,0
CUST-11700,2024-06-05,basic,10.99,19,0,25,,active,0
CUST-11701,2024-06-05,basic,12.33,19,1,22,,active,0
CUST-11702,2024-06-06,premium,101.37,19,1,26,missing features,closed,1
CUST-11703,2024-06-07,standard,39.96,19,0,7,,active,0
CUST-11704,2024-06-06,basic,13.59,19,0,23,,active,0
CUST-11705,2024-06-07,standard,36.38,19,1,8,,active,0
CUST-11706,2024-06-07,standard,33.63,19,1,16,,active,0
CUST-11707,2024-06-06,basic,12.74,19,1,24,poor support,closed,1
CUST-11708,2024-06-07,premium,85.16,19,2,0,,active,0
CUST-11709,2024-06-06,basic,13.51,19,2,29,moved to competitor,closed,1
CUST-11710,2024-06-06,basic,13.32,19,2,28,poor support,closed,1
CUST-11711,2024-06-06,basic,13.48,19,0,11,,active,0
CUST-11712,2024-06-08,standard,39.46,19,0,1,,active,0
CUST-11713,2024-06-05,basic,12.68,19,1,26,,active,0
CUST-11714,2024-06-08,basic,13.00,19,5,31,moved to competitor,closed,1
CUST-11715,2024-06-07,standard,39.05,19,4,16,moved to competitor,closed,1
CUST-11716,2024-06-07,standard,40.02,19,2,2,,active,0
CUST-11717,2024-06-05,basic,12.61,19,0,24,,active,0
CUST-11718,2024-06-06,standard,31.88,19,0,28,,active,0
CUST-11719,2024-06-07,basic,13.28,19,1,26,,active,0
CUST-11720,2024-06-06,basic,12.36,19,2,23,,active,0
CUST-11721,2024-06-06,basic,10.94,19,5,19,no longer needed,closed,1
CUST-11722,2024-06-06,basic,11.89,19,1,23,price,closed,1
CUST-11723,2024-06-08,standard,32.82,19,4,9,price,closed,1
CUST-11724,2024-06-08,standard,40.10,19,1,5,,active,0
CUST-11725,2024-06-08,standard,39.99,19,1,12,,active,0
CUST-11726,2024-06-06,standard,38.73,19,1,12,,active,0
CUST-11727,2024-06-07,basic,13.49,19,2,18,,active,0
CUST-11728,2024-06-09,basic,13.45,19,0,10,,active,0
CUST-11729,2024-06-06,basic,13.17,19,2,23,poor support,closed,1
CUST-11730,2024-06-06,standard,31.74,19,0,10,,active,0
CUST-11731,2024-06-07,basic,12.38,19,0,9,,active,0
CUST-11732,2024-06-10,basic,11.00,19,5,23,missing features,closed,1
CUST-11733,2024-06-08,basic,11.14,19,4,25,poor support,closed,1
CUST-11734,2024-06-08,basic,12.85,19,1,27,missing features,closed,1
CUST-11735,2024-06-08,basic,13.42,19,1,24,,active,0
CUST-11736,2024-06-10,basic,12.65,19,4,16,price,closed,1
CUST-11737,2024-06-09,basic,12.85,19,1,30,,active,0
CUST-11738,2024-06-09,standard,34.31,19,2,27,missing features,closed,1
CUST-11739,2024-06-09,basic,12.66,19,1,15,,active,0
CUST-11740,2024-06-08,basic,13.52,19,0,31,,active,0
CUST-11741,2024-06-08,basic,13.69,19,4,43,missing features,closed,1
CUST-11742,2024-06-08,basic,11.99,19,2,30,poor support,closed,1
CUST-11743,2024-06-10,basic,12.97,19,4,37,moved to competitor,closed,1
CUST-11744,2024-06-10,standard,35.77,19,0,18,,active,0
CUST-11745,2024-06-11,standard,31.77,18,2,8,no longer needed,closed,1
CUST-11746,2024-06-10,basic,13.24,19,0,23,,active,0
CUST-11747,2024-06-08,standard,31.85,19,2,4,no longer needed,closed,1
CUST-11748,2024-06-09,premium,97.91,19,1,7,,active,0
CUST-11749,2024-06-09,basic,11.89,19,2,17,,active,0
CUST-11750,2024-06-09,standard,32.45,19,1,24,,active,0
CUST-11751,2024-06-08,basic,13.69,19,0,11,,active,0
CUST-11752,2024-06-11,standard,38.82,18,0,0,,active,0
CUST-11753,2024-06-10,standard,35.31,19,0,17,,active,0
CUST-11754,2024-06-11,premium,84.70,18,1,8,,active,0
CUST-11755,2024-06-12,basic,13.64,18,1,32,,active,0
CUST-11756,2024-06-12,basic,11.01,18,4,33,moved to competitor,closed,1
CUST-11757,2024-06-12,basic,11.69,18,5,23,poor support,closed,1
CUST-11758,2024-06-10,basic,12.75,19,1,7,no longer needed,closed,1
CUST-11759,2024-06-12,basic,11.88,18,5,23,poor support,closed,1
CUST-11760,2024-06-10,basic,13.25,19,1,25,,active,0
CUST-11761,2024-06-12,standard,38.69,18,2,0,,active,0
CUST-11762,2024-06-10,basic,11.05,19,2,37,price,closed,1
CUST-11763,2024-06-12,standard,39.03,18,3,27,moved to competitor,closed,1
CUST-11764,2024-06-09,basic,12.44,19,4,23,,active,0
CUST-11765,2024-06-13,standard,36.83,18,3,29,moved to competitor,closed,1
CUST-11766,2024-06-10,standard,40.18,19,0,3,,active,0
CUST-11767,2024-06-11,standard,35.35,18,0,28,,active,0
CUST-11768,2024-06-13,premium,101.18,18,2,16,price,closed,1
CUST-11769,2024-06-12,standard,35.69,18,1,5,,active,0
CUST-11770,2024-06-11,basic,11.27,18,2,32,price,closed,1
CUST-11771,2024-06-10,premium,102.27,19,1,26,,active,0
CUST-11772,2024-06-10,basic,12.80,19,0,30,,active,0
CUST-11773,2024-06-10,basic,11.66,19,1,0,no longer needed,closed,1
CUST-11774,2024-06-12,basic,13.17,18,0,11,,active,0
CUST-11775,2024-06-13,basic,10.86,18,2,32,,active,0
CUST-11776,2024-06-12,basic,11.74,18,5,26,moved to competitor,closed,1
CUST-11777,2024-06-14,basic,12.44,18,2,23,,active,0
CUST-11778,2024-06-11,standard,39.89,18,2,1,,active,0
CUST-11779,2024-06-13,basic,12.51,18,3,26,price,closed,1
CUST-11780,2024-06-14,basic,12.34,18,1,29,poor support,closed,1
CUST-11781,2024-06-13,basic,12.76,18,2,31,missing features,closed,1
CUST-11782,2024-06-14,basic,12.88,18,3,18,,active,0
CUST-11783,2024-06-14,standard,34.07,18,4,12,price,closed,1
CUST-11784,2024-06-13,premium,99.30,18,2,13,,active,0
CUST-11785,2024-06-12,basic,13.15,18,2,28,poor support,closed,1
CUST-11786,2024-06-12,basic,12.99,18,1,27,,active,0
CUST-11787,2024-06-15,standard,33.82,18,0,23,,active,0
CUST-11788,2024-06-13,standard,35.77,18,2,22,,active,0
CUST-11789,2024-06-13,standard,33.96,18,1,3,,active,0
CUST-11790,2024-06-12,standard,31.67,18,0,15,,active,0
CUST-11791,2024-06-13,standard,37.22,18,0,11,,active,0
CUST-11792,2024-06-13,standard,38.79,18,1,0,,active,0
CUST-11793,2024-06-15,standard,39.97,18,2,20,poor support,closed,1
CUST-11794,2024-06-14,basic,12.69,18,1,12,,active,0
CUST-11795,2024-06-12,standard,32.06,18,2,13,,active,0
CUST-11796,2024-06-13,premium,80.71,18,3,8,price,closed,1
CUST-11797,2024-06-13,basic,11.64,18,0,19,,active,0
CUST-11798,2024-06-15,standard,31.60,18,1,18,,active,0
CUST-11799,2024-06-15,basic,10.87,18,0,23,,active,0
CUST-11800,2024-06-13,basic,13.55,18,2,17,no longer needed,closed,1
CUST-11801,2024-06-15,standard,35.50,18,1,6,,active,0
CUST-11802,2024-06-13,premium,90.90,18,0,0,,active,0
CUST-11803,2024-06-13,standard,39.50,18,0,23,,active,0
CUST-11804,2024-06-15,standard,37.59,18,0,12,,active,0
CUST-11805,2024-06-15,basic,11.55,18,0,23,,active,0
CUST-11806,2024-06-16,standard,39.55,18,1,11,,active,0
CUST-11807,2024-06-13,basic,13.02,18,4,40,no longer needed,closed,1
CUST-11808,2024-06-13,standard,37.04,18,1,29,,active,0
CUST-11809,2024-06-17,standard,36.65,18,1,6,,active,0
CUST-11810,2024-06-17,basic,11.12,18,5,28,price,closed,1
CUST-11811,2024-06-17,standard,35.00,18,0,8,,active,0
CUST-11812,2024-06-17,premium,82.72,18,3,7,,active,0
CUST-11813,2024-06-16,basic,12.78,18,1,22,,active,0
CUST-11814,2024-06-15,premium,88.15,18,2,15,,active,0
CUST-11815,2024-06-17,basic,12.05,18,0,18,,active,0
CUST-11816,2024-06-17,standard,33.51,18,1,20,,active,0
CUST-11817,2024-06-14,basic,12.75,18,3,32,missing features,closed,1
CUST-11818,2024-06-15,basic,13.17,18,1,18,,active,0
CUST-11819,2024-06-16,basic,12.35,18,2,39,,active,0
CUST-11820,2024-06-17,basic,12.77,18,1,26,,active,0
CUST-11821,2024-06-17,standard,38.92,18,2,15,,active,0
CUST-11822,2024-06-17,basic,11.71,18,0,25,,active,0
CUST-11823,2024-06-15,basic,11.42,18,2,32,,active,0
CUST-11824,2024-06-16,premium,85.69,18,1,14,,active,0
CUST-11825,2024-06-15,premium,91.56,18,1,6,,active,0
CUST-11826,2024-06-15,basic,11.13,18,0,31,,active,0
CUST-11827,2024-06-17,basic,12.92,18,1,0,,active,0
CUST-11828,2024-06-18,basic,10.93,18,2,34,poor support,closed,1
CUST-11829,2024-06-16,basic,11.56,18,3,12,,active,0
CUST-11830,2024-06-16,standard,39.00,18,2,7,,active,0
CUST-11831,2024-06-17,basic,12.77,18,1,15,,active,0
CUST-11832,2024-06-17,standard,38.78,18,1,0,,active,0
CUST-11833,2024-06-19,standard,39.32,18,1,20,,active,0
CUST-11834,2024-06-17,premium,89.69,18,3,4,moved to competitor,closed,1
CUST-11835,2024-06-19,premium,96.59,18,0,22,,active,0
CUST-11836,2024-06-16,premium,99.87,18,6,22,no longer needed,closed,1
CUST-11837,2024-06-18,basic,12.59,18,3,38,no longer needed,closed,1
CUST-11838,2024-06-17,premium,86.91,18,2,21,,active,0
CUST-11839,2024-06-16,standard,36.89,18,2,30,,active,0
CUST-11840,2024-06-18,standard,39.66,18,1,11,,active,0
CUST-11841,2024-06-18,basic,12.57,18,4,45,missing features,closed,1
CUST-11842,2024-06-20,standard,33.64,18,4,2,missing features,closed,1
CUST-11843,2024-06-19,standard,34.56,18,1,13,,active,0
CUST-11844,2024-06-20,standard,35.51,18,2,6,,active,0
CUST-11845,2024-06-17,basic,13.01,18,2,33,,active,0
CUST-11846,2024-06-19,basic,11.03,18,5,24,missing features,closed,1
CUST-11847,2024-06-19,basic,10.91,18,4,31,price,closed,1
CUST-11848,2024-06-20,premium,93.55,18,4,31,moved to competitor,closed,1
CUST-11849,2024-06-18,basic,10.97,18,2,24,,active,0
CUST-11850,2024-06-20,basic,11.59,18,3,33,no longer needed,closed,1
CUST-11851,2024-06-19,basic,12.09,18,4,31,moved to competitor,closed,1
CUST-11852,2024-06-19,standard,38.48,18,5,0,moved to competitor,closed,1
CUST-11853,2024-06-20,basic,11.75,18,4,28,missing features,closed,1
CUST-11854,2024-06-20,standard,32.28,18,0,14,,active,0
CUST-11855,2024-06-19,premium,93.63,18,0,0,,active,0
CUST-11856,2024-06-20,standard,33.41,18,1,17,,active,0
CUST-11857,2024-06-19,standard,37.04,18,2,27,,active,0
CUST-11858,2024-06-20,basic,13.42,18,0,37,,active,0
CUST-11859,2024-06-19,basic,11.22,18,2,20,,active,0
CUST-11860,2024-06-20,basic,13.34,18,2,20,moved to competitor,closed,1
CUST-11861,2024-06-21,basic,13.74,18,1,25,,active,0
CUST-11862,2024-06-18,basic,12.90,18,2,12,,active,0
CUST-11863,2024-06-21,premium,100.02,18,1,18,,active,0
CUST-11864,2024-06-20,standard,37.24,18,1,23,,active,0
CUST-11865,2024-06-19,basic,12.21,18,2,18,moved to competitor,closed,1
CUST-11866,2024-06-21,basic,11.69,18,4,25,poor support,closed,1
CUST-11867,2024-06-21,basic,13.38,18,1,22,,active,0
CUST-11868,2024-06-20,standard,32.60,18,0,26,,active,0
CUST-11869,2024-06-21,basic,11.13,18,3,26,price,closed,1
CUST-11870,2024-06-19,basic,12.82,18,0,27,,active,0
CUST-11871,2024-06-19,premium,98.13,18,0,12,,active,0
CUST-11872,2024-06-22,standard,36.59,18,0,11,,active,0
CUST-11873,2024-06-22,basic,12.15,18,0,30,,active,0
CUST-11874,2024-06-20,premium,100.30,18,0,17,,active,0
CUST-11875,2024-06-21,basic,11.35,18,0,38,,active,0
CUST-11876,2024-06-22,basic,13.29,18,0,9,,active,0
CUST-11877,2024-06-22,basic,13.09,18,0,25,,active,0
CUST-11878,2024-06-23,basic,11.86,18,0,32,,active,0
CUST-11879,2024-06-22,standard,36.63,18,2,11,,active,0
CUST-11880,2024-06-21,standard,32.05,18,1,15,,active,0
CUST-11881,2024-06-23,basic,11.43,18,4,49,moved to competitor,closed,1
CUST-11882,2024-06-21,premium,85.72,18,3,0,,active,0
CUST-11883,2024-06-23,basic,11.73,18,0,34,,active,0
CUST-11884,2024-06-23,standard,39.13,18,2,8,,active,0
CUST-11885,2024-06-24,basic,12.13,18,1,34,,active,0
CUST-11886,2024-06-21,basic,12.10,18,0,24,,active,0
CUST-11887,2024-06-21,basic,11.46,18,0,35,,active,0
CUST-11888,2024-06-24,basic,12.03,18,1,25,,active,0
CUST-11889,2024-06-22,premium,89.83,18,1,22,,active,0
CUST-11890,2024-06-21,standard,33.07,18,0,25,,active,0
CUST-11891,2024-06-22,basic,12.11,18,5,26,missing features,closed,1
CUST-11892,2024-06-21,basic,13.25,18,5,24,moved to competitor,closed,1
CUST-11893,2024-06-24,standard,40.07,18,0,0,,active,0
CUST-11894,2024-06-24,standard,37.32,18,0,2,,active,0
CUST-11895,2024-06-24,basic,13.55,18,4,30,price,closed,1
CUST-11896,2024-06-25,premium,86.80,18,0,20,,active,0
CUST-11897,2024-06-24,standard,33.80,18,1,14,,active,0
CUST-11898,2024-06-25,standard,39.29,18,1,12,,active,0
CUST-11899,2024-06-23,basic,12.32,18,5,43,moved to competitor,closed,1
CUST-11900,2024-06-25,basic,11.11,18,0,46,,active,0
CUST-11901,2024-06-24,premium,83.49,18,2,11,moved to competitor,closed,1
CUST-11902,2024-06-23,basic,11.49,18,4,26,missing features,closed,1
CUST-11903,2024-06-22,premium,87.89,18,1,13,,active,0
CUST-11904,2024-06-25,basic,11.30,18,0,16,,active,0
CUST-11905,2024-06-22,basic,11.57,18,4,19,missing features,closed,1
CUST-11906,2024-06-24,basic,11.32,18,0,32,,active,0
CUST-11907,2024-06-25,basic,11.64,18,0,23,,active,0
CUST-11908,2024-06-23,basic,12.91,18,0,17,,active,0
CUST-11909,2024-06-25,basic,11.20,18,0,13,,active,0
CUST-11910,2024-06-24,standard,38.84,18,0,22,,active,0
CUST-11911,2024-06-23,basic,12.68,18,5,31,moved to competitor,closed,1
CUST-11912,2024-06-23,standard,37.29,18,3,24,poor support,closed,1
CUST-11913,2024-06-23,basic,13.31,18,1,24,,active,0
CUST-11914,2024-06-23,basic,10.94,18,2,23,,active,0
CUST-11915,2024-06-24,standard,32.19,18,3,13,,active,0
CUST-11916,2024-06-24,basic,12.10,18,2,37,,active,0
CUST-11917,2024-06-26,basic,11.82,18,3,31,no longer needed,closed,1
CUST-11918,2024-06-25,basic,13.34,18,3,8,moved to competitor,closed,1
CUST-11919,2024-06-26,premium,93.61,18,0,22,,active,0
CUST-11920,2024-06-25,standard,38.86,18,2,28,no longer needed,closed,1
CUST-11921,2024-06-25,standard,32.25,18,1,19,,active,0
CUST-11922,2024-06-25,basic,13.65,18,4,29,missing features,closed,1
CUST-11923,2024-06-26,basic,10.90,18,1,37,,active,0
CUST-11924,2024-06-25,standard,34.36,18,1,21,,active,0
CUST-11925,2024-06-26,standard,32.45,18,2,6,,active,0
CUST-11926,2024-06-25,standard,34.83,18,0,17,,active,0
CUST-11927,2024-06-25,basic,12.74,18,0,25,,active,0
CUST-11928,2024-06-24,basic,12.93,18,4,36,no longer needed,closed,1
CUST-11929,2024-06-25,basic,13.60,18,1,33,price,closed,1
CUST-11930,2024-06-25,premium,100.50,18,0,11,,active,0
CUST-11931,2024-06-25,standard,33.90,18,1,12,,active,0
CUST-11932,2024-06-28,standard,31.81,18,2,22,,active,0
CUST-11933,2024-06-27,premium,93.26,18,0,0,,active,0
CUST-11934,2024-06-25,premium,85.58,18,1,6,missing features,closed,1
CUST-11935,2024-06-27,premium,98.50,18,1,23,,active,0
CUST-11936,2024-06-27,basic,10.93,18,3,30,no longer needed,closed,1
CUST-11937,2024-06-26,standard,34.10,18,3,0,,active,0
CUST-11938,2024-06-26,standard,36.76,18,1,18,,active,0
CUST-11939,2024-06-26,premium,92.70,18,1,6,,active,0
CUST-11940,2024-06-28,standard,35.21,18,1,7,,active,0
CUST-11941,2024-06-28,standard,32.79,18,1,22,,active,0
CUST-11942,2024-06-27,premium,87.65,18,1,18,,active,0
CUST-11943,2024-06-27,standard,32.72,18,1,17,,active,0
CUST-11944,2024-06-27,basic,13.50,18,1,27,,active,0
CUST-11945,2024-06-28,basic,12.20,18,0,12,,active,0
CUST-11946,2024-06-27,standard,39.66,18,0,23,,active,0
CUST-11947,2024-06-26,basic,11.93,18,0,14,,active,0
CUST-11948,2024-06-28,basic,12.29,18,1,37,,active,0
CUST-11949,2024-06-29,standard,31.87,18,0,15,,active,0
CUST-11950,2024-06-28,basic,11.96,18,2,30,missing features,closed,1
CUST-11951,2024-06-29,premium,101.94,18,1,25,,active,0
CUST-11952,2024-06-27,basic,13.62,18,0,8,,active,0
CUST-11953,2024-06-27,basic,12.07,18,1,27,poor support,closed,1
CUST-11954,2024-06-28,basic,11.42,18,1,28,poor support,closed,1
CUST-11955,2024-06-29,basic,11.68,18,1,25,,active,0
CUST-11956,2024-06-29,standard,37.49,18,0,12,,active,0
CUST-11957,2024-06-27,premium,100.20,18,1,24,,active,0
CUST-11958,2024-06-28,premium,91.25,18,2,6,,active,0
CUST-11959,2024-06-29,standard,39.26,18,3,16,,active,0
CUST-11960,2024-06-30,standard,35.20,18,1,23,,active,0
CUST-11961,2024-06-28,basic,11.65,18,2,32,,active,0
CUST-11962,2024-06-29,standard,38.55,18,4,0,poor support,closed,1
CUST-11963,2024-06-30,standard,31.86,18,0,15,,active,0
CUST-11964,2024-06-29,standard,32.51,18,0,7,,active,0
CUST-11965,2024-06-28,premium,80.96,18,1,20,,active,0
CUST-11966,2024-06-30,basic,11.28,18,4,32,moved to competitor,closed,1
CUST-11967,2024-06-30,standard,32.24,18,0,19,,active,0
CUST-11968,2024-06-28,standard,36.08,18,0,17,,active,0
CUST-11969,2024-06-28,basic,13.40,18,0,25,,active,0
CUST-11970,2024-07-01,basic,13.04,18,3,21,no longer needed,closed,1
CUST-11971,2024-07-01,standard,35.37,18,2,0,,active,0
CUST-11972,2024-06-30,standard,33.35,18,0,13,,active,0
CUST-11973,2024-07-01,basic,13.05,18,2,9,,active,0
CUST-11974,2024-06-29,premium,99.35,18,3,5,,active,0
CUST-11975,2024-06-29,standard,39.00,18,5,28,no longer needed,closed,1
CUST-11976,2024-06-29,standard,33.64,18,4,22,no longer needed,closed,1
CUST-11977,2024-07-02,standard,35.73,18,0,17,,active,0
CUST-11978,2024-07-01,premium,83.26,18,4,19,moved to competitor,closed,1
CUST-11979,2024-06-29,basic,12.59,18,1,35,,active,0
CUST-11980,2024-06-29,premium,88.76,18,0,0,,active,0
CUST-11981,2024-06-29,basic,10.96,18,1,30,missing features,closed,1
CUST-11982,2024-07-01,premium,87.28,18,1,9,,active,0
CUST-11983,2024-07-01,premium,99.35,18,2,10,poor support,closed,1
CUST-11984,2024-07-02,basic,11.34,18,0,19,,active,0
CUST-11985,2024-07-02,basic,13.33,18,3,35,,active,0
CUST-11986,2024-07-01,basic,11.65,18,0,13,,active,0
CUST-11987,2024-06-30,basic,13.05,18,0,36,,active,0
CUST-11988,2024-06-30,standard,39.50,18,2,17,,active,0
CUST-11989,2024-07-02,basic,13.60,18,0,11,,active,0
CUST-11990,2024-06-30,basic,13.54,18,0,23,,active,0
CUST-11991,2024-07-01,standard,34.56,18,1,25,,active,0
CUST-11992,2024-07-03,premium,85.43,18,2,23,,active,0
CUST-11993,2024-07-03,basic,11.46,18,3,25,poor support,closed,1
CUST-11994,2024-07-01,premium,83.71,18,1,12,,active,0
CUST-11995,2024-07-04,premium,97.89,18,0,18,,active,0
CUST-11996,2024-07-04,standard,33.35,18,4,28,price,closed,1
CUST-11997,2024-07-01,basic,11.31,18,1,16,,active,0
CUST-11998,2024-07-02,standard,31.80,18,3,22,price,closed,1
CUST-11999,2024-07-04,basic,13.75,18,5,24,poor support,closed,1
CUST-12000,2024-07-04,standard,33.22,18,0,17,,active,0
CUST-12001,2024-07-01,basic,11.34,18,2,25,,active,0
CUST-12002,2024-07-02,standard,35.99,18,0,3,,active,0
CUST-12003,2024-07-01,basic,11.28,18,5,31,no longer needed,closed,1
CUST-12004,2024-07-01,premium,90.66,18,2,31,,active,0
CUST-12005,2024-07-04,basic,11.71,18,1,20,,active,0
CUST-12006,2024-07-02,basic,11.46,18,1,18,,active,0
CUST-12007,2024-07-05,standard,35.94,18,1,6,,active,0
CUST-12008,2024-07-05,standard,39.46,18,0,0,,active,0
CUST-12009,2024-07-04,standard,37.85,18,2,6,,active,0
CUST-12010,2024-07-04,standard,33.96,18,2,20,,active,0
CUST-12011,2024-07-02,basic,13.76,18,4,31,poor support,closed,1
CUST-12012,2024-07-04,standard,39.69,18,2,20,,active,0
CUST-12013,2024-07-02,basic,13.05,18,4,28,price,closed,1
CUST-12014,2024-07-05,standard,32.55,18,1,23,,active,0
CUST-12015,2024-07-05,basic,11.87,18,0,7,,active,0
CUST-12016,2024-07-03,standard,32.56,18,2,6,,active,0
CUST-12017,2024-07-06,premium,84.87,18,2,11,,active,0
CUST-12018,2024-07-04,basic,13.23,18,0,22,,active,0
CUST-12019,2024-07-06,standard,35.83,18,0,12,,active,0
CUST-12020,2024-07-05,standard,39.14,18,0,16,,active,0
CUST-12021,2024-07-04,basic,13.20,18,1,44,,active,0
CUST-12022,2024-07-03,standard,34.93,18,2,15,,active,0
CUST-12023,2024-07-04,basic,11.78,18,3,31,no longer needed,closed,1
CUST-12024,2024-07-03,standard,36.09,18,1,20,,active,0
CUST-12025,2024-07-05,basic,12.27,18,1,22,,active,0
CUST-12026,2024-07-05,basic,12.21,18,4,24,poor support,closed,1
CUST-12027,2024-07-04,standard,36.51,18,3,15,,active,0
CUST-12028,2024-07-07,standard,38.92,18,0,5,,active,0
CUST-12029,2024-07-05,basic,13.03,18,0,36,,active,0
CUST-12030,2024-07-07,basic,11.69,18,2,26,,active,0
CUST-12031,2024-07-06,standard,34.84,18,0,17,,active,0
CUST-12032,2024-07-05,premium,83.55,18,2,4,,active,0
CUST-12033,2024-07-07,premium,87.92,18,0,2,,active,0
CUST-12034,2024-07-04,basic,12.72,18,0,16,,active,0
CUST-12035,2024-07-06,basic,11.82,18,0,14,,active,0
CUST-12036,2024-07-04,standard,32.70,18,0,20,,active,0
CUST-12037,2024-07-06,standard,31.68,18,1,5,,active,0
CUST-12038,2024-07-05,standard,38.90,18,0,19,,active,0
CUST-12039,2024-07-06,basic,11.74,18,4,22,moved to competitor,closed,1
CUST-12040,2024-07-07,standard,32.60,18,1,12,,active,0
CUST-12041,2024-07-05,standard,33.56,18,2,9,,active,0
CUST-12042,2024-07-07,premium,99.33,18,5,22,poor support,closed,1
CUST-12043,2024-07-07,basic,11.22,18,2,33,poor support,closed,1
CUST-12044,2024-07-05,premium,93.57,18,0,0,,active,0
CUST-12045,2024-07-05,standard,33.59,18,4,14,poor support,closed,1
CUST-12046,2024-07-07,basic,13.78,18,5,22,no longer needed,closed,1
CUST-12047,2024-07-07,premium,92.13,18,1,6,,active,0
CUST-12048,2024-07-08,basic,11.86,18,1,8,,active,0
CUST-12049,2024-07-08,basic,12.14,18,2,19,poor support,closed,1
CUST-12050,2024-07-08,standard,37.60,18,1,11,,active,0
CUST-12051,2024-07-06,standard,36.51,18,0,26,,active,0
CUST-12052,2024-07-09,basic,11.87,18,0,20,,active,0
CUST-12053,2024-07-08,basic,11.79,18,1,17,,active,0
CUST-12054,2024-07-09,premium,82.74,18,0,21,,active,0
CUST-12055,2024-07-06,basic,12.16,18,2,17,,active,0
CUST-12056,2024-07-08,premium,81.68,18,1,13,,active,0
CUST-12057,2024-07-08,basic,12.50,18,2,29,,active,0
CUST-12058,2024-07-09,basic,13.04,18,1,29,,active,0
CUST-12059,2024-07-07,basic,11.49,18,0,4,,active,0
CUST-12060,2024-07-08,basic,13.78,18,2,19,missing features,closed,1
CUST-12061,2024-07-07,standard,32.47,18,1,41,,active,0
CUST-12062,2024-07-10,basic,11.82,18,0,20,,active,0
CUST-12063,2024-07-07,premium,101.51,18,2,17,,active,0
CUST-12064,2024-07-09,standard,37.53,18,2,14,,active,0
CUST-12065,2024-07-09,basic,12.69,18,6,33,missing features,closed,1
CUST-12066,2024-07-09,basic,13.29,18,5,33,no longer needed,closed,1
CUST-12067,2024-07-09,standard,33.70,18,1,9,,active,0
CUST-12068,2024-07-09,standard,37.46,18,0,18,,active,0
CUST-12069,2024-07-07,basic,13.30,18,2,26,poor support,closed,1
CUST-12070,2024-07-08,standard,38.62,18,0,8,,active,0
CUST-12071,2024-07-10,standard,36.57,18,2,11,,active,0
CUST-12072,2024-07-11,standard,34.03,17,0,12,,active,0
CUST-12073,2024-07-09,basic,12.65,18,2,32,poor support,closed,1
CUST-12074,2024-07-09,basic,11.58,18,2,10,,active,0
CUST-12075,2024-07-09,premium,99.34,18,0,12,,active,0
CUST-12076,2024-07-08,standard,33.84,18,0,0,,active,0
CUST-12077,2024-07-10,standard,37.99,18,0,19,,active,0
CUST-12078,2024-07-09,standard,36.76,18,0,8,,active,0
CUST-12079,2024-07-08,standard,38.62,18,0,11,,active,0
CUST-12080,2024-07-10,basic,13.64,18,0,29,,active,0
CUST-12081,2024-07-09,standard,38.49,18,1,0,,active,0
CUST-12082,2024-07-10,standard,32.21,18,0,27,,active,0
CUST-12083,2024-07-12,premium,86.29,17,1,23,,active,0
CUST-12084,2024-07-10,standard,35.46,18,5,7,price,closed,1
CUST-12085,2024-07-12,basic,12.59,17,3,28,missing features,closed,1
CUST-12086,2024-07-11,premium,88.36,17,3,28,moved to competitor,closed,1
CUST-12087,2024-07-11,basic,12.01,17,0,19,,active,0
CUST-12088,2024-07-11,standard,33.66,17,4,22,poor support,closed,1
CUST-12089,2024-07-10,standard,39.97,18,1,14,,active,0
CUST-12090,2024-07-09,basic,11.22,18,3,35,moved to competitor,closed,1
CUST-12091,2024-07-09,basic,12.47,18,3,28,poor support,closed,1
CUST-12092,2024-07-11,premium,100.00,17,0,28,,active,0
CUST-12093,2024-07-12,basic,13.70,17,0,32,,active,0
CUST-12094,2024-07-10,standard,31.68,18,2,7,,active,0
CUST-12095,2024-07-10,basic,11.53,18,3,14,poor support,closed,1
CUST-12096,2024-07-11,standard,35.43,17,1,24,,active,0
CUST-12097,2024-07-10,basic,13.24,18,2,9,,active,0
CUST-12098,2024-07-10,standard,34.04,18,1,25,,active,0
CUST-12099,2024-07-10,premium,82.68,18,3,18,,active,0
CUST-12100,2024-07-12,premium,84.43,17,2,12,,active,0
CUST-12101,2024-07-12,basic,12.35,17,1,41,,active,0
CUST-12102,2024-07-13,basic,13.60,17,0,19,,active,0
CUST-12103,2024-07-10,premium,88.51,18,1,22,,active,0
CUST-12104,2024-07-13,basic,11.83,17,3,40,missing features,closed,1
CUST-12105,2024-07-14,basic,12.25,17,2,46,,active,0
CUST-12106,2024-07-14,basic,11.71,17,2,32,,active,0
CUST-12107,2024-07-12,premium,96.85,17,1,23,,active,0
CUST-12108,2024-07-13,premium,100.34,17,2,15,,active,0
CUST-12109,2024-07-14,premium,90.23,17,2,12,,active,0
CUST-12110,2024-07-12,basic,12.46,17,0,24,,active,0
CUST-12111,2024-07-11,basic,12.67,17,2,36,no longer needed,closed,1
CUST-12112,2024-07-14,basic,11.53,17,5,41,moved to competitor,closed,1
CUST-12113,2024-07-12,standard,39.76,17,0,2,,active,0
CUST-12114,2024-07-11,premium,97.27,17,0,23,,active,0
CUST-12115,2024-07-13,basic,11.57,17,4,41,missing features,closed,1
CUST-12116,2024-07-13,standard,34.27,17,0,3,,active,0
CUST-12117,2024-07-14,basic,12.97,17,1,20,,active,0
CUST-12118,2024-07-15,basic,13.71,17,1,28,,active,0
CUST-12119,2024-07-14,basic,11.36,17,3,30,missing features,closed,1
CUST-12120,2024-07-15,standard,40.06,17,1,12,,active,0
CUST-12121,2024-07-15,standard,36.34,17,0,10,,active,0
CUST-12122,2024-07-12,basic,13.76,17,3,29,poor support,closed,1
CUST-12123,2024-07-15,basic,13.56,17,4,50,moved to competitor,closed,1
CUST-12124,2024-07-13,standard,32.16,17,0,0,,active,0
CUST-12125,2024-07-15,basic,11.72,17,4,19,no longer needed,closed,1
CUST-12126,2024-07-13,standard,37.74,17,0,17,,active,0
CUST-12127,2024-07-14,basic,12.81,17,3,24,poor support,closed,1
CUST-12128,2024-07-13,standard,37.63,17,1,24,,active,0
CUST-12129,2024-07-14,basic,12.84,17,5,29,no longer needed,closed,1
CUST-12130,2024-07-16,basic,11.98,17,2,35,,active,0
CUST-12131,2024-07-14,premium,86.04,17,3,10,poor support,closed,1
CUST-12132,2024-07-13,basic,13.64,17,3,36,missing features,closed,1
CUST-12133,2024-07-15,basic,12.83,17,5,18,poor support,closed,1
CUST-12134,2024-07-13,standard,32.53,17,2,25,,active,0
CUST-12135,2024-07-14,basic,12.63,17,5,32,price,closed,1
CUST-12136,2024-07-15,standard,39.03,17,0,0,,active,0
CUST-12137,2024-07-17,premium,88.87,17,1,0,,active,0
CUST-12138,2024-07-15,basic,12.56,17,0,15,,active,0
CUST-12139,2024-07-17,basic,11.55,17,1,9,,active,0
CUST-12140,2024-07-16,standard,39.24,17,2,26,,active,0
CUST-12141,2024-07-16,premium,86.73,17,4,27,,active,0
CUST-12142,2024-07-14,standard,38.08,17,3,25,price,closed,1
CUST-12143,2024-07-14,standard,32.75,17,2,9,,active,0
CUST-12144,2024-07-14,basic,13.48,17,1,24,,active,0
CUST-12145,2024-07-15,premium,86.52,17,1,11,,active,0
CUST-12146,2024-07-14,premium,96.56,17,1,13,,active,0
CUST-12147,2024-07-15,standard,35.68,17,3,14,,active,0
CUST-12148,2024-07-15,premium,92.73,17,1,23,,active,0
CUST-12149,2024-07-17,basic,13.44,17,1,31,,active,0
CUST-12150,2024-07-18,standard,31.99,17,1,18,,active,0
CUST-12151,2024-07-16,basic,11.14,17,0,15,,active,0
CUST-12152,2024-07-16,standard,37.31,17,1,0,,active,0
CUST-12153,2024-07-17,premium,81.88,17,5,13,poor support,closed,1
CUST-12154,2024-07-16,basic,11.53,17,4,21,poor support,closed,1
CUST-12155,2024-07-18,standard,33.91,17,0,15,,active,0
CUST-12156,2024-07-16,standard,35.75,17,0,32,,active,0
CUST-12157,2024-07-16,premium,93.93,17,2,15,missing features,closed,1
CUST-12158,2024-07-16,basic,12.79,17,0,8,,active,0
CUST-12159,2024-07-18,basic,13.40,17,0,20,,active,0
CUST-12160,2024-07-17,standard,31.50,17,2,17,,active,0
CUST-12161,2024-07-16,standard,37.45,17,1,1,price,closed,1
CUST-12162,2024-07-16,standard,31.69,17,0,19,,active,0
CUST-12163,2024-07-17,basic,12.65,17,0,20,,active,0
CUST-12164,2024-07-16,basic,12.93,17,0,35,,active,0
CUST-12165,2024-07-16,standard,35.16,17,0,2,,active,0
CUST-12166,2024-07-17,basic,13.37,17,1,27,missing features,closed,1
CUST-12167,2024-07-18,basic,11.12,17,5,27,no longer needed,closed,1
CUST-12168,2024-07-18,basic,13.58,17,4,27,poor support,closed,1
CUST-12169,2024-07-18,standard,35.81,17,4,15,poor support,closed,1
CUST-12170,2024-07-18,basic,11.48,17,4,12,poor support,closed,1
CUST-12171,2024-07-19,standard,38.46,17,0,12,,active,0
CUST-12172,2024-07-20,premium,101.72,17,1,11,,active,0
CUST-12173,2024-07-17,basic,11.38,17,0,37,,active,0
CUST-12174,2024-07-20,standard,32.27,17,4,12,missing features,closed,1
CUST-12175,2024-07-19,standard,34.24,17,1,10,,active,0
CUST-12176,2024-07-19,basic,13.64,17,5,29,missing features,closed,1
CUST-12177,2024-07-18,basic,11.34,17,0,40,,active,0
CUST-12178,2024-07-19,premium,89.45,17,0,17,,active,0
CUST-12179,2024-07-20,premium,99.57,17,1,11,moved to competitor,closed,1
CUST-12180,2024-07-17,basic,12.82,17,1,16,,active,0
CUST-12181,2024-07-18,premium,87.74,17,2,6,,active,0
CUST-12182,2024-07-21,basic,11.13,17,1,22,,active,0
CUST-12183,2024-07-18,basic,11.72,17,3,26,moved to competitor,closed,1
CUST-12184,2024-07-21,standard,31.56,17,1,23,,active,0
CUST-12185,2024-07-21,basic,12.05,17,4,11,missing features,closed,1
CUST-12186,2024-07-19,basic,11.63,17,5,27,moved to competitor,closed,1
CUST-12187,2024-07-18,premium,96.70,17,3,15,price,closed,1
CUST-12188,2024-07-20,basic,11.62,17,3,20,no longer needed,closed,1
CUST-12189,2024-07-20,standard,39.26,17,2,29,,active,0
CUST-12190,2024-07-21,basic,12.72,17,2,25,no longer needed,closed,1
CUST-12191,2024-07-21,basic,12.27,17,0,11,,active,0
CUST-12192,2024-07-21,standard,38.32,17,2,22,,active,0
CUST-12193,2024-07-22,basic,12.13,17,1,26,,active,0
CUST-12194,2024-07-19,premium,100.47,17,1,9,,active,0
CUST-12195,2024-07-20,standard,32.68,17,0,3,,active,0
CUST-12196,2024-07-22,standard,32.80,17,0,20,,active,0
CUST-12197,2024-07-21,standard,37.79,17,2,24,missing features,closed,1
CUST-12198,2024-07-20,standard,39.07,17,2,10,,active,0
CUST-12199,2024-07-20,standard,34.91,17,1,13,,active,0
CUST-12200,2024-07-22,standard,38.91,17,0,4,,active,0
CUST-12201,2024-07-19,basic,13.21,17,0,31,,active,0
CUST-12202,2024-07-20,basic,11.72,17,4,20,missing features,closed,1
CUST-12203,2024-07-20,standard,38.94,17,0,4,,active,0
CUST-12204,2024-07-20,standard,38.15,17,1,14,,active,0
CUST-12205,2024-07-21,basic,12.28,17,2,18,,active,0
CUST-12206,2024-07-23,premium,96.30,17,1,23,,active,0
CUST-12207,2024-07-23,basic,12.90,17,0,29,,active,0
CUST-12208,2024-07-23,standard,36.94,17,0,23,,active,0
CUST-12209,2024-07-22,basic,12.46,17,1,17,,active,0
CUST-12210,2024-07-21,basic,12.02,17,2,15,,active,0
CUST-12211,2024-07-23,standard,38.04,17,0,9,,active,0
CUST-12212,2024-07-23,premium,89.15,17,0,10,,active,0
CUST-12213,2024-07-23,basic,12.62,17,0,27,,active,0
CUST-12214,2024-07-22,premium,92.43,17,0,19,,active,0
CUST-12215,2024-07-24,standard,38.14,17,2,17,,active,0
CUST-12216,2024-07-23,premium,87.04,17,0,16,,active,0
CUST-12217,2024-07-22,basic,12.02,17,2,29,,active,0
CUST-12218,2024-07-21,basic,13.78,17,2,24,,active,0
CUST-12219,2024-07-23,standard,33.54,17,3,26,no longer needed,closed,1
CUST-12220,2024-07-24,basic,12.60,17,1,21,,active,0
CUST-12221,2024-07-22,standard,40.09,17,1,10,,active,0
CUST-12222,2024-07-24,premium,82.56,17,0,17,,active,0
CUST-12223,2024-07-22,basic,11.54,17,5,27,price,closed,1
CUST-12224,2024-07-24,premium,87.89,17,1,9,,active,0
CUST-12225,2024-07-23,standard,34.62,17,0,17,,active,0
CUST-12226,2024-07-25,standard,32.42,17,0,18,,active,0
CUST-12227,2024-07-23,standard,33.95,17,2,9,,active,0
CUST-12228,2024-07-25,basic,13.09,17,1,27,moved to competitor,closed,1
CUST-12229,2024-07-25,basic,11.69,17,0,27,,active,0
CUST-12230,2024-07-25,basic,13.77,17,0,18,,active,0
CUST-12231,2024-07-25,standard,37.08,17,0,0,,active,0
CUST-12232,2024-07-25,standard,33.43,17,1,15,,active,0
CUST-12233,2024-07-23,basic,13.56,17,1,39,,active,0
CUST-12234,2024-07-25,premium,82.33,17,0,15,,active,0
CUST-12235,2024-07-22,standard,36.61,17,2,13,,active,0
CUST-12236,2024-07-23,standard,34.22,17,3,17,poor support,closed,1
CUST-12237,2024-07-26,premium,96.00,17,0,1,,active,0
CUST-12238,2024-07-25,premium,82.33,17,4,11,poor support,closed,1
CUST-12239,2024-07-25,basic,12.18,17,4,18,,active,0
CUST-12240,2024-07-23,standard,33.12,17,0,8,,active,0
CUST-12241,2024-07-23,standard,32.43,17,2,11,,active,0
CUST-12242,2024-07-26,standard,35.89,17,4,5,poor support,closed,1
CUST-12243,2024-07-25,premium,98.31,17,0,12,,active,0
CUST-12244,2024-07-26,standard,35.93,17,1,13,,active,0
CUST-12245,2024-07-24,premium,88.07,17,1,0,,active,0
CUST-12246,2024-07-26,standard,37.56,17,2,15,price,closed,1
CUST-12247,2024-07-27,premium,91.21,17,1,3,,active,0
CUST-12248,2024-07-25,standard,32.14,17,2,17,,active,0
CUST-12249,2024-07-26,basic,11.43,17,2,33,,active,0
CUST-12250,2024-07-24,standard,35.73,17,1,9,,active,0
CUST-12251,2024-07-24,basic,13.42,17,0,20,,active,0
CUST-12252,2024-07-27,basic,11.56,17,5,19,moved to competitor,closed,1
CUST-12253,2024-07-26,standard,34.64,17,0,15,,active,0
CUST-12254,2024-07-26,standard,34.36,17,1,16,,active,0
CUST-12255,2024-07-24,standard,39.39,17,2,2,,active,0
CUST-12256,2024-07-24,standard,33.45,17,1,11,,active,0
CUST-12257,2024-07-26,basic,13.28,17,3,31,moved to competitor,closed,1
CUST-12258,2024-07-28,premium,93.21,17,2,14,moved to competitor,closed,1
CUST-12259,2024-07-25,standard,37.65,17,2,24,,active,0
CUST-12260,2024-07-26,standard,36.36,17,6,12,no longer needed,closed,1
CUST-12261,2024-07-28,basic,11.81,17,4,19,price,closed,1
CUST-12262,2024-07-25,standard,38.33,17,2,21,,active,0
CUST-12263,2024-07-28,standard,35.95,17,2,26,,active,0
CUST-12264,2024-07-26,premium,83.35,17,0,14,,active,0
CUST-12265,2024-07-26,basic,13.58,17,3,24,,active,0
CUST-12266,2024-07-28,basic,12.13,17,3,14,no longer needed,closed,1
CUST-12267,2024-07-28,premium,80.80,17,2,28,,active,0
CUST-12268,2024-07-28,basic,10.91,17,3,29,price,closed,1
CUST-12269,2024-07-26,standard,31.98,17,4,11,poor support,closed,1
CUST-12270,2024-07-26,basic,13.17,17,2,33,,active,0
CUST-12271,2024-07-28,standard,34.01,17,2,5,,active,0
CUST-12272,2024-07-28,standard,34.02,17,5,7,price,closed,1
CUST-12273,2024-07-27,basic,13.73,17,2,25,,active,0
CUST-12274,2024-07-26,standard,36.09,17,0,1,,active,0
CUST-12275,2024-07-27,standard,36.56,17,1,28,,active,0
CUST-12276,2024-07-29,basic,12.84,17,2,31,poor support,closed,1
CUST-12277,2024-07-26,premium,92.27,17,1,3,,active,0
CUST-12278,2024-07-29,premium,94.77,17,0,7,,active,0
CUST-12279,2024-07-28,basic,11.18,17,2,25,,active,0
CUST-12280,2024-07-27,standard,31.60,17,1,10,,active,0
CUST-12281,2024-07-29,basic,11.22,17,3,37,missing features,closed,1
CUST-12282,2024-07-29,standard,33.76,17,2,15,,active,0
CUST-12283,2024-07-29,standard,39.68,17,5,4,moved to competitor,closed,1
CUST-12284,2024-07-29,basic,13.03,17,4,26,price,closed,1
CUST-12285,2024-07-27,standard,32.42,17,1,0,moved to competitor,closed,1
CUST-12286,2024-07-28,basic,12.88,17,2,10,,active,0
CUST-12287,2024-07-27,basic,11.77,17,2,32,missing features,closed,1
CUST-12288,2024-07-27,standard,40.15,17,1,12,,active,0
CUST-12289,2024-07-28,standard,37.24,17,2,22,,active,0
CUST-12290,2024-07-30,basic,12.29,17,6,32,missing features,closed,1
CUST-12291,2024-07-31,premium,94.81,17,1,17,,active,0
CUST-12292,2024-07-30,basic,13.74,17,0,19,,active,0
CUST-12293,2024-07-30,basic,12.02,17,1,36,,active,0
CUST-12294,2024-07-29,basic,12.17,17,3,25,,active,0
CUST-12295,2024-07-30,basic,12.36,17,2,31,poor support,closed,1
CUST-12296,2024-07-29,standard,36.41,17,1,7,,active,0
CUST-12297,2024-07-28,basic,12.87,17,6,15,no longer needed,closed,1
CUST-12298,2024-07-29,basic,12.97,17,1,17,,active,0
CUST-12299,2024-07-31,basic,12.58,17,2,23,,active,0
CUST-12300,2024-07-28,premium,94.68,17,1,0,moved to competitor,closed,1
CUST-12301,2024-07-28,standard,31.96,17,4,19,moved to competitor,closed,1
CUST-12302,2024-07-29,premium,90.21,17,0,1,,active,0
CUST-12303,2024-07-30,standard,32.33,17,1,20,missing features,closed,1
CUST-12304,2024-08-01,standard,35.39,17,3,0,poor support,closed,1
CUST-12305,2024-08-01,basic,12.28,17,0,34,,active,0
CUST-12306,2024-07-31,basic,11.54,17,1,18,,active,0
CUST-12307,2024-07-31,basic,11.28,17,0,20,,active,0
CUST-12308,2024-08-01,basic,13.23,17,4,22,price,closed,1
CUST-12309,2024-07-31,basic,10.83,17,4,27,moved to competitor,closed,1
CUST-12310,2024-07-30,basic,13.21,17,1,24,,active,0
CUST-12311,2024-07-31,premium,83.02,17,3,22,,active,0
CUST-12312,2024-07-31,standard,31.55,17,2,7,no longer needed,closed,1
CUST-12313,2024-08-01,basic,11.70,17,1,18,poor support,closed,1
CUST-12314,2024-07-30,basic,12.78,17,1,31,missing features,closed,1
CUST-12315,2024-07-30,basic,13.42,17,0,36,,active,0
CUST-12316,2024-08-01,premium,86.99,17,0,16,,active,0
CUST-12317,2024-08-01,standard,36.27,17,1,24,,active,0
CUST-12318,2024-08-01,basic,10.99,17,5,27,poor support,closed,1
CUST-12319,2024-07-30,basic,12.34,17,0,43,,active,0
CUST-12320,2024-08-02,standard,40.10,17,2,29,,active,0
CUST-12321,2024-07-31,basic,12.27,17,0,24,,active,0
CUST-12322,2024-07-31,basic,13.00,17,0,34,,active,0
CUST-12323,2024-08-01,basic,12.38,17,2,53,moved to competitor,closed,1
CUST-12324,2024-08-03,basic,12.68,17,2,18,,active,0
CUST-12325,2024-08-02,basic,13.00,17,0,25,,active,0
CUST-12326,2024-07-31,standard,31.68,17,2,16,,active,0
CUST-12327,2024-08-02,standard,31.96,17,2,10,no longer needed,closed,1
CUST-12328,2024-08-01,standard,36.79,17,4,24,poor support,closed,1
CUST-12329,2024-08-01,basic,10.82,17,1,31,,active,0
CUST-12330,2024-07-31,basic,11.69,17,4,40,poor support,closed,1
CUST-12331,2024-08-02,standard,33.79,17,6,24,missing features,closed,1
CUST-12332,2024-07-31,standard,33.39,17,0,13,,active,0
CUST-12333,2024-07-31,standard,37.00,17,0,13,,active,0
CUST-12334,2024-08-01,basic,10.83,17,1,31,,active,0
CUST-12335,2024-08-01,basic,12.52,17,5,25,no longer needed,closed,1
CUST-12336,2024-08-04,standard,34.44,17,0,13,,active,0
CUST-12337,2024-08-01,standard,36.65,17,1,28,,active,0
CUST-12338,2024-08-04,basic,13.25,17,6,38,no longer needed,closed,1
CUST-12339,2024-08-01,standard,31.87,17,0,31,,active,0
CUST-12340,2024-08-03,basic,12.92,17,7,30,poor support,closed,1
CUST-12341,2024-08-04,standard,32.52,17,1,27,price,closed,1
CUST-12342,2024-08-01,standard,39.78,17,0,12,,active,0
CUST-12343,2024-08-01,basic,10.87,17,1,22,,active,0
CUST-12344,2024-08-04,basic,12.62,17,0,22,,active,0
CUST-12345,2024-08-04,standard,38.36,17,1,12,,active,0
CUST-12346,2024-08-03,standard,38.69,17,5,22,missing features,closed,1
CUST-12347,2024-08-05,premium,96.67,17,1,4,,active,0
CUST-12348,2024-08-04,standard,37.11,17,2,3,,active,0
CUST-12349,2024-08-05,standard,32.16,17,0,7,,active,0
CUST-12350,2024-08-04,standard,35.91,17,0,20,,active,0
CUST-12351,2024-08-05,basic,11.89,17,2,15,moved to competitor,closed,1
CUST-12352,2024-08-05,basic,11.99,17,2,29,no longer needed,closed,1
CUST-12353,2024-08-02,premium,94.37,17,1,33,,active,0
CUST-12354,2024-08-03,basic,12.60,17,2,27,poor support,closed,1
CUST-12355,2024-08-05,basic,11.24,17,2,19,price,closed,1
CUST-12356,2024-08-03,standard,33.86,17,5,14,price,closed,1
CUST-12357,2024-08-06,basic,11.02,17,0,24,,active,0
CUST-12358,2024-08-03,premium,92.86,17,1,9,moved to competitor,closed,1
CUST-12359,2024-08-04,basic,12.36,17,1,28,,active,0
CUST-12360,2024-08-06,standard,32.14,17,1,25,,active,0
CUST-12361,2024-08-06,standard,34.69,17,1,10,,active,0
CUST-12362,2024-08-05,premium,85.12,17,0,9,,active,0
CUST-12363,2024-08-04,standard,37.18,17,2,0,,active,0
CUST-12364,2024-08-03,basic,11.98,17,0,15,,active,0
CUST-12365,2024-08-06,premium,93.94,17,0,11,,active,0
CUST-12366,2024-08-05,standard,33.38,17,1,8,,active,0
CUST-12367,2024-08-05,basic,13.08,17,3,36,price,closed,1
CUST-12368,2024-08-05,standard,33.68,17,0,23,,active,0
CUST-12369,2024-08-04,basic,11.60,17,2,33,moved to competitor,closed,1
CUST-12370,2024-08-07,standard,33.85,17,1,8,,active,0
CUST-12371,2024-08-05,premium,99.02,17,1,15,,active,0
CUST-12372,2024-08-04,premium,91.17,17,0,7,,active,0
CUST-12373,2024-08-06,basic,13.42,17,1,8,,active,0
CUST-12374,2024-08-04,basic,11.51,17,2,14,,active,0
CUST-12375,2024-08-06,basic,12.60,17,1,39,,active,0
CUST-12376,2024-08-06,standard,36.49,17,4,12,missing features,closed,1
CUST-12377,2024-08-05,standard,37.15,17,2,26,,active,0
CUST-12378,2024-08-06,basic,13.15,17,5,27,missing features,closed,1
CUST-12379,2024-08-06,basic,11.52,17,1,20,,active,0
CUST-12380,2024-08-07,basic,12.27,17,0,18,,active,0
CUST-12381,2024-08-05,basic,12.70,17,3,17,missing features,closed,1
CUST-12382,2024-08-08,basic,13.61,17,4,22,price,closed,1
CUST-12383,2024-08-06,basic,13.65,17,3,30,poor support,closed,1
CUST-12384,2024-08-07,standard,36.71,17,2,11,,active,0
CUST-12385,2024-08-06,basic,13.22,17,5,23,poor support,closed,1
CUST-12386,2024-08-07,standard,39.61,17,0,9,,active,0
CUST-12387,2024-08-05,premium,87.88,17,2,9,,active,0
CUST-12388,2024-08-05,standard,39.41,17,0,18,,active,0
CUST-12389,2024-08-05,basic,11.21,17,0,41,,active,0
CUST-12390,2024-08-08,standard,34.09,17,0,6,,active,0
CUST-12391,2024-08-07,standard,36.72,17,1,8,,active,0
CUST-12392,2024-08-07,standard,33.05,17,0,17,,active,0
CUST-12393,2024-08-08,basic,12.52,17,1,11,,active,0
CUST-12394,2024-08-09,standard,34.03,17,0,11,,active,0
CUST-12395,2024-08-08,basic,12.62,17,2,46,,active,0
CUST-12396,2024-08-09,standard,31.59,17,0,23,,active,0
CUST-12397,2024-08-07,basic,13.49,17,0,19,,active,0
CUST-12398,2024-08-08,premium,93.47,17,0,22,,active,0
CUST-12399,2024-08-07,basic,11.22,17,1,50,price,closed,1
CUST-12400,2024-08-09,premium,96.27,17,0,20,,active,0
CUST-12401,2024-08-10,basic,13.45,16,4,38,price,closed,1
CUST-12402,2024-08-07,premium,92.60,17,1,10,,active,0
CUST-12403,2024-08-10,basic,13.70,16,0,20,,active,0
CUST-12404,2024-08-08,basic,13.70,17,2,34,no longer needed,closed,1
CUST-12405,2024-08-07,basic,13.70,17,1,39,,active,0
CUST-12406,2024-08-10,standard,39.24,16,2,15,,active,0
CUST-12407,2024-08-07,premium,90.61,17,1,10,,active,0
CUST-12408,2024-08-10,standard,38.65,16,0,22,,active,0
CUST-12409,2024-08-07,standard,38.46,17,0,7,,active,0
CUST-12410,2024-08-08,basic,12.18,17,3,36,poor support,closed,1
CUST-12411,2024-08-08,standard,36.16,17,1,6,,active,0
CUST-12412,2024-08-08,standard,36.94,17,1,14,,active,0
CUST-12413,2024-08-10,standard,37.59,16,2,8,,active,0
CUST-12414,2024-08-09,basic,12.46,17,1,33,,active,0
CUST-12415,2024-08-09,basic,11.25,17,2,17,moved to competitor,closed,1
CUST-12416,2024-08-11,basic,11.79,16,2,24,missing features,closed,1
CUST-12417,2024-08-09,standard,35.06,17,1,6,,active,0
CUST-12418,2024-08-08,standard,32.67,17,4,23,poor support,closed,1
CUST-12419,2024-08-09,basic,12.40,17,0,24,,active,0
CUST-12420,2024-08-08,basic,12.61,17,0,28,,active,0
CUST-12421,2024-08-08,basic,13.49,17,2,43,poor support,closed,1
CUST-12422,2024-08-11,standard,36.08,16,0,10,,active,0
CUST-12423,2024-08-10,premium,96.66,16,2,21,,active,0
CUST-12424,2024-08-11,basic,13.71,16,5,21,moved to competitor,closed,1
CUST-12425,2024-08-10,basic,10.87,16,3,29,,active,0
CUST-12426,2024-08-12,premium,91.22,16,3,12,no longer needed,closed,1
CUST-12427,2024-08-09,premium,84.45,17,0,24,,active,0
CUST-12428,2024-08-10,premium,98.50,16,0,3,,active,0
CUST-12429,2024-08-11,premium,97.90,16,1,15,,active,0
CUST-12430,2024-08-12,basic,11.86,16,0,10,,active,0
CUST-12431,2024-08-11,basic,13.13,16,0,23,,active,0
CUST-12432,2024-08-11,basic,10.86,16,0,17,,active,0
CUST-12433,2024-08-10,premium,102.12,16,2,3,no longer needed,closed,1
CUST-12434,2024-08-11,standard,34.96,16,1,10,,active,0
CUST-12435,2024-08-13,standard,40.07,16,2,25,,active,0
CUST-12436,2024-08-13,standard,39.31,16,1,1,price,closed,1
CUST-12437,2024-08-10,premium,94.19,16,0,16,,active,0
CUST-12438,2024-08-10,premium,96.00,16,3,28,,active,0
CUST-12439,2024-08-11,basic,11.61,16,1,29,no longer needed,closed,1
CUST-12440,2024-08-11,standard,37.63,16,0,23,,active,0
CUST-12441,2024-08-11,basic,12.22,16,2,16,missing features,closed,1
CUST-12442,2024-08-11,premium,101.76,16,1,13,,active,0
CUST-12443,2024-08-10,basic,12.61,16,0,8,,active,0
CUST-12444,2024-08-14,premium,94.22,16,1,25,poor support,closed,1
CUST-12445,2024-08-12,standard,37.64,16,0,26,,active,0
CUST-12446,2024-08-11,standard,32.83,16,0,27,,active,0
CUST-12447,2024-08-13,premium,101.35,16,1,15,,active,0
CUST-12448,2024-08-12,standard,37.34,16,0,19,,active,0
CUST-12449,2024-08-14,standard,33.11,16,1,15,,active,0
CUST-12450,2024-08-14,standard,33.36,16,2,12,,active,0
CUST-12451,2024-08-12,standard,36.14,16,1,23,,active,0
CUST-12452,2024-08-12,basic,11.88,16,2,17,,active,0
CUST-12453,2024-08-12,basic,10.93,16,1,23,,active,0
CUST-12454,2024-08-12,standard,32.34,16,0,20,,active,0
CUST-12455,2024-08-14,premium,94.75,16,2,0,,active,0
CUST-12456,2024-08-15,standard,36.06,16,0,17,,active,0
CUST-12457,2024-08-13,standard,33.69,16,0,4,,active,0
CUST-12458,2024-08-12,standard,38.98,16,4,33,missing features,closed,1
CUST-12459,2024-08-14,premium,90.71,16,0,14,,active,0
CUST-12460,2024-08-12,standard,38.33,16,0,6,,active,0
CUST-12461,2024-08-13,basic,12.03,16,3,25,price,closed,1
CUST-12462,2024-08-13,premium,89.92,16,3,0,,active,0
CUST-12463,2024-08-14,basic,11.63,16,0,34,,active,0
CUST-12464,2024-08-15,standard,32.78,16,0,21,,active,0
CUST-12465,2024-08-15,basic,11.87,16,4,27,moved to competitor,closed,1
CUST-12466,2024-08-15,premium,97.32,16,1,15,,active,0
CUST-12467,2024-08-16,basic,12.11,16,2,18,,active,0
CUST-12468,2024-08-15,standard,34.19,16,0,9,,active,0
CUST-12469,2024-08-16,standard,37.26,16,0,11,,active,0
CUST-12470,2024-08-16,standard,36.64,16,3,6,poor support,closed,1
CUST-12471,2024-08-14,standard,33.25,16,1,23,,active,0
CUST-12472,2024-08-16,standard,37.31,16,1,16,,active,0
CUST-12473,2024-08-15,basic,10.86,16,0,6,,active,0
CUST-12474,2024-08-14,basic,11.66,16,4,18,moved to competitor,closed,1
CUST-12475,2024-08-16,standard,38.66,16,1,10,,active,0
CUST-12476,2024-08-14,premium,82.45,16,0,11,,active,0
CUST-12477,2024-08-16,basic,10.86,16,4,25,price,closed,1
CUST-12478,2024-08-17,standard,39.74,16,6,0,price,closed,1
CUST-12479,2024-08-14,premium,89.38,16,1,21,,active,0
CUST-12480,2024-08-14,standard,32.58,16,1,17,,active,0
CUST-12481,2024-08-17,basic,13.06,16,3,25,price,closed,1
CUST-12482,2024-08-14,basic,13.13,16,2,20,poor support,closed,1
CUST-12483,2024-08-17,standard,38.77,16,1,0,,active,0
CUST-12484,2024-08-16,basic,13.34,16,5,20,poor support,closed,1
CUST-12485,2024-08-14,basic,13.07,16,3,46,,active,0
CUST-12486,2024-08-15,standard,33.95,16,1,10,,active,0
CUST-12487,2024-08-15,premium,93.20,16,2,2,,active,0
CUST-12488,2024-08-15,basic,13.70,16,2,42,,active,0
CUST-12489,2024-08-15,standard,38.05,16,4,5,price,closed,1
CUST-12490,2024-08-15,premium,93.42,16,2,19,no longer needed,closed,1
CUST-12491,2024-08-16,basic,13.79,16,4,21,poor support,closed,1
CUST-12492,2024-08-15,standard,37.90,16,5,21,missing features,closed,1
CUST-12493,2024-08-16,standard,34.55,16,0,10,,active,0
CUST-12494,2024-08-15,standard,39.80,16,1,15,,active,0
CUST-12495,2024-08-18,premium,92.27,16,2,3,,active,0
CUST-12496,2024-08-17,standard,38.20,16,4,4,moved to competitor,closed,1
CUST-12497,2024-08-17,premium,100.04,16,1,6,,active,0
CUST-12498,2024-08-18,standard,31.96,16,3,7,missing features,closed,1
CUST-12499,2024-08-19,basic,11.21,16,2,12,,active,0
CUST-12500,2024-08-19,standard,31.71,16,0,0,,active,0
CUST-12501,2024-08-19,standard,33.19,16,0,8,,active,0
CUST-12502,2024-08-16,standard,35.41,16,5,29,poor support,closed,1
CUST-12503,2024-08-17,standard,32.84,16,4,11,poor support,closed,1
CUST-12504,2024-08-16,standard,35.32,16,6,29,poor support,closed,1
CUST-12505,2024-08-17,standard,37.42,16,1,41,,active,0
CUST-12506,2024-08-16,basic,12.83,16,2,18,,active,0
CUST-12507,2024-08-18,basic,10.85,16,3,45,poor support,closed,1
CUST-12508,2024-08-16,basic,12.75,16,3,42,poor support,closed,1
CUST-12509,2024-08-16,basic,12.18,16,0,11,,active,0
CUST-12510,2024-08-19,basic,11.01,16,1,23,,active,0
CUST-12511,2024-08-19,basic,12.17,16,0,26,,active,0
CUST-12512,2024-08-19,basic,11.00,16,0,43,,active,0
CUST-12513,2024-08-19,standard,33.03,16,1,15,,active,0
CUST-12514,2024-08-20,premium,95.86,16,1,13,,active,0
CUST-12515,2024-08-18,basic,11.48,16,1,15,,active,0
CUST-12516,2024-08-20,standard,37.95,16,1,15,,active,0
CUST-12517,2024-08-18,basic,11.57,16,3,19,poor support,closed,1
CUST-12518,2024-08-19,basic,12.11,16,0,31,,active,0
CUST-12519,2024-08-20,standard,35.28,16,0,21,,active,0
CUST-12520,2024-08-17,standard,39.07,16,1,0,,active,0
CUST-12521,2024-08-18,premium,81.30,16,1,8,,active,0
CUST-12522,2024-08-18,premium,98.88,16,1,9,,active,0
CUST-12523,2024-08-18,standard,38.06,16,3,6,missing features,closed,1
CUST-12524,2024-08-21,basic,12.39,16,1,20,,active,0
CUST-12525,2024-08-18,premium,93.59,16,0,22,,active,0
CUST-12526,2024-08-20,basic,11.93,16,4,30,moved to competitor,closed,1
CUST-12527,2024-08-20,basic,13.36,16,2,23,,active,0
CUST-12528,2024-08-18,standard,32.10,16,2,10,,active,0
CUST-12529,2024-08-18,standard,34.05,16,1,14,,active,0
CUST-12530,2024-08-20,standard,37.76,16,1,20,,active,0
CUST-12531,2024-08-19,standard,35.20,16,3,8,missing features,closed,1
CUST-12532,2024-08-22,basic,12.10,16,0,8,,active,0
CUST-12533,2024-08-19,basic,13.71,16,0,23,,active,0
CUST-12534,2024-08-20,premium,81.35,16,2,13,,active,0
CUST-12535,2024-08-19,premium,97.06,16,0,0,,active,0
CUST-12536,2024-08-20,basic,12.46,16,2,3,,active,0
CUST-12537,2024-08-21,premium,87.67,16,1,25,,active,0
CUST-12538,2024-08-20,basic,13.71,16,2,28,moved to competitor,closed,1
CUST-12539,2024-08-21,standard,36.68,16,2,0,,active,0
CUST-12540,2024-08-20,basic,13.24,16,1,26,price,closed,1
CUST-12541,2024-08-20,standard,35.86,16,1,13,,active,0
CUST-12542,2024-08-19,basic,12.57,16,3,19,moved to competitor,closed,1
CUST-12543,2024-08-20,basic,12.06,16,0,29,,active,0
CUST-12544,2024-08-21,standard,31.98,16,1,2,,active,0
CUST-12545,2024-08-22,premium,94.64,16,0,5,,active,0
CUST-12546,2024-08-21,premium,93.02,16,0,1,,active,0
CUST-12547,2024-08-23,standard,38.61,16,4,15,missing features,closed,1
CUST-12548,2024-08-20,standard,38.00,16,0,4,,active,0
CUST-12549,2024-08-23,premium,97.18,16,0,10,,active,0
CUST-12550,2024-08-21,standard,39.89,16,2,7,,active,0
CUST-12551,2024-08-23,standard,39.12,16,0,15,,active,0
CUST-12552,2024-08-22,standard,36.30,16,1,6,,active,0
CUST-12553,2024-08-22,standard,31.80,16,5,14,missing features,closed,1
CUST-12554,2024-08-24,standard,36.39,16,4,2,missing features,closed,1
CUST-12555,2024-08-21,basic,13.45,16,2,20,,active,0
CUST-12556,2024-08-21,standard,33.06,16,1,5,,active,0
CUST-12557,2024-08-24,basic,11.50,16,5,24,poor support,closed,1
CUST-12558,2024-08-23,standard,32.41,16,2,11,,active,0
CUST-12559,2024-08-22,standard,37.37,16,1,14,,active,0
CUST-12560,2024-08-23,basic,11.98,16,1,18,,active,0
CUST-12561,2024-08-22,standard,32.25,16,0,8,,active,0
CUST-12562,2024-08-21,standard,36.77,16,2,0,,active,0
CUST-12563,2024-08-23,basic,13.09,16,3,32,missing features,closed,1
CUST-12564,2024-08-21,standard,34.87,16,0,4,,active,0
CUST-12565,2024-08-22,premium,96.71,16,1,2,,active,0
CUST-12566,2024-08-24,basic,12.72,16,5,35,poor support,closed,1
CUST-12567,2024-08-24,standard,40.12,16,3,21,no longer needed,closed,1
CUST-12568,2024-08-22,standard,34.80,16,0,12,,active,0
CUST-12569,2024-08-24,standard,34.52,16,1,5,,active,0
CUST-12570,2024-08-22,basic,12.57,16,5,22,missing features,closed,1
CUST-12571,2024-08-22,standard,39.69,16,1,9,,active,0
CUST-12572,2024-08-24,basic,12.73,16,2,31,,active,0
CUST-12573,2024-08-24,basic,11.41,16,3,20,moved to competitor,closed,1
CUST-12574,2024-08-24,basic,13.77,16,3,20,,active,0
CUST-12575,2024-08-23,standard,32.60,16,0,7,,active,0
CUST-12576,2024-08-26,basic,13.14,16,4,38,missing features,closed,1
CUST-12577,2024-08-26,basic,13.27,16,2,32,,active,0
CUST-12578,2024-08-23,standard,38.14,16,1,18,,active,0
CUST-12579,2024-08-26,premium,83.06,16,1,15,,active,0
CUST-12580,2024-08-26,premium,87.71,16,5,28,price,closed,1
CUST-12581,2024-08-24,premium,81.52,16,1,17,,active,0
CUST-12582,2024-08-26,basic,13.70,16,3,26,moved to competitor,closed,1
CUST-12583,2024-08-24,standard,36.60,16,2,18,,active,0
CUST-12584,2024-08-25,basic,13.73,16,1,31,,active,0
CUST-12585,2024-08-23,basic,11.57,16,2,22,no longer needed,closed,1
CUST-12586,2024-08-25,standard,36.25,16,0,15,,active,0
CUST-12587,2024-08-25,standard,31.67,16,1,23,,active,0
CUST-12588,2024-08-24,standard,35.32,16,0,5,,active,0
CUST-12589,2024-08-27,premium,95.37,16,1,29,,active,0
CUST-12590,2024-08-27,premium,87.66,16,1,7,,active,0
CUST-12591,2024-08-26,basic,12.60,16,1,33,,active,0
CUST-12592,2024-08-26,basic,11.25,16,2,27,,active,0
CUST-12593,2024-08-25,premium,87.36,16,1,7,,active,0
CUST-12594,2024-08-24,standard,39.16,16,4,12,price,closed,1
CUST-12595,2024-08-25,premium,99.33,16,1,0,,active,0
CUST-12596,2024-08-24,standard,35.66,16,4,25,poor support,closed,1
CUST-12597,2024-08-24,standard,37.76,16,2,26,moved to competitor,closed,1
CUST-12598,2024-08-28,basic,10.85,16,1,27,,active,0
CUST-12599,2024-08-28,basic,11.96,16,1,36,,active,0
CUST-12600,2024-08-27,basic,11.17,16,3,29,no longer needed,closed,1
CUST-12601,2024-08-27,basic,12.89,16,5,31,no longer needed,closed,1
CUST-12602,2024-08-25,basic,11.94,16,2,10,,active,0
CUST-12603,2024-08-26,standard,35.18,16,6,25,missing features,closed,1
CUST-12604,2024-08-28,standard,38.08,16,3,11,,active,0
CUST-12605,2024-08-25,basic,12.99,16,0,14,,active,0
CUST-12606,2024-08-25,basic,11.84,16,4,32,price,closed,1
CUST-12607,2024-08-26,standard,38.12,16,0,16,,active,0
CUST-12608,2024-08-28,premium,92.53,16,0,22,,active,0
CUST-12609,2024-08-28,premium,98.20,16,0,5,,active,0
CUST-12610,2024-08-28,basic,12.19,16,2,22,,active,0
CUST-12611,2024-08-29,standard,39.33,16,0,22,,active,0
CUST-12612,2024-08-29,standard,39.09,16,1,11,,active,0
CUST-12613,2024-08-27,basic,11.16,16,3,21,moved to competitor,closed,1
CUST-12614,2024-08-26,basic,12.45,16,2,31,missing features,closed,1
CUST-12615,2024-08-28,standard,32.82,16,0,18,,active,0
CUST-12616,2024-08-28,premium,87.00,16,0,14,,active,0
CUST-12617,2024-08-28,basic,12.97,16,0,20,,active,0
CUST-12618,2024-08-27,standard,37.67,16,0,5,,active,0
CUST-12619,2024-08-29,basic,12.96,16,5,26,no longer needed,closed,1
CUST-12620,2024-08-28,basic,13.49,16,1,25,,active,0
CUST-12621,2024-08-30,premium,81.25,16,1,0,,active,0
CUST-12622,2024-08-27,basic,11.15,16,3,17,no longer needed,closed,1
CUST-12623,2024-08-29,basic,11.56,16,2,19,no longer needed,closed,1
CUST-12624,2024-08-29,standard,33.40,16,1,28,,active,0
CUST-12625,2024-08-27,standard,34.21,16,1,26,,active,0
CUST-12626,2024-08-30,premium,80.37,16,0,22,,active,0
CUST-12627,2024-08-27,basic,12.19,16,0,22,,active,0
CUST-12628,2024-08-29,standard,32.75,16,1,13,,active,0
CUST-12629,2024-08-29,standard,36.63,16,0,28,,active,0
CUST-12630,2024-08-29,basic,11.12,16,5,19,no longer needed,closed,1
CUST-12631,2024-08-28,premium,100.39,16,0,5,,active,0
CUST-12632,2024-08-31,standard,34.01,16,0,27,,active,0
CUST-12633,2024-08-28,basic,10.95,16,3,26,missing features,closed,1
CUST-12634,2024-08-29,premium,97.07,16,1,6,,active,0
CUST-12635,2024-08-30,standard,37.86,16,0,8,,active,0
CUST-12636,2024-08-28,basic,12.48,16,5,13,poor support,closed,1
CUST-12637,2024-08-29,basic,13.64,16,3,17,,active,0
CUST-12638,2024-08-28,basic,12.41,16,0,33,,active,0
CUST-12639,2024-08-28,standard,40.08,16,0,11,,active,0
CUST-12640,2024-08-28,premium,100.31,16,0,2,,active,0
CUST-12641,2024-08-30,premium,96.54,16,0,0,,active,0
CUST-12642,2024-09-01,basic,12.82,16,2,36,poor support,closed,1
CUST-12643,2024-08-30,standard,36.92,16,0,18,,active,0
CUST-12644,2024-08-29,premium,89.46,16,0,23,,active,0
CUST-12645,2024-08-30,standard,35.00,16,0,6,,active,0
CUST-12646,2024-08-30,premium,97.35,16,1,10,,active,0
CUST-12647,2024-08-30,standard,32.24,16,2,20,,active,0
CUST-12648,2024-08-30,basic,11.71,16,0,9,,active,0
CUST-12649,2024-08-29,standard,33.10,16,2,27,,active,0
CUST-12650,2024-08-31,basic,10.88,16,1,32,,active,0
CUST-12651,2024-08-30,standard,36.03,16,2,19,,active,0
CUST-12652,2024-08-30,standard,33.33,16,0,8,,active,0
CUST-12653,2024-08-30,standard,39.10,16,0,29,,active,0
CUST-12654,2024-09-02,standard,32.85,16,2,19,,active,0
CUST-12655,2024-08-31,standard,32.60,16,2,24,,active,0
CUST-12656,2024-08-31,basic,11.00,16,2,20,,active,0
CUST-12657,2024-09-01,premium,89.95,16,2,17,poor support,closed,1
CUST-12658,2024-08-30,premium,88.85,16,1,22,,active,0
CUST-12659,2024-08-31,basic,12.33,16,6,26,no longer needed,closed,1
CUST-12660,2024-09-01,premium,95.68,16,1,6,,active,0
CUST-12661,2024-09-01,standard,33.20,16,0,11,,active,0
CUST-12662,2024-09-01,premium,90.49,16,4,25,missing features,closed,1
CUST-12663,2024-08-31,standard,37.04,16,1,0,,active,0
CUST-12664,2024-09-01,basic,12.44,16,2,32,,active,0
CUST-12665,2024-09-01,basic,12.73,16,0,28,,active,0
CUST-12666,2024-09-01,premium,85.08,16,4,27,no longer needed,closed,1
CUST-12667,2024-09-02,basic,11.56,16,4,22,no longer needed,closed,1
CUST-12668,2024-08-31,basic,12.80,16,2,37,,active,0
CUST-12669,2024-08-31,premium,97.00,16,3,20,,active,0
CUST-12670,2024-09-01,standard,33.07,16,2,14,,active,0
CUST-12671,2024-09-01,basic,13.43,16,2,34,poor support,closed,1
CUST-12672,2024-09-01,basic,11.92,16,1,27,missing features,closed,1
CUST-12673,2024-09-01,premium,95.60,16,0,19,,active,0
CUST-12674,2024-09-03,basic,12.99,16,0,12,,active,0
CUST-12675,2024-09-02,standard,36.09,16,4,24,price,closed,1
CUST-12676,2024-09-01,basic,11.31,16,0,25,,active,0
CUST-12677,2024-09-03,basic,11.52,16,1,32,,active,0
CUST-12678,2024-09-04,basic,11.09,16,2,14,,active,0
CUST-12679,2024-09-04,basic,12.98,16,0,32,,active,0
CUST-12680,2024-09-03,standard,32.36,16,0,25,,active,0
CUST-12681,2024-09-01,premium,82.07,16,1,17,,active,0
CUST-12682,2024-09-01,standard,32.51,16,0,12,,active,0
CUST-12683,2024-09-04,basic,12.49,16,0,24,,active,0
CUST-12684,2024-09-02,standard,39.43,16,4,14,poor support,closed,1
CUST-12685,2024-09-02,basic,12.77,16,1,14,,active,0
CUST-12686,2024-09-02,premium,86.05,16,2,0,,active,0
CUST-12687,2024-09-05,basic,11.96,16,1,21,,active,0
CUST-12688,2024-09-05,premium,82.98,16,2,19,moved to competitor,closed,1
CUST-12689,2024-09-05,standard,39.70,16,0,10,,active,0
CUST-12690,2024-09-03,basic,10.81,16,5,29,poor support,closed,1
CUST-12691,2024-09-02,premium,99.91,16,0,31,,active,0
CUST-12692,2024-09-02,basic,13.09,16,1,19,moved to competitor,closed,1
CUST-12693,2024-09-02,basic,13.31,16,2,33,,active,0
CUST-12694,2024-09-04,basic,10.98,16,3,39,missing features,closed,1
CUST-12695,2024-09-05,basic,13.27,16,6,32,poor support,closed,1
CUST-12696,2024-09-06,basic,12.44,16,0,29,,active,0
CUST-12697,2024-09-03,basic,11.45,16,0,15,,active,0
CUST-12698,2024-09-03,premium,94.27,16,1,10,,active,0
CUST-12699,2024-09-05,basic,12.15,16,1,15,,active,0
CUST-12700,2024-09-03,standard,37.02,16,1,13,,active,0
CUST-12701,2024-09-03,basic,11.37,16,5,30,missing features,closed,1
CUST-12702,2024-09-04,basic,10.97,16,6,51,moved to competitor,closed,1
CUST-12703,2024-09-06,standard,39.11,16,0,0,,active,0
CUST-12704,2024-09-03,standard,33.91,16,5,19,poor support,closed,1
CUST-12705,2024-09-05,standard,37.68,16,1,27,,active,0
CUST-12706,2024-09-06,basic,12.37,16,1,23,,active,0
CUST-12707,2024-09-04,premium,87.67,16,0,7,,active,0
CUST-12708,2024-09-04,standard,34.26,16,1,11,,active,0
CUST-12709,2024-09-05,basic,11.84,16,2,10,poor support,closed,1
CUST-12710,2024-09-05,basic,13.18,16,2,40,no longer needed,closed,1
CUST-12711,2024-09-07,standard,35.86,16,0,6,,active,0
CUST-12712,2024-09-05,basic,11.99,16,1,35,poor support,closed,1
CUST-12713,2024-09-07,standard,31.87,16,0,11,,active,0
CUST-12714,2024-09-04,standard,39.20,16,2,25,,active,0
CUST-12715,2024-09-07,standard,36.68,16,1,6,,active,0
CUST-12716,2024-09-07,basic,13.54,16,0,21,,active,0
CUST-12717,2024-09-06,premium,95.95,16,2,15,,active,0
CUST-12718,2024-09-08,basic,12.40,16,2,17,poor support,closed,1
CUST-12719,2024-09-06,basic,11.67,16,1,20,no longer needed,closed,1
CUST-12720,2024-09-08,basic,12.71,16,0,25,,active,0
CUST-12721,2024-09-07,basic,11.73,16,0,23,,active,0
CUST-12722,2024-09-05,standard,34.82,16,4,3,missing features,closed,1
CUST-12723,2024-09-07,premium,85.30,16,0,0,,active,0
CUST-12724,2024-09-08,basic,12.26,16,0,16,,active,0
CUST-12725,2024-09-07,standard,33.79,16,1,20,,active,0
CUST-12726,2024-09-06,standard,32.44,16,1,20,,active,0
CUST-12727,2024-09-07,premium,86.13,16,1,7,,active,0
CUST-12728,2024-09-06,basic,11.40,16,2,23,,active,0
CUST-12729,2024-09-07,standard,39.90,16,2,9,,active,0
CUST-12730,2024-09-09,basic,13.61,15,3,38,no longer needed,closed,1
CUST-12731,2024-09-08,standard,37.16,16,0,17,,active,0
CUST-12732,2024-09-06,basic,11.27,16,1,9,,active,0
CUST-12733,2024-09-06,standard,34.29,16,3,18,,active,0
CUST-12734,2024-09-09,basic,13.19,15,0,30,,active,0
CUST-12735,2024-09-08,standard,34.78,16,0,18,,active,0
CUST-12736,2024-09-06,basic,13.58,16,4,35,price,closed,1
CUST-12737,2024-09-09,premium,101.89,15,4,18,no longer needed,closed,1
CUST-12738,2024-09-06,basic,11.97,16,1,31,,active,0
CUST-12739,2024-09-08,premium,99.38,16,1,10,,active,0
CUST-12740,2024-09-07,premium,88.21,16,1,24,,active,0
CUST-12741,2024-09-10,standard,32.87,15,3,19,missing features,closed,1
CUST-12742,2024-09-07,standard,38.18,16,1,7,,active,0
CUST-12743,2024-09-09,basic,12.91,15,4,26,missing features,closed,1
CUST-12744,2024-09-08,basic,12.54,16,4,34,poor support,closed,1
CUST-12745,2024-09-08,standard,33.32,16,3,13,,active,0
CUST-12746,2024-09-08,standard,39.65,16,1,0,,active,0
CUST-12747,2024-09-09,premium,80.58,15,1,19,,active,0
CUST-12748,2024-09-10,basic,11.50,15,3,16,,active,0
CUST-12749,2024-09-07,standard,32.52,16,1,23,,active,0
CUST-12750,2024-09-09,basic,11.00,15,4,40,poor support,closed,1
CUST-12751,2024-09-10,premium,90.63,15,1,1,,active,0
CUST-12752,2024-09-11,basic,13.10,15,2,33,poor support,closed,1
CUST-12753,2024-09-09,basic,11.25,15,3,23,no longer needed,closed,1
CUST-12754,2024-09-11,standard,36.93,15,4,14,no longer needed,closed,1
CUST-12755,2024-09-08,standard,39.42,16,0,11,,active,0
CUST-12756,2024-09-11,premium,95.56,15,0,5,,active,0
CUST-12757,2024-09-11,basic,11.29,15,1,20,,active,0
CUST-12758,2024-09-09,basic,12.00,15,1,33,no longer needed,closed,1
CUST-12759,2024-09-09,basic,11.68,15,0,29,,active,0
CUST-12760,2024-09-10,basic,12.36,15,2,25,,active,0
CUST-12761,2024-09-09,standard,35.27,15,0,22,,active,0
CUST-12762,2024-09-09,standard,39.37,15,0,15,,active,0
CUST-12763,2024-09-10,standard,33.30,15,1,28,,active,0
CUST-12764,2024-09-09,standard,33.82,15,1,12,,active,0
CUST-12765,2024-09-10,standard,36.79,15,0,7,,active,0
CUST-12766,2024-09-10,standard,39.11,15,2,18,,active,0
CUST-12767,2024-09-10,basic,13.54,15,1,16,,active,0
CUST-12768,2024-09-12,standard,39.15,15,0,15,,active,0
CUST-12769,2024-09-12,standard,34.37,15,0,19,,active,0
CUST-12770,2024-09-11,standard,32.64,15,0,5,,active,0
CUST-12771,2024-09-12,basic,12.33,15,0,23,,active,0
CUST-12772,2024-09-12,basic,10.90,15,1,17,,active,0
CUST-12773,2024-09-11,standard,35.81,15,3,16,no longer needed,closed,1
CUST-12774,2024-09-10,basic,12.98,15,3,17,poor support,closed,1
CUST-12775,2024-09-12,basic,11.68,15,1,33,moved to competitor,closed,1
CUST-12776,2024-09-10,premium,94.22,15,2,0,,active,0
CUST-12777,2024-09-12,basic,11.77,15,2,36,,active,0
CUST-12778,2024-09-10,standard,36.42,15,3,5,moved to competitor,closed,1
CUST-12779,2024-09-11,standard,36.99,15,0,13,,active,0
CUST-12780,2024-09-13,basic,11.16,15,0,17,,active,0
CUST-12781,2024-09-12,standard,33.89,15,1,5,,active,0
CUST-12782,2024-09-12,basic,11.42,15,2,30,,active,0
CUST-12783,2024-09-13,basic,11.97,15,1,42,,active,0
CUST-12784,2024-09-12,standard,33.20,15,2,6,,active,0
CUST-12785,2024-09-12,standard,36.79,15,0,10,,active,0
CUST-12786,2024-09-12,basic,12.34,15,0,33,,active,0
CUST-12787,2024-09-11,standard,34.52,15,0,0,,active,0
CUST-12788,2024-09-14,basic,13.56,15,2,29,,active,0
CUST-12789,2024-09-13,standard,39.64,15,2,20,no longer needed,closed,1
CUST-12790,2024-09-12,basic,12.48,15,0,23,,active,0
CUST-12791,2024-09-11,premium,99.14,15,1,11,missing features,closed,1
CUST-12792,2024-09-13,basic,11.26,15,0,10,,active,0
CUST-12793,2024-09-12,standard,31.63,15,4,22,no longer needed,closed,1
CUST-12794,2024-09-12,standard,38.43,15,0,17,,active,0
CUST-12795,2024-09-12,basic,11.26,15,4,21,moved to competitor,closed,1
CUST-12796,2024-09-14,premium,88.45,15,1,8,,active,0
CUST-12797,2024-09-15,basic,12.35,15,2,31,missing features,closed,1
CUST-12798,2024-09-12,basic,11.28,15,1,29,,active,0
CUST-12799,2024-09-15,standard,38.66,15,2,13,,active,0
CUST-12800,2024-09-13,basic,11.09,15,0,9,,active,0
CUST-12801,2024-09-15,standard,34.15,15,1,12,,active,0
CUST-12802,2024-09-12,standard,37.94,15,1,20,,active,0
CUST-12803,2024-09-14,basic,12.72,15,3,15,missing features,closed,1
CUST-12804,2024-09-13,basic,12.61,15,2,14,,active,0
CUST-12805,2024-09-13,basic,11.54,15,2,21,,active,0
CUST-12806,2024-09-15,standard,35.44,15,4,19,moved to competitor,closed,1
CUST-12807,2024-09-15,basic,11.62,15,3,25,price,closed,1
CUST-12808,2024-09-13,basic,11.84,15,4,32,no longer needed,closed,1
CUST-12809,2024-09-14,standard,38.59,15,4,21,moved to competitor,closed,1
CUST-12810,2024-09-14,standard,34.98,15,0,3,,active,0
CUST-12811,2024-09-14,basic,11.22,15,0,8,,active,0
CUST-12812,2024-09-15,premium,92.61,15,1,8,,active,0
CUST-12813,2024-09-16,standard,38.01,15,0,21,,active,0
CUST-12814,2024-09-13,basic,13.13,15,3,26,poor support,closed,1
CUST-12815,2024-09-13,basic,11.39,15,4,21,missing features,closed,1
CUST-12816,2024-09-16,basic,11.21,15,0,16,,active,0
CUST-12817,2024-09-16,standard,37.16,15,3,26,moved to competitor,closed,1
CUST-12818,2024-09-17,premium,99.20,15,1,15,,active,0
CUST-12819,2024-09-15,basic,13.76,15,3,19,price,closed,1
CUST-12820,2024-09-14,standard,35.56,15,5,31,poor support,closed,1
CUST-12821,2024-09-17,basic,13.45,15,2,37,,active,0
CUST-12822,2024-09-15,premium,92.89,15,4,41,moved to competitor,closed,1
CUST-12823,2024-09-16,basic,12.86,15,3,19,poor support,closed,1
CUST-12824,2024-09-16,standard,39.88,15,2,18,,active,0
CUST-12825,2024-09-16,premium,96.36,15,0,2,,active,0
CUST-12826,2024-09-17,standard,39.26,15,0,15,,active,0
CUST-12827,2024-09-16,basic,13.16,15,2,11,missing features,closed,1
CUST-12828,2024-09-18,basic,11.78,15,3,30,poor support,closed,1
CUST-12829,2024-09-17,basic,11.74,15,6,32,moved to competitor,closed,1
CUST-12830,2024-09-16,standard,39.78,15,0,16,,active,0
CUST-12831,2024-09-17,premium,93.20,15,0,6,,active,0
CUST-12832,2024-09-15,basic,11.95,15,5,31,missing features,closed,1
CUST-12833,2024-09-18,standard,32.01,15,0,16,,active,0
CUST-12834,2024-09-18,basic,11.38,15,1,3,,active,0
CUST-12835,2024-09-16,standard,38.05,15,1,15,,active,0
CUST-12836,2024-09-15,standard,39.34,15,1,5,,active,0
CUST-12837,2024-09-18,premium,81.17,15,3,16,price,closed,1
CUST-12838,2024-09-16,standard,31.68,15,0,0,,active,0
CUST-12839,2024-09-18,standard,33.60,15,1,13,,active,0
CUST-12840,2024-09-18,premium,87.69,15,1,11,,active,0
CUST-12841,2024-09-17,basic,13.53,15,1,25,,active,0
CUST-12842,2024-09-17,premium,98.76,15,1,6,,active,0
CUST-12843,2024-09-16,basic,10.84,15,6,8,poor support,closed,1
CUST-12844,2024-09-16,basic,12.88,15,0,15,,active,0
CUST-12845,2024-09-16,premium,92.85,15,1,10,,active,0
CUST-12846,2024-09-16,standard,37.28,15,0,29,,active,0
CUST-12847,2024-09-19,basic,13.24,15,1,10,,active,0
CUST-12848,2024-09-18,premium,85.69,15,0,15,,active,0
CUST-12849,2024-09-18,premium,84.01,15,2,9,moved to competitor,closed,1
CUST-12850,2024-09-19,standard,34.51,15,1,15,,active,0
CUST-12851,2024-09-17,basic,13.43,15,0,22,,active,0
CUST-12852,2024-09-17,basic,12.12,15,0,15,,active,0
CUST-12853,2024-09-18,basic,13.26,15,3,31,missing features,closed,1
CUST-12854,2024-09-18,basic,11.11,15,4,41,no longer needed,closed,1
CUST-12855,2024-09-17,standard,34.28,15,2,12,,active,0
CUST-12856,2024-09-18,basic,13.22,15,2,38,missing features,closed,1
CUST-12857,2024-09-20,standard,35.83,15,0,18,,active,0
CUST-12858,2024-09-17,basic,13.41,15,4,15,no longer needed,closed,1
CUST-12859,2024-09-19,basic,12.88,15,1,9,,active,0
CUST-12860,2024-09-19,premium,94.98,15,1,13,,active,0
CUST-12861,2024-09-19,basic,12.12,15,0,18,,active,0
CUST-12862,2024-09-19,standard,35.03,15,1,14,,active,0
CUST-12863,2024-09-19,standard,38.97,15,0,22,,active,0
CUST-12864,2024-09-18,standard,31.58,15,5,16,missing features,closed,1
CUST-12865,2024-09-20,premium,84.96,15,1,17,,active,0
CUST-12866,2024-09-20,standard,32.38,15,1,16,,active,0
CUST-12867,2024-09-20,basic,11.99,15,6,16,no longer needed,closed,1
CUST-12868,2024-09-18,standard,38.30,15,4,2,poor support,closed,1
CUST-12869,2024-09-19,basic,12.76,15,1,24,,active,0
CUST-12870,2024-09-21,standard,33.91,15,2,17,,active,0
CUST-12871,2024-09-19,standard,37.89,15,0,0,,active,0
CUST-12872,2024-09-21,standard,39.46,15,1,10,,active,0
CUST-12873,2024-09-22,premium,94.61,15,0,4,,active,0
CUST-12874,2024-09-20,basic,13.04,15,3,14,,active,0
CUST-12875,2024-09-20,basic,12.90,15,0,36,,active,0
CUST-12876,2024-09-19,premium,95.27,15,2,23,,active,0
CUST-12877,2024-09-20,basic,11.18,15,2,24,,active,0
CUST-12878,2024-09-20,premium,92.21,15,2,23,missing features,closed,1
CUST-12879,2024-09-22,premium,87.39,15,2,21,,active,0
CUST-12880,2024-09-21,standard,34.05,15,1,8,no longer needed,closed,1
CUST-12881,2024-09-20,standard,38.76,15,3,7,moved to competitor,closed,1
CUST-12882,2024-09-22,premium,94.74,15,2,6,,active,0
CUST-12883,2024-09-22,basic,13.73,15,2,21,,active,0
CUST-12884,2024-09-21,basic,11.67,15,1,32,,active,0
CUST-12885,2024-09-22,standard,39.58,15,4,7,no longer needed,closed,1
CUST-12886,2024-09-22,basic,12.49,15,1,23,price,closed,1
CUST-12887,2024-09-21,standard,35.54,15,0,6,,active,0
CUST-12888,2024-09-20,basic,12.67,15,0,19,,active,0
CUST-12889,2024-09-20,standard,37.25,15,2,23,,active,0
CUST-12890,2024-09-21,basic,12.59,15,0,32,,active,0
CUST-12891,2024-09-20,basic,11.91,15,4,31,missing features,closed,1
CUST-12892,2024-09-20,premium,88.75,15,3,19,,active,0
CUST-12893,2024-09-21,basic,11.80,15,4,27,poor support,closed,1
CUST-12894,2024-09-24,standard,38.23,15,0,18,,active,0
CUST-12895,2024-09-24,standard,33.13,15,1,35,,active,0
CUST-12896,2024-09-24,premium,90.21,15,1,18,,active,0
CUST-12897,2024-09-21,basic,11.06,15,0,43,,active,0
CUST-12898,2024-09-22,standard,35.01,15,2,13,,active,0
CUST-12899,2024-09-21,premium,91.99,15,0,11,,active,0
CUST-12900,2024-09-21,premium,93.52,15,0,16,,active,0
CUST-12901,2024-09-21,standard,38.38,15,2,24,,active,0
CUST-12902,2024-09-24,standard,39.99,15,1,16,,active,0
CUST-12903,2024-09-21,basic,12.58,15,4,28,missing features,closed,1
CUST-12904,2024-09-23,basic,13.33,15,1,24,,active,0
CUST-12905,2024-09-23,standard,37.83,15,0,11,,active,0
CUST-12906,2024-09-22,basic,11.08,15,6,30,price,closed,1
CUST-12907,2024-09-22,basic,13.50,15,6,10,poor support,closed,1
CUST-12908,2024-09-25,basic,13.67,15,6,25,moved to competitor,closed,1
CUST-12909,2024-09-24,basic,12.82,15,1,28,,active,0
CUST-12910,2024-09-24,premium,82.62,15,0,0,,active,0
CUST-12911,2024-09-23,basic,13.52,15,2,28,poor support,closed,1
CUST-12912,2024-09-23,basic,11.04,15,0,29,,active,0
CUST-12913,2024-09-22,standard,34.03,15,0,9,,active,0
CUST-12914,2024-09-22,basic,12.58,15,1,27,,active,0
CUST-12915,2024-09-24,standard,32.29,15,0,12,,active,0
CUST-12916,2024-09-26,basic,11.92,15,3,14,,active,0
CUST-12917,2024-09-23,basic,12.59,15,3,24,,active,0
CUST-12918,2024-09-24,standard,36.10,15,1,23,,active,0
CUST-12919,2024-09-25,standard,31.69,15,0,13,,active,0
CUST-12920,2024-09-25,basic,11.95,15,0,12,,active,0
CUST-12921,2024-09-25,basic,10.86,15,2,9,,active,0
CUST-12922,2024-09-23,basic,11.23,15,1,31,,active,0
CUST-12923,2024-09-25,basic,11.00,15,1,24,price,closed,1
CUST-12924,2024-09-25,standard,33.53,15,0,6,,active,0
CUST-12925,2024-09-23,basic,13.00,15,1,39,moved to competitor,closed,1
CUST-12926,2024-09-23,basic,12.84,15,4,19,no longer needed,closed,1
CUST-12927,2024-09-25,standard,35.31,15,3,11,,active,0
CUST-12928,2024-09-26,basic,11.50,15,0,45,,active,0
CUST-12929,2024-09-25,premium,97.84,15,0,13,,active,0
CUST-12930,2024-09-25,basic,11.92,15,5,23,moved to competitor,closed,1
CUST-12931,2024-09-26,basic,12.77,15,1,29,price,closed,1
CUST-12932,2024-09-24,basic,13.03,15,5,31,moved to competitor,closed,1
CUST-12933,2024-09-26,standard,35.06,15,1,18,,active,0
CUST-12934,2024-09-26,basic,13.18,15,1,20,,active,0
CUST-12935,2024-09-27,premium,100.44,15,4,9,missing features,closed,1
CUST-12936,2024-09-26,standard,34.95,15,0,0,,active,0
CUST-12937,2024-09-28,standard,35.15,15,1,25,,active,0
CUST-12938,2024-09-26,basic,11.50,15,1,32,,active,0
CUST-12939,2024-09-25,basic,12.96,15,2,22,,active,0
CUST-12940,2024-09-26,basic,12.72,15,0,18,,active,0
CUST-12941,2024-09-25,standard,34.09,15,2,7,,active,0
CUST-12942,2024-09-27,standard,37.92,15,1,15,,active,0
CUST-12943,2024-09-25,standard,36.76,15,2,3,,active,0
CUST-12944,2024-09-28,standard,35.97,15,0,5,,active,0
CUST-12945,2024-09-27,standard,31.95,15,3,8,poor support,closed,1
CUST-12946,2024-09-25,premium,81.17,15,0,8,,active,0
CUST-12947,2024-09-27,basic,11.44,15,0,11,,active,0
CUST-12948,2024-09-28,basic,11.64,15,4,20,no longer needed,closed,1
CUST-12949,2024-09-27,standard,33.18,15,3,12,,active,0
CUST-12950,2024-09-26,basic,11.71,15,5,31,price,closed,1
CUST-12951,2024-09-29,basic,12.88,15,1,39,moved to competitor,closed,1
CUST-12952,2024-09-26,basic,11.58,15,1,26,,active,0
CUST-12953,2024-09-26,standard,37.39,15,0,16,,active,0
CUST-12954,2024-09-26,standard,36.38,15,0,29,,active,0
CUST-12955,2024-09-27,basic,11.88,15,0,20,,active,0
CUST-12956,2024-09-29,premium,89.50,15,6,9,no longer needed,closed,1
CUST-12957,2024-09-27,basic,13.34,15,3,34,,active,0
CUST-12958,2024-09-29,premium,84.29,15,3,30,price,closed,1
CUST-12959,2024-09-27,standard,38.28,15,1,21,,active,0
CUST-12960,2024-09-27,premium,94.16,15,5,12,poor support,closed,1
CUST-12961,2024-09-27,basic,11.99,15,1,20,,active,0
CUST-12962,2024-09-29,premium,84.36,15,1,10,,active,0
CUST-12963,2024-09-30,basic,12.84,15,4,24,moved to competitor,closed,1
CUST-12964,2024-09-30,premium,93.65,15,0,11,,active,0
CUST-12965,2024-09-27,standard,33.53,15,0,19,,active,0
CUST-12966,2024-09-28,premium,87.56,15,4,28,price,closed,1
CUST-12967,2024-09-30,standard,36.93,15,1,15,,active,0
CUST-12968,2024-09-30,standard,38.95,15,3,17,,active,0
CUST-12969,2024-09-28,basic,11.92,15,1,39,price,closed,1
CUST-12970,2024-09-30,basic,12.77,15,0,10,,active,0
CUST-12971,2024-09-28,premium,84.99,15,1,1,,active,0
CUST-12972,2024-09-29,basic,13.66,15,2,8,,active,0
CUST-12973,2024-09-29,standard,35.05,15,1,40,,active,0
CUST-12974,2024-09-29,standard,32.81,15,1,10,poor support,closed,1
CUST-12975,2024-09-28,premium,84.72,15,1,7,,active,0
CUST-12976,2024-09-30,basic,11.77,15,0,35,,active,0
CUST-12977,2024-09-30,basic,13.52,15,3,39,price,closed,1
CUST-12978,2024-09-28,standard,39.07,15,2,11,,active,0
CUST-12979,2024-09-29,standard,31.65,15,3,17,no longer needed,closed,1
CUST-12980,2024-10-01,basic,11.81,15,2,34,,active,0
CUST-12981,2024-10-01,basic,10.94,15,2,12,,active,0
CUST-12982,2024-10-01,basic,13.60,15,5,27,no longer needed,closed,1
CUST-12983,2024-10-01,basic,13.32,15,4,33,moved to competitor,closed,1
CUST-12984,2024-09-30,premium,88.92,15,5,22,price,closed,1
CUST-12985,2024-10-02,basic,12.04,15,2,14,,active,0
CUST-12986,2024-09-29,premium,92.81,15,4,12,price,closed,1
CUST-12987,2024-09-30,basic,13.16,15,0,24,,active,0
CUST-12988,2024-10-02,premium,85.04,15,2,26,,active,0
CUST-12989,2024-09-30,basic,13.07,15,1,27,,active,0
CUST-12990,2024-09-29,basic,11.24,15,0,26,,active,0
CUST-12991,2024-10-02,basic,10.87,15,3,35,price,closed,1
CUST-12992,2024-09-30,standard,33.36,15,3,11,moved to competitor,closed,1
CUST-12993,2024-10-03,basic,12.15,15,2,15,,active,0
CUST-12994,2024-09-30,standard,32.79,15,5,25,price,closed,1
CUST-12995,2024-10-01,standard,36.23,15,1,17,,active,0
CUST-12996,2024-10-03,basic,12.24,15,0,19,,active,0
CUST-12997,2024-09-30,basic,12.88,15,2,24,,active,0
CUST-12998,2024-10-03,premium,81.23,15,2,9,,active,0
CUST-12999,2024-09-30,premium,83.54,15,0,2,,active,0
CUST-13000,2024-10-02,standard,39.14,15,2,2,,active,0
CUST-13001,2024-10-03,standard,32.78,15,1,15,,active,0
CUST-13002,2024-10-02,premium,92.90,15,2,13,,active,0
CUST-13003,2024-10-03,standard,35.61,15,0,22,,active,0
CUST-13004,2024-10-03,basic,11.33,15,1,31,,active,0
CUST-13005,2024-10-04,basic,11.71,15,2,27,,active,0
CUST-13006,2024-10-02,basic,11.10,15,4,10,no longer needed,closed,1
CUST-13007,2024-10-04,standard,33.70,15,0,0,,active,0
CUST-13008,2024-10-02,standard,32.82,15,2,7,,active,0
CUST-13009,2024-10-04,standard,39.26,15,3,0,,active,0
CUST-13010,2024-10-02,standard,40.20,15,0,14,,active,0
CUST-13011,2024-10-04,basic,11.57,15,0,16,,active,0
CUST-13012,2024-10-04,standard,33.60,15,2,11,,active,0
CUST-13013,2024-10-04,basic,13.69,15,1,18,,active,0
CUST-13014,2024-10-05,basic,10.81,15,2,40,,active,0
CUST-13015,2024-10-03,basic,12.78,15,2,34,missing features,closed,1
CUST-13016,2024-10-05,standard,39.75,15,1,14,,active,0
CUST-13017,2024-10-04,standard,33.87,15,4,5,no longer needed,closed,1
CUST-13018,2024-10-05,basic,11.30,15,1,21,,active,0
CUST-13019,2024-10-03,basic,11.10,15,0,20,,active,0
CUST-13020,2024-10-02,premium,92.68,15,5,23,missing features,closed,1
CUST-13021,2024-10-02,basic,12.82,15,1,20,price,closed,1
CUST-13022,2024-10-02,premium,102.21,15,4,25,missing features,closed,1
CUST-13023,2024-10-02,standard,34.74,15,4,9,no longer needed,closed,1
CUST-13024,2024-10-03,basic,13.54,15,2,7,,active,0
CUST-13025,2024-10-06,standard,32.80,15,2,10,,active,0
CUST-13026,2024-10-04,premium,96.88,15,2,8,no longer needed,closed,1
CUST-13027,2024-10-05,basic,10.82,15,2,17,no longer needed,closed,1
CUST-13028,2024-10-03,basic,13.38,15,1,23,,active,0
CUST-13029,2024-10-05,basic,12.93,15,0,36,,active,0
CUST-13030,2024-10-05,standard,37.96,15,2,18,no longer needed,closed,1
CUST-13031,2024-10-05,standard,34.61,15,1,14,,active,0
CUST-13032,2024-10-05,standard,39.52,15,1,5,,active,0
CUST-13033,2024-10-05,basic,12.85,15,4,21,moved to competitor,closed,1
CUST-13034,2024-10-06,premium,84.71,15,0,16,,active,0
CUST-13035,2024-10-03,standard,34.97,15,2,24,,active,0
CUST-13036,2024-10-06,basic,10.80,15,2,63,price,closed,1
CUST-13037,2024-10-05,basic,11.17,15,1,41,,active,0
CUST-13038,2024-10-04,premium,80.30,15,1,25,,active,0
CUST-13039,2024-10-06,standard,34.10,15,2,29,moved to competitor,closed,1
CUST-13040,2024-10-06,basic,12.66,15,5,39,price,closed,1
CUST-13041,2024-10-07,standard,38.91,15,0,8,,active,0
CUST-13042,2024-10-05,standard,35.97,15,6,7,no longer needed,closed,1
CUST-13043,2024-10-05,basic,12.21,15,3,23,missing features,closed,1
CUST-13044,2024-10-06,standard,35.16,15,0,11,,active,0
CUST-13045,2024-10-05,basic,10.85,15,2,8,,active,0
CUST-13046,2024-10-05,basic,13.54,15,1,40,,active,0
CUST-13047,2024-10-08,standard,31.73,15,2,15,,active,0
CUST-13048,2024-10-07,basic,12.88,15,0,18,,active,0
CUST-13049,2024-10-06,standard,32.84,15,2,19,,active,0
CUST-13050,2024-10-05,standard,37.44,15,0,0,,active,0
CUST-13051,2024-10-06,basic,13.80,15,0,23,,active,0
CUST-13052,2024-10-07,basic,13.64,15,4,45,missing features,closed,1
CUST-13053,2024-10-05,basic,11.56,15,1,22,,active,0
CUST-13054,2024-10-05,standard,39.90,15,0,19,,active,0
CUST-13055,2024-10-07,basic,11.70,15,3,25,missing features,closed,1
CUST-13056,2024-10-08,premium,97.19,15,1,24,,active,0
CUST-13057,2024-10-07,basic,11.50,15,5,33,no longer needed,closed,1
CUST-13058,2024-10-08,standard,36.97,15,0,14,,active,0
CUST-13059,2024-10-08,basic,11.06,15,0,40,,active,0
CUST-13060,2024-10-07,basic,11.11,15,2,33,no longer needed,closed,1
CUST-13061,2024-10-08,basic,13.17,15,2,13,,active,0
CUST-13062,2024-10-09,standard,38.65,14,1,4,,active,0
CUST-13063,2024-10-09,basic,11.28,14,3,18,price,closed,1
CUST-13064,2024-10-06,standard,39.66,15,0,25,,active,0
CUST-13065,2024-10-06,basic,10.83,15,3,30,moved to competitor,closed,1
CUST-13066,2024-10-09,basic,12.42,14,5,32,no longer needed,closed,1
CUST-13067,2024-10-09,basic,12.77,14,1,25,,active,0
CUST-13068,2024-10-09,basic,13.65,14,1,18,,active,0
CUST-13069,2024-10-10,basic,12.03,14,0,26,,active,0
CUST-13070,2024-10-08,basic,12.72,15,0,10,,active,0
CUST-13071,2024-10-08,premium,94.31,15,2,10,,active,0
CUST-13072,2024-10-10,standard,39.04,14,1,12,,active,0
CUST-13073,2024-10-08,basic,11.77,15,4,30,no longer needed,closed,1
CUST-13074,2024-10-08,basic,11.03,15,0,39,,active,0
CUST-13075,2024-10-07,basic,13.51,15,5,25,missing features,closed,1
CUST-13076,2024-10-09,standard,37.85,14,1,24,,active,0
CUST-13077,2024-10-07,standard,39.02,15,0,9,,active,0
CUST-13078,2024-10-07,standard,37.02,15,1,3,,active,0
CUST-13079,2024-10-07,standard,33.89,15,3,17,,active,0
CUST-13080,2024-10-11,standard,31.84,14,2,19,,active,0
CUST-13081,2024-10-11,standard,36.34,14,0,26,,active,0
CUST-13082,2024-10-11,premium,101.05,14,1,4,,active,0
CUST-13083,2024-10-11,standard,36.24,14,1,16,,active,0
CUST-13084,2024-10-09,premium,86.75,14,0,10,,active,0
CUST-13085,2024-10-08,basic,10.87,15,1,28,,active,0
CUST-13086,2024-10-11,premium,86.23,14,0,13,,active,0
CUST-13087,2024-10-10,basic,11.64,14,1,30,,active,0
CUST-13088,2024-10-10,standard,39.67,14,1,16,,active,0
CUST-13089,2024-10-09,premium,89.82,14,0,22,,active,0
CUST-13090,2024-10-09,basic,13.46,14,3,43,missing features,closed,1
CUST-13091,2024-10-09,premium,101.74,14,2,9,,active,0
CUST-13092,2024-10-11,basic,11.86,14,2,16,,active,0
CUST-13093,2024-10-12,standard,39.96,14,1,4,,active,0
CUST-13094,2024-10-09,standard,36.59,14,4,0,poor support,closed,1
CUST-13095,2024-10-09,basic,12.91,14,2,17,,active,0
CUST-13096,2024-10-09,standard,39.67,14,5,15,moved to competitor,closed,1
CUST-13097,2024-10-12,basic,10.92,14,0,17,,active,0
CUST-13098,2024-10-11,standard,38.18,14,1,26,,active,0
CUST-13099,2024-10-11,premium,87.29,14,5,22,poor support,closed,1
CUST-13100,2024-10-09,standard,35.90,14,2,7,moved to competitor,closed,1
CUST-13101,2024-10-09,basic,13.05,14,0,21,,active,0
CUST-13102,2024-10-12,basic,13.67,14,6,41,missing features,closed,1
CUST-13103,2024-10-13,standard,38.30,14,0,2,,active,0
CUST-13104,2024-10-12,standard,36.17,14,0,19,,active,0
CUST-13105,2024-10-13,basic,12.13,14,4,19,moved to competitor,closed,1
CUST-13106,2024-10-13,basic,12.66,14,1,37,,active,0
CUST-13107,2024-10-13,standard,34.13,14,2,6,,active,0
CUST-13108,2024-10-13,basic,12.29,14,0,20,,active,0
CUST-13109,2024-10-13,standard,34.85,14,0,23,,active,0
CUST-13110,2024-10-13,basic,11.47,14,4,25,poor support,closed,1
CUST-13111,2024-10-11,basic,12.90,14,5,35,price,closed,1
CUST-13112,2024-10-12,basic,13.23,14,1,18,,active,0
CUST-13113,2024-10-13,standard,32.55,14,1,16,,active,0
CUST-13114,2024-10-11,basic,12.00,14,4,43,no longer needed,closed,1
CUST-13115,2024-10-14,basic,13.27,14,5,46,moved to competitor,closed,1
CUST-13116,2024-10-14,standard,38.23,14,3,0,,active,0
CUST-13117,2024-10-12,basic,11.71,14,0,18,,active,0
CUST-13118,2024-10-14,basic,13.55,14,1,28,no longer needed,closed,1
CUST-13119,2024-10-14,standard,38.78,14,0,25,,active,0
CUST-13120,2024-10-12,basic,13.11,14,2,13,no longer needed,closed,1
CUST-13121,2024-10-12,basic,12.51,14,1,15,,active,0
CUST-13122,2024-10-11,basic,13.01,14,0,21,,active,0
CUST-13123,2024-10-12,basic,11.54,14,5,32,moved to competitor,closed,1
CUST-13124,2024-10-13,basic,11.61,14,0,19,,active,0
CUST-13125,2024-10-14,basic,13.41,14,2,31,,active,0
CUST-13126,2024-10-12,basic,10.87,14,0,33,,active,0
CUST-13127,2024-10-12,basic,13.12,14,1,17,price,closed,1
CUST-13128,2024-10-13,basic,13.20,14,4,10,moved to competitor,closed,1
CUST-13129,2024-10-13,basic,12.22,14,1,26,moved to competitor,closed,1
CUST-13130,2024-10-13,standard,32.56,14,2,22,,active,0
CUST-13131,2024-10-13,basic,11.79,14,0,24,,active,0
CUST-13132,2024-10-12,premium,91.79,14,0,4,,active,0
CUST-13133,2024-10-13,standard,32.52,14,2,30,,active,0
CUST-13134,2024-10-12,basic,11.00,14,0,17,,active,0
CUST-13135,2024-10-13,basic,13.06,14,6,40,poor support,closed,1
CUST-13136,2024-10-14,standard,31.50,14,2,3,no longer needed,closed,1
CUST-13137,2024-10-16,basic,11.95,14,2,26,missing features,closed,1
CUST-13138,2024-10-13,basic,12.87,14,4,20,no longer needed,closed,1
CUST-13139,2024-10-13,standard,37.06,14,1,14,,active,0
CUST-13140,2024-10-15,premium,81.78,14,0,23,,active,0
CUST-13141,2024-10-16,basic,10.82,14,0,18,,active,0
CUST-13142,2024-10-15,basic,12.17,14,1,31,,active,0
CUST-13143,2024-10-13,premium,98.75,14,0,0,,active,0
CUST-13144,2024-10-15,premium,100.46,14,0,17,,active,0
CUST-13145,2024-10-16,standard,39.83,14,1,30,,active,0
CUST-13146,2024-10-14,standard,32.14,14,0,8,,active,0
CUST-13147,2024-10-15,basic,11.64,14,0,37,,active,0
CUST-13148,2024-10-17,basic,13.63,14,6,33,moved to competitor,closed,1
CUST-13149,2024-10-14,basic,10.85,14,1,30,,active,0
CUST-13150,2024-10-15,basic,11.09,14,1,23,,active,0
CUST-13151,2024-10-17,standard,34.00,14,0,6,,active,0
CUST-13152,2024-10-15,standard,38.56,14,2,10,,active,0
CUST-13153,2024-10-14,premium,80.85,14,1,24,,active,0
CUST-13154,2024-10-15,premium,88.16,14,0,22,,active,0
CUST-13155,2024-10-16,basic,13.21,14,3,37,no longer needed,closed,1
CUST-13156,2024-10-15,basic,13.01,14,2,28,poor support,closed,1
CUST-13157,2024-10-17,standard,35.51,14,2,21,price,closed,1
CUST-13158,2024-10-18,basic,11.09,14,4,10,missing features,closed,1
CUST-13159,2024-10-17,standard,34.25,14,4,28,price,closed,1
CUST-13160,2024-10-18,premium,93.62,14,0,31,,active,0
CUST-13161,2024-10-18,basic,11.31,14,0,27,,active,0
CUST-13162,2024-10-15,basic,12.21,14,2,16,,active,0
CUST-13163,2024-10-17,standard,32.78,14,2,21,,active,0
CUST-13164,2024-10-16,basic,12.00,14,4,33,missing features,closed,1
CUST-13165,2024-10-18,basic,10.96,14,5,28,price,closed,1
CUST-13166,2024-10-16,standard,39.54,14,2,12,,active,0
CUST-13167,2024-10-18,basic,13.57,14,1,13,,active,0
CUST-13168,2024-10-16,basic,10.81,14,3,38,moved to competitor,closed,1
CUST-13169,2024-10-16,standard,36.19,14,2,16,,active,0
CUST-13170,2024-10-16,basic,12.26,14,0,20,,active,0
CUST-13171,2024-10-19,standard,31.92,14,1,14,,active,0
CUST-13172,2024-10-16,basic,11.74,14,3,46,no longer needed,closed,1
CUST-13173,2024-10-17,basic,10.81,14,1,31,,active,0
CUST-13174,2024-10-16,basic,13.16,14,0,22,,active,0
CUST-13175,2024-10-19,basic,10.86,14,3,28,no longer needed,closed,1
CUST-13176,2024-10-19,basic,12.24,14,1,34,,active,0
CUST-13177,2024-10-16,standard,32.29,14,1,4,,active,0
CUST-13178,2024-10-19,basic,12.94,14,0,7,,active,0
CUST-13179,2024-10-18,premium,98.94,14,4,10,no longer needed,closed,1
CUST-13180,2024-10-19,standard,37.12,14,1,12,,active,0
CUST-13181,2024-10-20,standard,34.32,14,2,34,,active,0
CUST-13182,2024-10-17,standard,34.24,14,0,27,,active,0
CUST-13183,2024-10-19,premium,95.11,14,0,0,,active,0
CUST-13184,2024-10-20,standard,35.02,14,2,9,,active,0
CUST-13185,2024-10-19,premium,102.08,14,1,11,,active,0
CUST-13186,2024-10-17,standard,37.23,14,3,10,poor support,closed,1
CUST-13187,2024-10-19,standard,38.46,14,0,1,,active,0
CUST-13188,2024-10-18,basic,13.69,14,5,29,no longer needed,closed,1
CUST-13189,2024-10-18,basic,13.45,14,3,19,price,closed,1
CUST-13190,2024-10-21,basic,13.48,14,0,14,,active,0
CUST-13191,2024-10-20,basic,12.07,14,3,38,moved to competitor,closed,1
CUST-13192,2024-10-20,basic,12.06,14,4,31,moved to competitor,closed,1
CUST-13193,2024-10-21,basic,12.29,14,4,12,missing features,closed,1
CUST-13194,2024-10-20,basic,10.98,14,0,21,,active,0
CUST-13195,2024-10-21,basic,13.05,14,0,18,,active,0
CUST-13196,2024-10-20,standard,33.06,14,0,22,,active,0
CUST-13197,2024-10-21,basic,12.24,14,0,0,,active,0
CUST-13198,2024-10-18,standard,40.24,14,0,1,,active,0
CUST-13199,2024-10-18,standard,32.20,14,0,10,,active,0
CUST-13200,2024-10-22,basic,11.81,14,0,28,,active,0
CUST-13201,2024-10-22,standard,37.63,14,0,23,,active,0
CUST-13202,2024-10-19,standard,38.39,14,2,0,,active,0
CUST-13203,2024-10-22,basic,13.08,14,1,18,,active,0
CUST-13204,2024-10-19,basic,13.60,14,3,13,moved to competitor,closed,1
CUST-13205,2024-10-21,standard,37.69,14,1,11,,active,0
CUST-13206,2024-10-21,basic,12.55,14,0,23,,active,0
CUST-13207,2024-10-19,premium,86.31,14,1,30,,active,0
CUST-13208,2024-10-20,standard,34.99,14,2,8,,active,0
CUST-13209,2024-10-20,basic,12.85,14,1,18,,active,0
CUST-13210,2024-10-19,basic,12.78,14,3,23,moved to competitor,closed,1
CUST-13211,2024-10-22,standard,38.68,14,0,2,,active,0
CUST-13212,2024-10-21,basic,13.78,14,0,21,,active,0
CUST-13213,2024-10-23,standard,35.26,14,1,18,,active,0
CUST-13214,2024-10-20,basic,12.65,14,0,15,,active,0
CUST-13215,2024-10-22,standard,34.44,14,0,21,,active,0
CUST-13216,2024-10-23,basic,11.76,14,2,11,poor support,closed,1
CUST-13217,2024-10-23,standard,40.08,14,0,6,,active,0
CUST-13218,2024-10-21,premium,80.38,14,2,12,,active,0
CUST-13219,2024-10-23,basic,12.52,14,1,25,,active,0
CUST-13220,2024-10-21,premium,81.50,14,1,13,,active,0
CUST-13221,2024-10-21,basic,11.48,14,1,29,,active,0
CUST-13222,2024-10-24,premium,92.69,14,1,3,,active,0
CUST-13223,2024-10-22,premium,89.19,14,2,14,moved to competitor,closed,1
CUST-13224,2024-10-24,basic,13.58,14,1,13,,active,0
CUST-13225,2024-10-21,premium,97.60,14,2,20,,active,0
CUST-13226,2024-10-23,standard,33.82,14,3,8,,active,0
CUST-13227,2024-10-24,premium,84.03,14,1,22,,active,0
CUST-13228,2024-10-21,basic,12.77,14,1,25,,active,0
CUST-13229,2024-10-22,standard,36.28,14,0,0,,active,0
CUST-13230,2024-10-22,standard,33.36,14,2,21,,active,0
CUST-13231,2024-10-21,standard,36.62,14,4,8,price,closed,1
CUST-13232,2024-10-21,standard,34.54,14,0,7,,active,0
CUST-13233,2024-10-25,standard,34.82,14,1,0,,active,0
CUST-13234,2024-10-22,premium,97.08,14,1,25,,active,0
CUST-13235,2024-10-23,basic,12.94,14,3,28,missing features,closed,1
CUST-13236,2024-10-22,basic,12.52,14,0,23,,active,0
CUST-13237,2024-10-23,basic,12.01,14,1,22,,active,0
CUST-13238,2024-10-25,standard,38.85,14,1,25,,active,0
CUST-13239,2024-10-23,basic,10.95,14,3,25,moved to competitor,closed,1
CUST-13240,2024-10-22,basic,12.84,14,5,25,moved to competitor,closed,1
CUST-13241,2024-10-24,premium,101.99,14,3,11,,active,0
CUST-13242,2024-10-22,basic,12.42,14,2,12,,active,0
CUST-13243,2024-10-23,standard,37.79,14,0,11,,active,0
CUST-13244,2024-10-26,premium,82.18,14,1,26,,active,0
CUST-13245,2024-10-25,basic,11.84,14,0,22,,active,0
CUST-13246,2024-10-26,basic,11.17,14,0,5,,active,0
CUST-13247,2024-10-26,basic,11.02,14,3,14,,active,0
CUST-13248,2024-10-26,basic,11.17,14,0,29,,active,0
CUST-13249,2024-10-24,standard,33.70,14,0,5,,active,0
CUST-13250,2024-10-25,standard,39.60,14,1,27,,active,0
CUST-13251,2024-10-25,basic,11.94,14,0,25,,active,0
CUST-13252,2024-10-24,standard,38.40,14,0,10,,active,0
CUST-13253,2024-10-25,premium,100.86,14,1,14,,active,0
CUST-13254,2024-10-23,premium,81.17,14,0,17,,active,0
CUST-13255,2024-10-24,basic,11.80,14,0,25,,active,0
CUST-13256,2024-10-27,standard,32.25,14,1,34,,active,0
CUST-13257,2024-10-25,premium,100.41,14,1,21,,active,0
CUST-13258,2024-10-25,basic,11.81,14,3,2,missing features,closed,1
CUST-13259,2024-10-27,standard,36.72,14,0,20,,active,0
CUST-13260,2024-10-27,premium,95.92,14,1,21,,active,0
CUST-13261,2024-10-25,standard,34.25,14,2,23,,active,0
CUST-13262,2024-10-25,standard,35.41,14,3,11,poor support,closed,1
CUST-13263,2024-10-25,premium,101.56,14,5,29,price,closed,1
CUST-13264,2024-10-25,premium,96.74,14,0,4,,active,0
CUST-13265,2024-10-26,basic,11.65,14,5,23,poor support,closed,1
CUST-13266,2024-10-25,basic,13.34,14,3,22,poor support,closed,1
CUST-13267,2024-10-27,premium,96.77,14,3,8,,active,0
CUST-13268,2024-10-28,standard,38.58,14,2,0,,active,0
CUST-13269,2024-10-27,basic,11.90,14,4,33,price,closed,1
CUST-13270,2024-10-27,standard,33.47,14,0,15,,active,0
CUST-13271,2024-10-28,premium,98.08,14,0,25,,active,0
CUST-13272,2024-10-27,standard,40.22,14,2,13,,active,0
CUST-13273,2024-10-28,basic,11.37,14,1,38,,active,0
CUST-13274,2024-10-25,basic,13.19,14,0,11,,active,0
CUST-13275,2024-10-27,basic,10.83,14,1,25,,active,0
CUST-13276,2024-10-28,premium,82.55,14,3,17,price,closed,1
CUST-13277,2024-10-29,basic,11.16,14,2,25,,active,0
CUST-13278,2024-10-26,basic,13.77,14,3,33,moved to competitor,closed,1
CUST-13279,2024-10-28,standard,37.84,14,0,0,,active,0
CUST-13280,2024-10-26,standard,35.02,14,1,12,,active,0
CUST-13281,2024-10-28,standard,32.49,14,0,7,,active,0
CUST-13282,2024-10-27,premium,99.05,14,2,12,,active,0
CUST-13283,2024-10-29,premium,87.74,14,1,0,,active,0
CUST-13284,2024-10-26,standard,36.11,14,4,19,price,closed,1
CUST-13285,2024-10-28,premium,100.08,14,2,12,,active,0
CUST-13286,2024-10-26,basic,12.67,14,1,31,,active,0
CUST-13287,2024-10-27,basic,11.48,14,2,22,,active,0
CUST-13288,2024-10-27,standard,32.33,14,1,35,,active,0
CUST-13289,2024-10-27,basic,13.02,14,1,31,poor support,closed,1
CUST-13290,2024-10-28,basic,12.72,14,1,35,,active,0
CUST-13291,2024-10-29,standard,37.19,14,1,7,,active,0
CUST-13292,2024-10-30,standard,37.26,14,0,23,,active,0
CUST-13293,2024-10-30,standard,38.33,14,2,11,,active,0
CUST-13294,2024-10-29,basic,13.10,14,6,27,moved to competitor,closed,1
CUST-13295,2024-10-28,premium,98.89,14,0,8,,active,0
CUST-13296,2024-10-30,basic,10.97,14,1,28,missing features,closed,1
CUST-13297,2024-10-30,basic,13.50,14,0,23,,active,0
CUST-13298,2024-10-30,basic,12.13,14,3,24,moved to competitor,closed,1
CUST-13299,2024-10-29,standard,32.12,14,2,13,,active,0
CUST-13300,2024-10-28,standard,35.77,14,4,15,no longer needed,closed,1
CUST-13301,2024-10-28,basic,10.96,14,5,36,poor support,closed,1
CUST-13302,2024-10-28,standard,32.59,14,1,2,,active,0
CUST-13303,2024-10-29,standard,33.56,14,0,16,,active,0
CUST-13304,2024-10-30,basic,13.52,14,2,23,price,closed,1
CUST-13305,2024-10-29,standard,34.15,14,1,5,,active,0
CUST-13306,2024-10-29,basic,12.63,14,2,25,,active,0
CUST-13307,2024-10-29,premium,96.63,14,0,26,,active,0
CUST-13308,2024-10-28,basic,12.16,14,2,31,moved to competitor,closed,1
CUST-13309,2024-10-28,standard,40.12,14,4,14,missing features,closed,1
CUST-13310,2024-10-30,basic,11.81,14,0,25,,active,0
CUST-13311,2024-10-29,standard,32.14,14,1,17,,active,0
CUST-13312,2024-10-29,basic,13.52,14,2,22,,active,0
CUST-13313,2024-10-30,standard,33.80,14,1,25,,active,0
CUST-13314,2024-10-30,basic,11.39,14,0,19,,active,0
CUST-13315,2024-11-01,standard,36.64,14,0,0,,active,0
CUST-13316,2024-10-29,basic,12.85,14,0,28,,active,0
CUST-13317,2024-10-30,basic,13.12,14,2,13,no longer needed,closed,1
CUST-13318,2024-11-01,basic,10.80,14,1,27,missing features,closed,1
CUST-13319,2024-10-29,standard,36.48,14,4,18,poor support,closed,1
CUST-13320,2024-11-01,premium,96.51,14,5,17,no longer needed,closed,1
CUST-13321,2024-10-30,standard,35.93,14,2,11,,active,0
CUST-13322,2024-10-30,standard,37.25,14,0,14,,active,0
CUST-13323,2024-10-31,standard,31.77,14,1,10,,active,0
CUST-13324,2024-10-30,basic,13.43,14,0,33,,active,0
CUST-13325,2024-10-30,standard,36.04,14,3,10,no longer needed,closed,1
CUST-13326,2024-11-01,basic,13.19,14,0,34,,active,0
CUST-13327,2024-10-30,standard,40.16,14,2,22,,active,0
CUST-13328,2024-10-31,basic,11.84,14,1,20,,active,0
CUST-13329,2024-11-01,basic,13.75,14,5,24,price,closed,1
CUST-13330,2024-10-30,standard,35.79,14,1,31,,active,0
CUST-13331,2024-11-01,basic,11.08,14,1,30,price,closed,1
CUST-13332,2024-11-01,standard,39.80,14,0,14,,active,0
CUST-13333,2024-10-31,basic,12.05,14,3,30,moved to competitor,closed,1
CUST-13334,2024-11-01,basic,12.02,14,0,25,,active,0
CUST-13335,2024-11-03,standard,39.82,14,1,0,,active,0
CUST-13336,2024-11-01,standard,32.76,14,2,21,,active,0
CUST-13337,2024-11-02,premium,81.43,14,0,15,,active,0
CUST-13338,2024-11-03,standard,34.38,14,1,9,,active,0
CUST-13339,2024-11-02,basic,12.65,14,1,31,missing features,closed,1
CUST-13340,2024-11-02,standard,32.11,14,3,18,,active,0
CUST-13341,2024-11-02,premium,90.67,14,1,35,no longer needed,closed,1
CUST-13342,2024-11-01,standard,36.89,14,4,18,poor support,closed,1
CUST-13343,2024-11-03,basic,12.28,14,2,37,,active,0
CUST-13344,2024-11-03,standard,35.90,14,4,6,price,closed,1
CUST-13345,2024-11-02,premium,96.41,14,1,21,,active,0
CUST-13346,2024-11-03,standard,39.60,14,6,22,no longer needed,closed,1
CUST-13347,2024-11-04,basic,12.62,14,2,22,,active,0
CUST-13348,2024-11-04,standard,35.70,14,0,0,,active,0
CUST-13349,2024-11-01,basic,12.75,14,6,38,price,closed,1
CUST-13350,2024-11-01,standard,35.16,14,1,21,,active,0
CUST-13351,2024-11-02,standard,38.67,14,0,2,,active,0
CUST-13352,2024-11-03,basic,12.77,14,0,30,,active,0
CUST-13353,2024-11-02,premium,93.50,14,6,30,poor support,closed,1
CUST-13354,2024-11-03,standard,39.41,14,0,8,,active,0
CUST-13355,2024-11-02,basic,13.23,14,5,23,poor support,closed,1
CUST-13356,2024-11-03,basic,11.75,14,0,1,,active,0
CUST-13357,2024-11-03,basic,12.22,14,4,17,price,closed,1
CUST-13358,2024-11-04,basic,10.96,14,4,25,no longer needed,closed,1
CUST-13359,2024-11-04,basic,11.96,14,2,18,moved to competitor,closed,1
CUST-13360,2024-11-03,basic,13.60,14,0,22,,active,0
CUST-13361,2024-11-02,basic,13.07,14,0,30,,active,0
CUST-13362,2024-11-03,basic,11.21,14,0,35,,active,0
CUST-13363,2024-11-03,standard,31.57,14,0,13,,active,0
CUST-13364,2024-11-04,premium,101.96,14,1,23,,active,0
CUST-13365,2024-11-04,standard,33.00,14,1,30,poor support,closed,1
CUST-13366,2024-11-03,premium,96.77,14,0,6,,active,0
CUST-13367,2024-11-04,basic,10.90,14,1,18,,active,0
CUST-13368,2024-11-05,standard,35.31,14,0,0,,active,0
CUST-13369,2024-11-04,premium,95.79,14,2,13,,active,0
CUST-13370,2024-11-04,standard,38.99,14,1,6,,active,0
CUST-13371,2024-11-05,premium,92.38,14,0,17,,active,0
CUST-13372,2024-11-05,basic,13.22,14,4,19,moved to competitor,closed,1
CUST-13373,2024-11-06,standard,36.35,14,0,6,,active,0
CUST-13374,2024-11-03,standard,37.51,14,1,26,,active,0
CUST-13375,2024-11-05,basic,11.54,14,1,20,,active,0
CUST-13376,2024-11-06,basic,12.71,14,2,18,,active,0
CUST-13377,2024-11-05,standard,33.92,14,0,7,,active,0
CUST-13378,2024-11-06,basic,10.91,14,0,38,,active,0
CUST-13379,2024-11-05,standard,35.22,14,1,28,,active,0
CUST-13380,2024-11-06,standard,38.00,14,3,34,poor support,closed,1
CUST-13381,2024-11-04,standard,31.82,14,1,1,,active,0
CUST-13382,2024-11-07,premium,87.11,14,2,21,price,closed,1
CUST-13383,2024-11-04,basic,11.50,14,3,33,price,closed,1
CUST-13384,2024-11-04,basic,11.54,14,1,37,,active,0
CUST-13385,2024-11-07,standard,33.15,14,2,7,,active,0
CUST-13386,2024-11-05,standard,36.06,14,1,9,,active,0
CUST-13387,2024-11-08,basic,12.80,13,0,23,,active,0
CUST-13388,2024-11-07,basic,13.09,14,6,24,price,closed,1
CUST-13389,2024-11-06,basic,13.30,14,4,15,missing features,closed,1
CUST-13390,2024-11-05,standard,35.53,14,0,42,,active,0
CUST-13391,2024-11-07,basic,12.74,14,5,45,price,closed,1
CUST-13392,2024-11-06,standard,38.71,14,0,7,,active,0
CUST-13393,2024-11-07,basic,13.61,14,1,30,poor support,closed,1
CUST-13394,2024-11-06,basic,12.12,14,4,28,price,closed,1
CUST-13395,2024-11-06,basic,11.66,14,1,16,,active,0
CUST-13396,2024-11-05,basic,11.22,14,0,14,,active,0
CUST-13397,2024-11-05,basic,12.90,14,2,25,,active,0
CUST-13398,2024-11-09,standard,35.43,13,1,11,,active,0
CUST-13399,2024-11-08,standard,32.14,13,8,16,missing features,closed,1
CUST-13400,2024-11-06,standard,38.80,14,1,2,,active,0
CUST-13401,2024-11-08,basic,11.68,13,2,22,no longer needed,closed,1
CUST-13402,2024-11-07,basic,11.57,14,0,13,,active,0
CUST-13403,2024-11-07,basic,11.42,14,1,24,,active,0
CUST-13404,2024-11-06,standard,39.35,14,5,6,price,closed,1
CUST-13405,2024-11-09,basic,13.22,13,3,28,moved to competitor,closed,1
CUST-13406,2024-11-06,basic,11.10,14,0,25,,active,0
CUST-13407,2024-11-07,basic,13.11,14,1,14,,active,0
CUST-13408,2024-11-09,basic,12.21,13,0,12,,active,0
CUST-13409,2024-11-07,basic,11.48,14,2,16,,active,0
CUST-13410,2024-11-08,basic,13.10,13,5,25,no longer needed,closed,1
CUST-13411,2024-11-09,basic,13.42,13,5,11,price,closed,1
CUST-13412,2024-11-10,standard,36.86,13,0,26,,active,0
CUST-13413,2024-11-09,premium,86.07,13,3,10,poor support,closed,1
CUST-13414,2024-11-08,basic,11.13,13,4,23,poor support,closed,1
CUST-13415,2024-11-08,basic,11.45,13,0,29,,active,0
CUST-13416,2024-11-10,standard,36.44,13,2,7,,active,0
CUST-13417,2024-11-08,standard,34.86,13,0,21,,active,0
CUST-13418,2024-11-08,premium,94.08,13,1,8,,active,0
CUST-13419,2024-11-09,standard,39.66,13,0,16,,active,0
CUST-13420,2024-11-11,standard,36.84,13,2,14,,active,0
CUST-13421,2024-11-10,standard,36.88,13,1,25,,active,0
CUST-13422,2024-11-08,basic,12.42,13,0,39,,active,0
CUST-13423,2024-11-11,basic,10.84,13,0,22,,active,0
CUST-13424,2024-11-10,premium,101.11,13,1,9,,active,0
CUST-13425,2024-11-08,basic,11.79,13,5,31,moved to competitor,closed,1
CUST-13426,2024-11-11,standard,39.96,13,0,1,,active,0
CUST-13427,2024-11-10,premium,96.42,13,2,11,,active,0
CUST-13428,2024-11-09,basic,11.11,13,4,18,poor support,closed,1
CUST-13429,2024-11-08,basic,12.03,13,2,11,moved to competitor,closed,1
CUST-13430,2024-11-09,basic,13.71,13,1,16,,active,0
CUST-13431,2024-11-12,standard,33.89,13,2,17,,active,0
CUST-13432,2024-11-12,standard,39.32,13,2,4,,active,0
CUST-13433,2024-11-11,premium,85.35,13,0,21,,active,0
CUST-13434,2024-11-11,standard,31.68,13,0,1,,active,0
CUST-13435,2024-11-10,premium,90.09,13,2,11,,active,0
CUST-13436,2024-11-09,standard,36.59,13,3,30,moved to competitor,closed,1
CUST-13437,2024-11-11,standard,31.81,13,1,5,,active,0
CUST-13438,2024-11-09,standard,32.02,13,2,9,,active,0
CUST-13439,2024-11-10,basic,13.43,13,0,16,,active,0
CUST-13440,2024-11-12,standard,32.14,13,0,12,,active,0
CUST-13441,2024-11-10,basic,11.23,13,3,18,no longer needed,closed,1
CUST-13442,2024-11-11,standard,36.42,13,0,24,,active,0
CUST-13443,2024-11-12,basic,11.54,13,1,28,,active,0
CUST-13444,2024-11-12,basic,13.42,13,0,26,,active,0
CUST-13445,2024-11-13,standard,39.45,13,2,5,,active,0
CUST-13446,2024-11-11,standard,33.04,13,1,19,,active,0
CUST-13447,2024-11-10,standard,34.43,13,2,11,,active,0
CUST-13448,2024-11-11,basic,12.62,13,5,26,missing features,closed,1
CUST-13449,2024-11-13,basic,12.99,13,0,37,,active,0
CUST-13450,2024-11-11,standard,32.74,13,0,6,,active,0
CUST-13451,2024-11-11,premium,96.50,13,0,0,,active,0
CUST-13452,2024-11-12,basic,11.24,13,5,21,price,closed,1
CUST-13453,2024-11-14,standard,35.62,13,2,7,,active,0
CUST-13454,2024-11-14,premium,87.91,13,0,7,,active,0
CUST-13455,2024-11-11,basic,13.40,13,2,37,poor support,closed,1
CUST-13456,2024-11-13,premium,94.32,13,0,35,,active,0
CUST-13457,2024-11-13,basic,12.24,13,1,31,,active,0
CUST-13458,2024-11-13,standard,35.82,13,1,15,,active,0
CUST-13459,2024-11-11,basic,13.10,13,4,22,missing features,closed,1
CUST-13460,2024-11-13,standard,34.06,13,1,9,,active,0
CUST-13461,2024-11-14,basic,12.26,13,2,36,missing features,closed,1
CUST-13462,2024-11-13,premium,100.24,13,1,18,,active,0
CUST-13463,2024-11-14,basic,13.09,13,2,16,,active,0
CUST-13464,2024-11-14,standard,35.88,13,5,12,poor support,closed,1
CUST-13465,2024-11-15,standard,35.66,13,2,17,,active,0
CUST-13466,2024-11-12,basic,12.08,13,5,29,missing features,closed,1
CUST-13467,2024-11-12,standard,39.58,13,4,15,price,closed,1
CUST-13468,2024-11-13,basic,13.59,13,3,2,missing features,closed,1
CUST-13469,2024-11-14,premium,87.74,13,0,2,,active,0
CUST-13470,2024-11-14,basic,12.26,13,1,34,no longer needed,closed,1
CUST-13471,2024-11-12,standard,34.24,13,0,7,,active,0
CUST-13472,2024-11-14,standard,37.55,13,2,13,,active,0
CUST-13473,2024-11-15,premium,97.80,13,0,29,,active,0
CUST-13474,2024-11-13,standard,36.40,13,0,10,,active,0
CUST-13475,2024-11-15,standard,35.30,13,0,21,,active,0
CUST-13476,2024-11-15,standard,37.62,13,0,3,,active,0
CUST-13477,2024-11-14,standard,35.54,13,0,13,,active,0
CUST-13478,2024-11-15,premium,83.50,13,2,15,,active,0
CUST-13479,2024-11-15,basic,12.89,13,5,18,moved to competitor,closed,1
CUST-13480,2024-11-15,standard,38.32,13,6,18,moved to competitor,closed,1
CUST-13481,2024-11-14,standard,37.81,13,0,13,,active,0
CUST-13482,2024-11-14,basic,13.37,13,0,34,,active,0
CUST-13483,2024-11-13,standard,36.11,13,1,21,,active,0
CUST-13484,2024-11-16,standard,40.17,13,1,13,,active,0
CUST-13485,2024-11-15,basic,10.88,13,2,35,,active,0
CUST-13486,2024-11-17,standard,33.56,13,0,2,,active,0
CUST-13487,2024-11-15,basic,11.09,13,2,20,,active,0
CUST-13488,2024-11-15,standard,35.78,13,2,21,,active,0
CUST-13489,2024-11-16,standard,39.70,13,2,11,,active,0
CUST-13490,2024-11-16,standard,33.57,13,0,11,,active,0
CUST-13491,2024-11-16,standard,31.82,13,0,5,,active,0
CUST-13492,2024-11-14,basic,11.15,13,2,34,moved to competitor,closed,1
CUST-13493,2024-11-17,standard,34.77,13,1,35,,active,0
CUST-13494,2024-11-16,premium,93.99,13,2,19,,active,0
CUST-13495,2024-11-16,standard,39.69,13,1,14,,active,0
CUST-13496,2024-11-16,basic,12.05,13,0,21,,active,0
CUST-13497,2024-11-16,basic,11.11,13,0,11,,active,0
CUST-13498,2024-11-16,basic,13.64,13,0,24,,active,0
CUST-13499,2024-11-17,standard,33.31,13,0,19,,active,0
CUST-13500,2024-11-18,basic,11.71,13,0,23,,active,0
CUST-13501,2024-11-17,standard,37.53,13,4,14,missing features,closed,1
CUST-13502,2024-11-16,premium,86.60,13,0,9,,active,0
CUST-13503,2024-11-15,standard,40.02,13,2,39,moved to competitor,closed,1
CUST-13504,2024-11-17,premium,84.34,13,4,20,missing features,closed,1
CUST-13505,2024-11-16,basic,13.19,13,2,8,poor support,closed,1
CUST-13506,2024-11-15,standard,36.19,13,0,16,,active,0
CUST-13507,2024-11-18,premium,85.31,13,0,19,,active,0
CUST-13508,2024-11-18,standard,32.96,13,3,18,,active,0
CUST-13509,2024-11-18,basic,11.29,13,2,30,,active,0
CUST-13510,2024-11-16,premium,95.86,13,3,25,,active,0
CUST-13511,2024-11-18,basic,10.97,13,3,19,no longer needed,closed,1
CUST-13512,2024-11-18,premium,80.38,13,1,19,,active,0
CUST-13513,2024-11-19,standard,38.26,13,1,0,,active,0
CUST-13514,2024-11-19,basic,13.77,13,3,29,moved to competitor,closed,1
CUST-13515,2024-11-16,standard,32.34,13,1,7,,active,0
CUST-13516,2024-11-18,basic,13.66,13,1,21,,active,0
CUST-13517,2024-11-17,premium,85.64,13,0,24,,active,0
CUST-13518,2024-11-18,standard,35.46,13,0,19,,active,0
CUST-13519,2024-11-20,standard,39.96,13,1,9,,active,0
CUST-13520,2024-11-18,standard,34.04,13,1,0,,active,0
CUST-13521,2024-11-19,standard,34.80,13,1,29,,active,0
CUST-13522,2024-11-19,standard,33.03,13,2,0,,active,0
CUST-13523,2024-11-18,standard,31.87,13,1,10,,active,0
CUST-13524,2024-11-20,basic,12.14,13,1,20,,active,0
CUST-13525,2024-11-20,basic,13.31,13,4,27,moved to competitor,closed,1
CUST-13526,2024-11-19,basic,12.55,13,3,22,price,closed,1
CUST-13527,2024-11-19,basic,10.99,13,1,23,,active,0
CUST-13528,2024-11-17,standard,36.36,13,1,10,,active,0
CUST-13529,2024-11-18,standard,33.55,13,1,15,,active,0
CUST-13530,2024-11-18,basic,13.19,13,2,2,no longer needed,closed,1
CUST-13531,2024-11-21,standard,36.83,13,1,23,,active,0
CUST-13532,2024-11-19,basic,12.15,13,1,12,,active,0
CUST-13533,2024-11-19,premium,82.64,13,0,22,,active,0
CUST-13534,2024-11-21,basic,11.14,13,0,29,,active,0
CUST-13535,2024-11-20,premium,86.45,13,5,26,moved to competitor,closed,1
CUST-13536,2024-11-20,premium,82.36,13,4,22,price,closed,1
CUST-13537,2024-11-20,basic,12.70,13,0,44,,active,0
CUST-13538,2024-11-21,standard,36.29,13,2,13,,active,0
CUST-13539,2024-11-18,basic,11.99,13,1,22,,active,0
CUST-13540,2024-11-20,standard,31.68,13,2,39,,active,0
CUST-13541,2024-11-19,standard,35.89,13,4,15,price,closed,1
CUST-13542,2024-11-21,standard,32.17,13,0,22,,active,0
CUST-13543,2024-11-20,standard,34.20,13,1,11,,active,0
CUST-13544,2024-11-19,basic,11.53,13,1,26,,active,0
CUST-13545,2024-11-19,basic,11.15,13,4,30,poor support,closed,1
CUST-13546,2024-11-21,basic,11.77,13,0,17,,active,0
CUST-13547,2024-11-20,basic,13.71,13,3,33,no longer needed,closed,1
CUST-13548,2024-11-21,basic,12.36,13,1,27,missing features,closed,1
CUST-13549,2024-11-20,premium,97.05,13,1,18,,active,0
CUST-13550,2024-11-20,standard,37.39,13,2,6,,active,0
CUST-13551,2024-11-22,basic,11.33,13,1,24,price,closed,1
CUST-13552,2024-11-22,basic,11.90,13,0,17,,active,0
CUST-13553,2024-11-20,premium,94.47,13,4,29,poor support,closed,1
CUST-13554,2024-11-23,premium,90.98,13,1,20,,active,0
CUST-13555,2024-11-23,premium,92.40,13,0,23,,active,0
CUST-13556,2024-11-23,premium,87.62,13,0,11,,active,0
CUST-13557,2024-11-21,standard,38.22,13,3,27,missing features,closed,1
CUST-13558,2024-11-21,premium,89.31,13,1,22,poor support,closed,1
CUST-13559,2024-11-23,basic,11.79,13,2,30,poor support,closed,1
CUST-13560,2024-11-22,basic,11.73,13,2,29,no longer needed,closed,1
CUST-13561,2024-11-22,basic,13.11,13,4,15,moved to competitor,closed,1
CUST-13562,2024-11-22,standard,38.98,13,2,11,,active,0
CUST-13563,2024-11-23,basic,12.29,13,3,22,,active,0
CUST-13564,2024-11-24,basic,12.24,13,1,15,no longer needed,closed,1
CUST-13565,2024-11-24,premium,102.20,13,2,15,,active,0
CUST-13566,2024-11-22,standard,38.95,13,0,13,,active,0
CUST-13567,2024-11-21,premium,80.30,13,2,9,,active,0
CUST-13568,2024-11-22,basic,12.99,13,1,22,,active,0
CUST-13569,2024-11-23,standard,32.92,13,1,18,poor support,closed,1
CUST-13570,2024-11-22,basic,12.76,13,0,19,,active,0
CUST-13571,2024-11-23,basic,13.10,13,1,30,,active,0
CUST-13572,2024-11-24,basic,12.47,13,0,22,,active,0
CUST-13573,2024-11-24,premium,83.11,13,4,10,missing features,closed,1
CUST-13574,2024-11-22,basic,10.87,13,3,22,,active,0
CUST-13575,2024-11-24,basic,13.25,13,1,29,,active,0
CUST-13576,2024-11-22,standard,38.88,13,6,12,no longer needed,closed,1
CUST-13577,2024-11-25,basic,12.53,13,0,35,,active,0
CUST-13578,2024-11-23,standard,38.16,13,5,3,price,closed,1
CUST-13579,2024-11-25,premium,85.06,13,0,25,,active,0
CUST-13580,2024-11-23,basic,11.42,13,3,41,poor support,closed,1
CUST-13581,2024-11-22,standard,33.19,13,0,13,,active,0
CUST-13582,2024-11-22,premium,93.36,13,6,4,missing features,closed,1
CUST-13583,2024-11-25,basic,13.28,13,2,32,no longer needed,closed,1
CUST-13584,2024-11-25,premium,100.16,13,0,5,,active,0
CUST-13585,2024-11-25,basic,11.54,13,1,22,,active,0
CUST-13586,2024-11-25,basic,11.98,13,0,30,,active,0
CUST-13587,2024-11-23,basic,11.71,13,2,9,moved to competitor,closed,1
CUST-13588,2024-11-24,standard,33.12,13,0,0,,active,0
CUST-13589,2024-11-24,standard,38.96,13,0,7,,active,0
CUST-13590,2024-11-26,basic,13.38,13,2,12,missing features,closed,1
CUST-13591,2024-11-24,premium,98.82,13,2,0,,active,0
CUST-13592,2024-11-23,premium,87.46,13,0,14,,active,0
CUST-13593,2024-11-23,premium,91.22,13,5,15,moved to competitor,closed,1
CUST-13594,2024-11-26,standard,36.65,13,3,20,price,closed,1
CUST-13595,2024-11-26,standard,38.11,13,3,20,no longer needed,closed,1
CUST-13596,2024-11-26,standard,33.34,13,1,25,,active,0
CUST-13597,2024-11-25,basic,12.98,13,2,24,,active,0
CUST-13598,2024-11-26,standard,32.00,13,0,8,,active,0
CUST-13599,2024-11-27,premium,86.35,13,1,7,,active,0
CUST-13600,2024-11-26,basic,11.42,13,1,19,,active,0
CUST-13601,2024-11-25,standard,31.53,13,1,5,,active,0
CUST-13602,2024-11-25,premium,93.03,13,2,8,,active,0
CUST-13603,2024-11-25,standard,34.12,13,0,8,,active,0
CUST-13604,2024-11-26,standard,33.86,13,1,18,,active,0
CUST-13605,2024-11-24,standard,35.27,13,0,17,,active,0
CUST-13606,2024-11-25,basic,10.94,13,1,20,moved to competitor,closed,1
CUST-13607,2024-11-25,standard,34.23,13,0,16,,active,0
CUST-13608,2024-11-26,premium,83.62,13,0,24,,active,0
CUST-13609,2024-11-26,basic,12.16,13,3,15,poor support,closed,1
CUST-13610,2024-11-28,basic,13.26,13,0,37,,active,0
CUST-13611,2024-11-27,basic,12.24,13,1,21,,active,0
CUST-13612,2024-11-28,standard,32.49,13,1,8,,active,0
CUST-13613,2024-11-25,basic,13.42,13,4,24,poor support,closed,1
CUST-13614,2024-11-27,premium,80.34,13,2,19,,active,0
CUST-13615,2024-11-25,standard,36.10,13,1,16,price,closed,1
CUST-13616,2024-11-28,standard,31.67,13,2,19,,active,0
CUST-13617,2024-11-29,basic,12.30,13,1,24,price,closed,1
CUST-13618,2024-11-27,basic,13.51,13,1,31,,active,0
CUST-13619,2024-11-26,standard,32.70,13,3,37,no longer needed,closed,1
CUST-13620,2024-11-27,basic,13.19,13,3,18,no longer needed,closed,1
CUST-13621,2024-11-29,basic,12.40,13,0,29,,active,0
CUST-13622,2024-11-26,standard,34.72,13,1,5,,active,0
CUST-13623,2024-11-29,basic,13.27,13,0,12,,active,0
CUST-13624,2024-11-29,standard,35.19,13,2,12,,active,0
CUST-13625,2024-11-27,standard,35.77,13,0,28,,active,0
CUST-13626,2024-11-29,basic,10.92,13,2,8,no longer needed,closed,1
CUST-13627,2024-11-29,basic,12.30,13,3,26,poor support,closed,1
CUST-13628,2024-11-28,standard,31.54,13,0,5,,active,0
CUST-13629,2024-11-30,standard,35.08,13,5,3,price,closed,1
CUST-13630,2024-11-27,premium,97.55,13,2,15,,active,0
CUST-13631,2024-11-28,standard,39.89,13,0,21,,active,0
CUST-13632,2024-11-29,standard,34.09,13,1,11,,active,0
CUST-13633,2024-11-27,standard,34.44,13,0,11,,active,0
CUST-13634,2024-11-30,standard,38.76,13,0,8,,active,0
CUST-13635,2024-11-29,premium,101.42,13,1,6,price,closed,1
CUST-13636,2024-11-27,standard,37.31,13,1,11,,active,0
CUST-13637,2024-11-29,basic,11.72,13,5,38,poor support,closed,1
CUST-13638,2024-11-28,basic,13.76,13,3,23,missing features,closed,1
CUST-13639,2024-12-01,basic,11.33,13,5,39,no longer needed,closed,1
CUST-13640,2024-11-28,standard,39.76,13,5,3,no longer needed,closed,1
CUST-13641,2024-11-29,basic,10.90,13,1,27,,active,0
CUST-13642,2024-11-28,premium,95.81,13,1,7,poor support,closed,1
CUST-13643,2024-12-01,premium,99.34,13,1,0,,active,0
CUST-13644,2024-11-28,basic,11.94,13,5,28,no longer needed,closed,1
CUST-13645,2024-11-30,basic,13.04,13,6,41,no longer needed,closed,1
CUST-13646,2024-12-01,standard,36.35,13,0,0,,active,0
CUST-13647,2024-11-29,basic,11.26,13,2,23,missing features,closed,1
CUST-13648,2024-11-28,basic,12.51,13,1,36,,active,0
CUST-13649,2024-11-29,standard,38.24,13,1,16,,active,0
CUST-13650,2024-12-01,standard,33.12,13,1,0,price,closed,1
CUST-13651,2024-11-29,basic,11.78,13,0,38,,active,0
CUST-13652,2024-11-29,standard,36.99,13,1,25,,active,0
CUST-13653,2024-12-01,basic,13.01,13,5,22,missing features,closed,1
CUST-13654,2024-11-30,premium,87.14,13,1,20,,active,0
CUST-13655,2024-12-02,standard,36.99,13,0,9,,active,0
CUST-13656,2024-11-29,basic,11.96,13,1,28,,active,0
CUST-13657,2024-11-30,standard,36.55,13,0,0,,active,0
CUST-13658,2024-11-30,basic,11.08,13,1,25,missing features,closed,1
CUST-13659,2024-11-29,basic,11.66,13,0,27,,active,0
CUST-13660,2024-11-29,standard,38.34,13,1,9,,active,0
CUST-13661,2024-11-30,basic,12.28,13,4,18,moved to competitor,closed,1
CUST-13662,2024-12-03,standard,38.19,13,0,14,,active,0
CUST-13663,2024-12-01,basic,11.76,13,1,24,,active,0
CUST-13664,2024-12-03,premium,96.09,13,5,12,missing features,closed,1
CUST-13665,2024-12-03,basic,12.24,13,3,18,poor support,closed,1
CUST-13666,2024-12-01,standard,36.16,13,3,20,no longer needed,closed,1
CUST-13667,2024-12-03,standard,32.33,13,2,15,,active,0
CUST-13668,2024-11-30,basic,13.78,13,1,24,,active,0
CUST-13669,2024-11-30,premium,85.58,13,0,1,,active,0
CUST-13670,2024-12-03,standard,38.25,13,0,32,,active,0
CUST-13671,2024-11-30,standard,32.15,13,2,19,,active,0
CUST-13672,2024-12-01,premium,94.95,13,2,5,,active,0
CUST-13673,2024-12-02,standard,35.81,13,1,12,,active,0
CUST-13674,2024-12-02,basic,11.64,13,2,29,missing features,closed,1
CUST-13675,2024-12-04,basic,12.87,13,0,32,,active,0
CUST-13676,2024-12-04,basic,12.20,13,1,20,,active,0
CUST-13677,2024-12-01,premium,92.12,13,1,6,poor support,closed,1
CUST-13678,2024-12-01,standard,36.95,13,1,22,,active,0
CUST-13679,2024-12-01,standard,33.11,13,2,19,,active,0
CUST-13680,2024-12-04,basic,12.62,13,1,21,,active,0
CUST-13681,2024-12-01,basic,12.12,13,5,9,price,closed,1
CUST-13682,2024-12-02,standard,34.59,13,0,20,,active,0
CUST-13683,2024-12-04,basic,12.86,13,0,35,,active,0
CUST-13684,2024-12-04,standard,37.35,13,0,18,,active,0
CUST-13685,2024-12-02,basic,11.24,13,2,29,no longer needed,closed,1
CUST-13686,2024-12-05,basic,11.41,13,1,28,,active,0
CUST-13687,2024-12-03,basic,13.34,13,2,23,moved to competitor,closed,1
CUST-13688,2024-12-02,standard,37.27,13,1,21,,active,0
CUST-13689,2024-12-03,premium,89.26,13,2,27,,active,0
CUST-13690,2024-12-03,basic,13.51,13,5,0,moved to competitor,closed,1
CUST-13691,2024-12-02,standard,31.85,13,2,17,,active,0
CUST-13692,2024-12-02,basic,13.56,13,4,35,moved to competitor,closed,1
CUST-13693,2024-12-02,standard,34.07,13,1,23,missing features,closed,1
CUST-13694,2024-12-04,basic,13.04,13,2,26,,active,0
CUST-13695,2024-12-03,basic,13.15,13,1,33,,active,0
CUST-13696,2024-12-04,premium,91.58,13,1,13,,active,0
CUST-13697,2024-12-04,basic,11.03,13,0,10,,active,0
CUST-13698,2024-12-06,premium,96.34,13,0,6,,active,0
CUST-13699,2024-12-03,standard,37.08,13,2,0,,active,0
CUST-13700,2024-12-04,basic,13.72,13,1,20,,active,0
CUST-13701,2024-12-04,standard,36.22,13,0,12,,active,0
CUST-13702,2024-12-03,basic,13.00,13,0,49,,active,0
CUST-13703,2024-12-03,standard,31.56,13,1,0,,active,0
CUST-13704,2024-12-03,basic,12.54,13,4,27,moved to competitor,closed,1
CUST-13705,2024-12-05,standard,32.73,13,1,7,,active,0
CUST-13706,2024-12-04,basic,13.61,13,0,33,,active,0
CUST-13707,2024-12-06,premium,101.84,13,5,13,no longer needed,closed,1
CUST-13708,2024-12-05,premium,96.45,13,4,32,no longer needed,closed,1
CUST-13709,2024-12-07,basic,13.63,13,0,12,,active,0
CUST-13710,2024-12-06,basic,11.63,13,3,52,moved to competitor,closed,1
CUST-13711,2024-12-06,premium,87.45,13,3,13,price,closed,1
CUST-13712,2024-12-04,basic,11.92,13,6,24,price,closed,1
CUST-13713,2024-12-06,basic,12.58,13,2,27,missing features,closed,1
CUST-13714,2024-12-06,basic,13.15,13,1,27,moved to competitor,closed,1
CUST-13715,2024-12-07,standard,35.98,13,0,20,,active,0
CUST-13716,2024-12-05,standard,40.03,13,2,6,price,closed,1
CUST-13717,2024-12-07,standard,34.79,13,3,2,moved to competitor,closed,1
CUST-13718,2024-12-08,basic,12.56,12,0,37,,active,0
CUST-13719,2024-12-08,basic,12.63,12,2,19,,active,0
CUST-13720,2024-12-05,basic,12.90,13,1,19,,active,0
CUST-13721,2024-12-07,basic,12.18,13,1,27,,active,0
CUST-13722,2024-12-07,premium,80.74,13,1,13,,active,0
CUST-13723,2024-12-05,basic,13.15,13,1,14,,active,0
CUST-13724,2024-12-06,basic,11.52,13,4,31,moved to competitor,closed,1
CUST-13725,2024-12-06,standard,32.14,13,1,14,,active,0
CUST-13726,2024-12-06,basic,12.00,13,4,16,no longer needed,closed,1
CUST-13727,2024-12-07,basic,11.05,13,3,18,,active,0
CUST-13728,2024-12-08,standard,33.77,12,4,16,poor support,closed,1
CUST-13729,2024-12-09,premium,97.05,12,0,0,,active,0
CUST-13730,2024-12-06,basic,10.97,13,1,27,,active,0
CUST-13731,2024-12-09,standard,35.19,12,0,5,,active,0
CUST-13732,2024-12-06,premium,98.88,13,0,9,,active,0
CUST-13733,2024-12-09,standard,34.26,12,2,22,,active,0
CUST-13734,2024-12-07,basic,12.89,13,0,23,,active,0
CUST-13735,2024-12-06,basic,13.20,13,0,2,,active,0
CUST-13736,2024-12-08,basic,12.66,12,2,12,,active,0
CUST-13737,2024-12-09,basic,11.79,12,0,21,,active,0
CUST-13738,2024-12-07,premium,98.87,13,5,15,moved to competitor,closed,1
CUST-13739,2024-12-08,standard,34.06,12,1,27,,active,0
CUST-13740,2024-12-07,premium,88.75,13,3,15,,active,0
CUST-13741,2024-12-07,standard,33.64,13,1,12,,active,0
CUST-13742,2024-12-10,standard,37.74,12,1,15,no longer needed,closed,1
CUST-13743,2024-12-09,basic,11.36,12,0,34,,active,0
CUST-13744,2024-12-08,standard,33.72,12,4,17,moved to competitor,closed,1
CUST-13745,2024-12-09,premium,82.91,12,1,12,,active,0
CUST-13746,2024-12-07,basic,12.20,13,1,10,,active,0
CUST-13747,2024-12-08,standard,37.71,12,1,11,,active,0
CUST-13748,2024-12-10,basic,13.35,12,2,30,,active,0
CUST-13749,2024-12-09,standard,34.57,12,1,21,,active,0
CUST-13750,2024-12-11,basic,13.45,12,3,29,price,closed,1
CUST-13751,2024-12-10,basic,12.53,12,4,23,missing features,closed,1
CUST-13752,2024-12-10,standard,35.31,12,1,24,,active,0
CUST-13753,2024-12-09,basic,12.77,12,2,8,poor support,closed,1
CUST-13754,2024-12-09,basic,13.31,12,0,32,,active,0
CUST-13755,2024-12-08,basic,12.41,12,0,14,,active,0
CUST-13756,2024-12-09,standard,38.57,12,1,9,,active,0
CUST-13757,2024-12-08,standard,36.68,12,1,9,,active,0
CUST-13758,2024-12-11,basic,13.69,12,0,14,,active,0
CUST-13759,2024-12-09,premium,91.14,12,2,18,,active,0
CUST-13760,2024-12-12,premium,88.97,12,0,10,,active,0
CUST-13761,2024-12-10,standard,34.70,12,0,12,,active,0
CUST-13762,2024-12-10,basic,13.00,12,1,29,,active,0
CUST-13763,2024-12-09,basic,13.50,12,1,1,missing features,closed,1
CUST-13764,2024-12-11,premium,96.56,12,3,27,price,closed,1
CUST-13765,2024-12-12,basic,11.55,12,2,25,,active,0
CUST-13766,2024-12-12,standard,32.48,12,2,14,,active,0
CUST-13767,2024-12-10,basic,10.92,12,4,37,missing features,closed,1
CUST-13768,2024-12-10,standard,33.01,12,1,34,,active,0
CUST-13769,2024-12-10,premium,94.23,12,1,26,,active,0
CUST-13770,2024-12-11,standard,32.08,12,4,21,poor support,closed,1
CUST-13771,2024-12-10,premium,90.11,12,5,31,moved to competitor,closed,1
CUST-13772,2024-12-12,basic,11.26,12,0,14,,active,0
CUST-13773,2024-12-11,standard,34.11,12,0,8,,active,0
CUST-13774,2024-12-12,basic,12.93,12,3,19,,active,0
CUST-13775,2024-12-10,standard,33.30,12,1,7,,active,0
CUST-13776,2024-12-10,basic,11.03,12,2,45,,active,0
CUST-13777,2024-12-10,premium,91.57,12,1,16,,active,0
CUST-13778,2024-12-11,standard,31.85,12,1,16,,active,0
CUST-13779,2024-12-13,basic,13.12,12,1,29,,active,0
CUST-13780,2024-12-11,basic,11.12,12,4,17,missing features,closed,1
CUST-13781,2024-12-14,basic,10.88,12,1,30,,active,0
CUST-13782,2024-12-13,standard,36.95,12,0,23,,active,0
CUST-13783,2024-12-14,standard,32.39,12,1,16,,active,0
CUST-13784,2024-12-12,basic,10.84,12,3,30,no longer needed,closed,1
CUST-13785,2024-12-13,basic,11.92,12,3,26,,active,0
CUST-13786,2024-12-13,basic,11.70,12,0,21,,active,0
CUST-13787,2024-12-12,standard,33.15,12,2,18,,active,0
CUST-13788,2024-12-13,basic,12.83,12,0,22,,active,0
CUST-13789,2024-12-13,premium,90.62,12,2,9,,active,0
CUST-13790,2024-12-14,basic,10.80,12,1,21,,active,0
CUST-13791,2024-12-13,standard,37.99,12,1,12,,active,0
CUST-13792,2024-12-13,basic,12.72,12,2,28,moved to competitor,closed,1
CUST-13793,2024-12-13,premium,83.38,12,0,15,,active,0
CUST-13794,2024-12-12,premium,82.22,12,1,10,,active,0
CUST-13795,2024-12-15,standard,38.32,12,1,8,,active,0
CUST-13796,2024-12-14,premium,88.83,12,1,6,,active,0
CUST-13797,2024-12-15,standard,37.38,12,1,21,,active,0
CUST-13798,2024-12-14,standard,38.88,12,3,3,no longer needed,closed,1
CUST-13799,2024-12-14,premium,84.44,12,0,3,,active,0
CUST-13800,2024-12-14,standard,35.85,12,0,20,,active,0
CUST-13801,2024-12-12,standard,37.88,12,2,30,moved to competitor,closed,1
CUST-13802,2024-12-13,standard,37.74,12,2,7,,active,0
CUST-13803,2024-12-15,basic,12.25,12,2,26,moved to competitor,closed,1
CUST-13804,2024-12-13,standard,39.85,12,1,37,,active,0
CUST-13805,2024-12-13,premium,100.21,12,2,16,,active,0
CUST-13806,2024-12-13,basic,13.29,12,0,40,,active,0
CUST-13807,2024-12-16,basic,11.75,12,3,42,no longer needed,closed,1
CUST-13808,2024-12-15,standard,33.13,12,0,1,,active,0
CUST-13809,2024-12-15,basic,10.95,12,4,37,moved to competitor,closed,1
CUST-13810,2024-12-16,standard,36.62,12,0,13,,active,0
CUST-13811,2024-12-13,standard,36.41,12,1,9,,active,0
CUST-13812,2024-12-16,basic,11.54,12,1,32,,active,0
CUST-13813,2024-12-14,standard,35.38,12,1,18,,active,0
CUST-13814,2024-12-15,basic,13.10,12,1,20,,active,0
CUST-13815,2024-12-15,basic,13.39,12,0,29,,active,0
CUST-13816,2024-12-17,basic,13.24,12,1,15,,active,0
CUST-13817,2024-12-16,basic,13.05,12,6,15,poor support,closed,1
CUST-13818,2024-12-15,standard,38.26,12,0,9,,active,0
CUST-13819,2024-12-17,standard,40.17,12,1,6,,active,0
CUST-13820,2024-12-15,basic,10.85,12,2,33,,active,0
CUST-13821,2024-12-17,basic,12.99,12,1,20,no longer needed,closed,1
CUST-13822,2024-12-14,premium,88.90,12,0,23,,active,0
CUST-13823,2024-12-17,basic,13.03,12,0,15,,active,0
CUST-13824,2024-12-15,premium,101.70,12,1,7,,active,0
CUST-13825,2024-12-18,standard,38.70,12,3,4,,active,0
CUST-13826,2024-12-16,basic,11.97,12,2,26,,active,0
CUST-13827,2024-12-17,standard,33.91,12,2,29,poor support,closed,1
CUST-13828,2024-12-18,standard,33.09,12,1,20,,active,0
CUST-13829,2024-12-18,basic,12.91,12,0,30,,active,0
CUST-13830,2024-12-18,standard,35.04,12,5,19,no longer needed,closed,1
CUST-13831,2024-12-18,standard,40.06,12,4,27,price,closed,1
CUST-13832,2024-12-17,basic,11.21,12,0,28,,active,0
CUST-13833,2024-12-15,standard,40.10,12,4,12,moved to competitor,closed,1
CUST-13834,2024-12-16,standard,40.04,12,3,10,,active,0
CUST-13835,2024-12-17,premium,97.41,12,1,11,no longer needed,closed,1
CUST-13836,2024-12-18,standard,36.52,12,1,13,,active,0
CUST-13837,2024-12-16,basic,13.51,12,0,8,,active,0
CUST-13838,2024-12-17,standard,32.55,12,0,0,,active,0
CUST-13839,2024-12-18,basic,10.95,12,2,37,poor support,closed,1
CUST-13840,2024-12-17,standard,39.91,12,2,13,,active,0
CUST-13841,2024-12-17,standard,35.88,12,1,9,,active,0
CUST-13842,2024-12-19,basic,11.49,12,0,20,,active,0
CUST-13843,2024-12-18,standard,33.05,12,0,23,,active,0
CUST-13844,2024-12-17,standard,32.13,12,0,18,,active,0
CUST-13845,2024-12-17,basic,11.87,12,1,30,missing features,closed,1
CUST-13846,2024-12-17,premium,96.57,12,2,0,,active,0
CUST-13847,2024-12-18,premium,85.99,12,0,23,,active,0
CUST-13848,2024-12-17,premium,84.27,12,1,6,,active,0
CUST-13849,2024-12-17,premium,80.75,12,0,4,,active,0
CUST-13850,2024-12-17,standard,37.56,12,1,5,,active,0
CUST-13851,2024-12-18,premium,87.34,12,2,13,,active,0
CUST-13852,2024-12-17,basic,12.43,12,2,34,missing features,closed,1
CUST-13853,2024-12-18,basic,13.27,12,0,23,,active,0
CUST-13854,2024-12-17,premium,83.62,12,2,13,,active,0
CUST-13855,2024-12-20,basic,11.88,12,1,12,,active,0
CUST-13856,2024-12-20,basic,12.43,12,0,30,,active,0
CUST-13857,2024-12-20,premium,101.49,12,0,7,,active,0
CUST-13858,2024-12-19,basic,11.96,12,2,20,,active,0
CUST-13859,2024-12-20,standard,39.25,12,1,13,moved to competitor,closed,1
CUST-13860,2024-12-18,basic,12.24,12,1,17,,active,0
CUST-13861,2024-12-21,basic,11.27,12,1,29,,active,0
CUST-13862,2024-12-19,standard,32.34,12,0,13,,active,0
CUST-13863,2024-12-18,standard,38.99,12,1,12,,active,0
CUST-13864,2024-12-21,standard,32.85,12,3,0,missing features,closed,1
CUST-13865,2024-12-20,premium,80.82,12,1,6,,active,0
CUST-13866,2024-12-18,standard,35.04,12,1,5,,active,0
CUST-13867,2024-12-21,standard,35.05,12,2,0,,active,0
CUST-13868,2024-12-18,premium,95.63,12,2,20,,active,0
CUST-13869,2024-12-21,standard,31.77,12,1,16,,active,0
CUST-13870,2024-12-19,basic,12.90,12,4,41,missing features,closed,1
CUST-13871,2024-12-20,standard,31.65,12,0,5,,active,0
CUST-13872,2024-12-21,basic,12.64,12,1,23,moved to competitor,closed,1
CUST-13873,2024-12-19,standard,35.95,12,0,6,,active,0
CUST-13874,2024-12-22,standard,37.90,12,1,2,,active,0
CUST-13875,2024-12-20,standard,36.36,12,0,0,,active,0
CUST-13876,2024-12-20,standard,37.44,12,0,13,,active,0
CUST-13877,2024-12-20,basic,13.45,12,0,27,,active,0
CUST-13878,2024-12-20,basic,13.38,12,3,20,missing features,closed,1
CUST-13879,2024-12-21,basic,11.21,12,0,35,,active,0
CUST-13880,2024-12-23,basic,13.06,12,2,22,,active,0
CUST-13881,2024-12-22,standard,34.43,12,0,7,,active,0
CUST-13882,2024-12-22,standard,35.50,12,0,1,,active,0
CUST-13883,2024-12-22,basic,12.82,12,4,22,poor support,closed,1
CUST-13884,2024-12-20,standard,36.39,12,3,8,poor support,closed,1
CUST-13885,2024-12-23,basic,11.47,12,1,0,,active,0
CUST-13886,2024-12-20,standard,39.04,12,2,20,poor support,closed,1
CUST-13887,2024-12-21,basic,11.22,12,3,32,,active,0
CUST-13888,2024-12-21,standard,35.53,12,1,15,,active,0
CUST-13889,2024-12-23,premium,98.19,12,1,22,,active,0
CUST-13890,2024-12-23,basic,12.42,12,0,13,,active,0
CUST-13891,2024-12-21,premium,102.04,12,0,6,,active,0
CUST-13892,2024-12-22,premium,87.93,12,0,18,,active,0
CUST-13893,2024-12-22,standard,36.20,12,4,6,missing features,closed,1
CUST-13894,2024-12-22,standard,34.75,12,1,0,,active,0
CUST-13895,2024-12-24,standard,39.13,12,2,31,,active,0
CUST-13896,2024-12-21,standard,36.24,12,2,13,,active,0
CUST-13897,2024-12-22,premium,95.26,12,2,23,poor support,closed,1
CUST-13898,2024-12-24,basic,10.88,12,0,33,,active,0
CUST-13899,2024-12-24,standard,32.52,12,0,24,,active,0
CUST-13900,2024-12-21,basic,13.44,12,4,13,no longer needed,closed,1
CUST-13901,2024-12-22,standard,33.75,12,0,8,,active,0
CUST-13902,2024-12-25,standard,31.87,12,0,11,,active,0
CUST-13903,2024-12-25,basic,13.15,12,1,25,,active,0
CUST-13904,2024-12-25,basic,11.24,12,4,30,no longer needed,closed,1
CUST-13905,2024-12-25,standard,38.11,12,0,26,,active,0
CUST-13906,2024-12-25,premium,83.67,12,1,19,,active,0
CUST-13907,2024-12-23,standard,38.16,12,0,20,,active,0
CUST-13908,2024-12-24,basic,11.50,12,3,24,moved to competitor,closed,1
CUST-13909,2024-12-23,basic,10.85,12,0,15,,active,0
CUST-13910,2024-12-25,premium,82.04,12,0,18,,active,0
CUST-13911,2024-12-23,premium,80.64,12,1,26,,active,0
CUST-13912,2024-12-23,premium,99.33,12,0,9,,active,0
CUST-13913,2024-12-25,standard,33.36,12,1,20,,active,0
CUST-13914,2024-12-25,standard,36.61,12,0,11,,active,0
CUST-13915,2024-12-25,basic,12.82,12,1,33,,active,0
CUST-13916,2024-12-26,standard,37.11,12,1,14,,active,0
CUST-13917,2024-12-24,basic,11.23,12,5,25,poor support,closed,1
CUST-13918,2024-12-26,basic,11.30,12,0,32,,active,0
CUST-13919,2024-12-24,basic,13.18,12,4,20,poor support,closed,1
CUST-13920,2024-12-25,standard,36.53,12,1,10,,active,0
CUST-13921,2024-12-23,standard,35.20,12,1,0,,active,0
CUST-13922,2024-12-26,standard,38.52,12,1,15,,active,0
CUST-13923,2024-12-24,standard,39.60,12,1,13,,active,0
CUST-13924,2024-12-24,basic,12.83,12,3,24,moved to competitor,closed,1
CUST-13925,2024-12-25,basic,11.82,12,3,22,price,closed,1
CUST-13926,2024-12-26,standard,39.21,12,1,11,,active,0
CUST-13927,2024-12-25,basic,11.07,12,4,29,no longer needed,closed,1
CUST-13928,2024-12-27,basic,13.24,12,2,37,,active,0
CUST-13929,2024-12-24,standard,34.95,12,1,0,,active,0
CUST-13930,2024-12-25,standard,36.69,12,1,23,,active,0
CUST-13931,2024-12-27,standard,35.82,12,0,11,,active,0
CUST-13932,2024-12-24,premium,93.23,12,2,0,,active,0
CUST-13933,2024-12-24,premium,85.30,12,0,0,,active,0
CUST-13934,2024-12-24,standard,33.07,12,2,2,no longer needed,closed,1
CUST-13935,2024-12-28,basic,13.57,12,5,28,price,closed,1
CUST-13936,2024-12-26,standard,36.70,12,1,17,,active,0
CUST-13937,2024-12-27,standard,39.26,12,2,11,no longer needed,closed,1
CUST-13938,2024-12-28,premium,88.10,12,1,18,,active,0
CUST-13939,2024-12-25,premium,91.95,12,0,16,,active,0
CUST-13940,2024-12-25,basic,13.51,12,1,14,,active,0
CUST-13941,2024-12-25,standard,37.49,12,0,14,,active,0
CUST-13942,2024-12-27,premium,99.60,12,4,18,moved to competitor,closed,1
CUST-13943,2024-12-28,basic,13.19,12,2,22,,active,0
CUST-13944,2024-12-27,standard,35.07,12,3,29,moved to competitor,closed,1
CUST-13945,2024-12-26,standard,33.29,12,3,11,poor support,closed,1
CUST-13946,2024-12-29,premium,82.23,12,2,0,missing features,closed,1
CUST-13947,2024-12-28,basic,12.64,12,2,41,,active,0
CUST-13948,2024-12-28,basic,10.96,12,3,20,missing features,closed,1
CUST-13949,2024-12-29,standard,35.26,12,3,18,price,closed,1
CUST-13950,2024-12-26,standard,38.75,12,1,12,,active,0
CUST-13951,2024-12-29,basic,11.01,12,2,10,poor support,closed,1
CUST-13952,2024-12-29,premium,83.99,12,0,10,,active,0
CUST-13953,2024-12-27,standard,33.98,12,0,7,,active,0
CUST-13954,2024-12-26,premium,102.10,12,0,14,,active,0
CUST-13955,2024-12-28,basic,12.34,12,0,27,,active,0
CUST-13956,2024-12-28,standard,39.38,12,0,18,,active,0
CUST-13957,2024-12-28,standard,36.05,12,0,10,,active,0
CUST-13958,2024-12-29,basic,13.41,12,1,24,,active,0
CUST-13959,2024-12-30,basic,10.92,12,3,31,price,closed,1
CUST-13960,2024-12-29,basic,12.64,12,0,39,,active,0
CUST-13961,2024-12-27,standard,32.44,12,0,18,,active,0
CUST-13962,2024-12-28,premium,87.12,12,0,0,,active,0
CUST-13963,2024-12-29,standard,36.88,12,6,0,no longer needed,closed,1
CUST-13964,2024-12-30,basic,11.14,12,0,24,,active,0
CUST-13965,2024-12-27,standard,33.57,12,1,3,,active,0
CUST-13966,2024-12-28,basic,12.80,12,3,19,poor support,closed,1
CUST-13967,2024-12-29,standard,37.25,12,2,23,,active,0
CUST-13968,2024-12-31,standard,32.27,12,1,7,price,closed,1
CUST-13969,2024-12-31,standard,38.95,12,0,6,,active,0
CUST-13970,2024-12-31,standard,35.86,12,1,24,,active,0
CUST-13971,2024-12-28,premium,97.06,12,0,0,,active,0
CUST-13972,2024-12-29,standard,39.57,12,1,24,,active,0
CUST-13973,2024-12-30,basic,11.72,12,5,24,moved to competitor,closed,1
CUST-13974,2024-12-29,basic,13.33,12,1,20,,active,0
CUST-13975,2024-12-28,standard,37.89,12,2,7,missing features,closed,1
CUST-13976,2024-12-31,standard,35.63,12,0,6,,active,0
CUST-13977,2024-12-30,standard,33.36,12,0,18,,active,0
CUST-13978,2024-12-29,basic,11.89,12,2,37,missing features,closed,1
CUST-13979,2024-12-31,basic,11.55,12,2,29,poor support,closed,1
CUST-13980,2024-12-31,standard,32.62,12,2,11,,active,0
CUST-13981,2025-01-01,basic,11.25,12,1,26,no longer needed,closed,1
CUST-13982,2024-12-29,basic,11.63,12,3,34,moved to competitor,closed,1
CUST-13983,2024-12-31,premium,87.22,12,1,27,,active,0
CUST-13984,2024-12-31,standard,31.51,12,0,19,,active,0
CUST-13985,2024-12-29,standard,34.13,12,0,8,,active,0
CUST-13986,2025-01-01,standard,37.10,12,1,12,,active,0
CUST-13987,2024-12-31,basic,10.82,12,2,47,,active,0
CUST-13988,2024-12-29,basic,12.19,12,1,24,,active,0
CUST-13989,2024-12-29,premium,84.87,12,2,2,,active,0
CUST-13990,2025-01-01,basic,11.09,12,1,21,,active,0
CUST-13991,2025-01-02,basic,12.12,12,0,19,,active,0
CUST-13992,2025-01-01,standard,36.02,12,1,19,price,closed,1
CUST-13993,2025-01-02,standard,39.51,12,1,31,,active,0
CUST-13994,2024-12-31,basic,12.21,12,1,21,missing features,closed,1
CUST-13995,2024-12-30,standard,34.75,12,2,10,,active,0
CUST-13996,2024-12-31,premium,96.21,12,1,0,,active,0
CUST-13997,2025-01-01,premium,80.24,12,1,8,,active,0
CUST-13998,2024-12-31,standard,35.24,12,2,15,,active,0
CUST-13999,2024-12-30,basic,10.86,12,4,33,moved to competitor,closed,1
CUST-14000,2024-12-31,basic,11.72,12,2,28,,active,0
CUST-14001,2025-01-01,standard,39.00,12,0,34,,active,0
CUST-14002,2025-01-02,standard,37.37,12,2,7,,active,0
CUST-14003,2025-01-02,premium,97.31,12,1,11,,active,0
CUST-14004,2024-12-31,standard,37.17,12,1,0,,active,0
CUST-14005,2025-01-01,premium,80.71,12,0,31,,active,0
CUST-14006,2025-01-03,basic,12.24,12,5,17,price,closed,1
CUST-14007,2025-01-03,premium,98.17,12,0,7,,active,0
CUST-14008,2025-01-03,basic,12.68,12,3,41,price,closed,1
CUST-14009,2024-12-31,standard,34.35,12,4,16,price,closed,1
CUST-14010,2025-01-03,standard,37.56,12,1,21,,active,0
CUST-14011,2025-01-04,basic,13.60,12,3,24,missing features,closed,1
CUST-14012,2025-01-02,premium,91.02,12,2,11,,active,0
CUST-14013,2025-01-01,premium,92.83,12,4,19,,active,0
CUST-14014,2025-01-03,premium,92.12,12,1,5,,active,0
CUST-14015,2025-01-03,standard,35.53,12,1,13,,active,0
CUST-14016,2025-01-02,standard,38.13,12,2,18,,active,0
CUST-14017,2025-01-04,basic,11.78,12,2,23,,active,0
CUST-14018,2025-01-02,basic,12.26,12,3,17,moved to competitor,closed,1
CUST-14019,2025-01-01,premium,98.48,12,1,16,,active,0
CUST-14020,2025-01-01,standard,36.59,12,1,18,,active,0
CUST-14021,2025-01-04,standard,33.85,12,2,18,,active,0
CUST-14022,2025-01-05,basic,13.08,12,3,37,moved to competitor,closed,1
CUST-14023,2025-01-03,standard,31.80,12,1,21,,active,0
CUST-14024,2025-01-04,standard,32.28,12,4,21,missing features,closed,1
CUST-14025,2025-01-05,basic,10.83,12,6,37,moved to competitor,closed,1
CUST-14026,2025-01-03,standard,38.92,12,0,18,,active,0
CUST-14027,2025-01-05,basic,13.73,12,1,18,poor support,closed,1
CUST-14028,2025-01-03,basic,11.16,12,2,33,,active,0
CUST-14029,2025-01-04,basic,11.16,12,3,33,price,closed,1
CUST-14030,2025-01-02,basic,11.44,12,2,38,missing features,closed,1
CUST-14031,2025-01-05,basic,13.48,12,0,33,,active,0
CUST-14032,2025-01-05,premium,86.66,12,1,11,,active,0
CUST-14033,2025-01-03,standard,37.45,12,0,3,,active,0
CUST-14034,2025-01-05,basic,11.17,12,1,35,,active,0
CUST-14035,2025-01-04,basic,12.42,12,1,29,,active,0
CUST-14036,2025-01-05,standard,36.11,12,0,11,,active,0
CUST-14037,2025-01-03,basic,12.04,12,0,13,,active,0
CUST-14038,2025-01-03,premium,102.18,12,0,20,,active,0
CUST-14039,2025-01-06,basic,11.81,12,1,27,,active,0
CUST-14040,2025-01-05,premium,98.10,12,2,17,poor support,closed,1
CUST-14041,2025-01-06,basic,12.88,12,2,40,price,closed,1
CUST-14042,2025-01-06,basic,13.38,12,2,21,missing features,closed,1
CUST-14043,2025-01-06,basic,11.25,12,0,16,,active,0
CUST-14044,2025-01-05,premium,82.33,12,3,8,,active,0
CUST-14045,2025-01-06,basic,11.24,12,3,38,missing features,closed,1
CUST-14046,2025-01-06,basic,12.69,12,3,42,price,closed,1
CUST-14047,2025-01-05,premium,89.26,12,0,32,,active,0
CUST-14048,2025-01-04,premium,87.66,12,3,21,missing features,closed,1
CUST-14049,2025-01-05,premium,92.64,12,4,27,moved to competitor,closed,1
CUST-14050,2025-01-04,premium,94.16,12,2,9,no longer needed,closed,1
CUST-14051,2025-01-07,basic,11.06,11,0,38,,active,0
CUST-14052,2025-01-05,basic,10.93,12,0,19,,active,0
CUST-14053,2025-01-07,basic,11.33,11,4,24,missing features,closed,1
CUST-14054,2025-01-04,standard,36.67,12,0,0,,active,0
CUST-14055,2025-01-07,premium,93.61,11,1,19,,active,0
CUST-14056,2025-01-05,standard,34.30,12,0,9,,active,0
CUST-14057,2025-01-07,premium,87.04,11,1,8,,active,0
CUST-14058,2025-01-06,standard,32.55,12,2,0,,active,0
CUST-14059,2025-01-06,basic,12.86,12,1,3,,active,0
CUST-14060,2025-01-08,premium,99.50,11,0,30,,active,0
CUST-14061,2025-01-08,premium,83.34,11,2,14,,active,0
CUST-14062,2025-01-06,standard,35.29,12,1,5,,active,0
CUST-14063,2025-01-08,basic,11.26,11,1,23,,active,0
CUST-14064,2025-01-08,standard,37.36,11,2,23,,active,0
CUST-14065,2025-01-06,basic,12.97,12,1,28,,active,0
CUST-14066,2025-01-09,basic,11.33,11,1,36,price,closed,1
CUST-14067,2025-01-09,standard,32.42,11,0,18,,active,0
CUST-14068,2025-01-09,basic,11.23,11,3,33,missing features,closed,1
CUST-14069,2025-01-08,premium,93.12,11,0,4,,active,0
CUST-14070,2025-01-07,premium,98.34,11,1,19,,active,0
CUST-14071,2025-01-06,premium,86.33,12,5,24,poor support,closed,1
CUST-14072,2025-01-06,standard,36.88,12,0,1,,active,0
CUST-14073,2025-01-06,standard,37.24,12,2,5,,active,0
CUST-14074,2025-01-06,standard,39.43,12,5,17,no longer needed,closed,1
CUST-14075,2025-01-07,standard,33.25,11,0,28,,active,0
CUST-14076,2025-01-07,premium,95.09,11,1,21,,active,0
CUST-14077,2025-01-07,standard,35.18,11,0,9,,active,0
CUST-14078,2025-01-10,standard,35.19,11,0,3,,active,0
CUST-14079,2025-01-10,standard,33.71,11,0,21,,active,0
CUST-14080,2025-01-10,premium,93.12,11,1,5,,active,0
CUST-14081,2025-01-09,standard,40.22,11,0,20,,active,0
CUST-14082,2025-01-09,basic,12.12,11,5,21,no longer needed,closed,1
CUST-14083,2025-01-09,basic,10.96,11,0,14,,active,0
CUST-14084,2025-01-07,basic,11.30,11,5,38,no longer needed,closed,1
CUST-14085,2025-01-08,standard,32.55,11,2,14,,active,0
CUST-14086,2025-01-09,basic,12.65,11,4,31,moved to competitor,closed,1
CUST-14087,2025-01-07,basic,13.08,11,4,14,no longer needed,closed,1
CUST-14088,2025-01-10,standard,38.50,11,1,2,,active,0
CUST-14089,2025-01-09,basic,11.01,11,1,28,,active,0
CUST-14090,2025-01-09,basic,12.29,11,0,28,,active,0
CUST-14091,2025-01-09,basic,12.40,11,0,17,,active,0
CUST-14092,2025-01-09,premium,98.66,11,3,5,,active,0
CUST-14093,2025-01-09,basic,13.78,11,4,41,missing features,closed,1
CUST-14094,2025-01-11,standard,34.52,11,4,27,no longer needed,closed,1
CUST-14095,2025-01-11,standard,37.65,11,4,1,no longer needed,closed,1
CUST-14096,2025-01-09,basic,12.37,11,2,23,moved to competitor,closed,1
CUST-14097,2025-01-09,standard,33.57,11,1,21,,active,0
CUST-14098,2025-01-10,standard,37.23,11,0,16,,active,0
CUST-14099,2025-01-10,basic,12.79,11,0,35,,active,0
CUST-14100,2025-01-11,basic,13.69,11,1,34,,active,0
CUST-14101,2025-01-12,standard,33.05,11,1,12,,active,0
CUST-14102,2025-01-10,basic,12.99,11,4,29,no longer needed,closed,1
CUST-14103,2025-01-12,basic,12.45,11,1,27,moved to competitor,closed,1
CUST-14104,2025-01-09,basic,13.55,11,0,13,,active,0
CUST-14105,2025-01-11,basic,12.10,11,5,26,moved to competitor,closed,1
CUST-14106,2025-01-11,basic,12.03,11,0,30,,active,0
CUST-14107,2025-01-11,standard,34.42,11,1,4,,active,0
CUST-14108,2025-01-09,premium,91.15,11,0,9,,active,0
CUST-14109,2025-01-11,standard,37.40,11,1,6,,active,0
CUST-14110,2025-01-11,basic,12.34,11,0,24,,active,0
CUST-14111,2025-01-11,premium,92.20,11,1,1,,active,0
CUST-14112,2025-01-12,basic,12.56,11,0,39,,active,0
CUST-14113,2025-01-10,standard,39.34,11,1,20,,active,0
CUST-14114,2025-01-10,standard,39.08,11,2,6,moved to competitor,closed,1
CUST-14115,2025-01-13,standard,32.88,11,2,0,,active,0
CUST-14116,2025-01-12,standard,37.01,11,1,19,,active,0
CUST-14117,2025-01-13,basic,11.76,11,5,33,no longer needed,closed,1
CUST-14118,2025-01-13,standard,39.15,11,2,3,,active,0
CUST-14119,2025-01-10,premium,97.57,11,3,1,poor support,closed,1
CUST-14120,2025-01-11,basic,12.28,11,0,13,,active,0
CUST-14121,2025-01-12,basic,13.13,11,4,16,no longer needed,closed,1
CUST-14122,2025-01-13,standard,32.31,11,2,22,,active,0
CUST-14123,2025-01-12,basic,12.53,11,4,23,no longer needed,closed,1
CUST-14124,2025-01-14,basic,11.28,11,0,34,,active,0
CUST-14125,2025-01-12,standard,36.49,11,0,12,,active,0
CUST-14126,2025-01-12,standard,33.74,11,3,21,price,closed,1
CUST-14127,2025-01-14,standard,32.65,11,2,9,,active,0
CUST-14128,2025-01-11,premium,83.33,11,1,20,,active,0
CUST-14129,2025-01-13,standard,34.82,11,2,19,,active,0
CUST-14130,2025-01-11,basic,11.18,11,3,32,price,closed,1
CUST-14131,2025-01-11,premium,88.85,11,1,17,,active,0
CUST-14132,2025-01-13,basic,11.09,11,0,22,,active,0
CUST-14133,2025-01-15,basic,12.26,11,3,29,missing features,closed,1
CUST-14134,2025-01-15,basic,11.20,11,3,18,poor support,closed,1
CUST-14135,2025-01-14,basic,10.97,11,5,24,no longer needed,closed,1
CUST-14136,2025-01-12,basic,13.27,11,0,25,,active,0
CUST-14137,2025-01-13,premium,87.54,11,1,5,,active,0
CUST-14138,2025-01-15,premium,96.89,11,1,13,,active,0
CUST-14139,2025-01-12,standard,39.75,11,1,0,,active,0
CUST-14140,2025-01-12,basic,13.52,11,0,33,,active,0
CUST-14141,2025-01-14,standard,36.63,11,0,6,,active,0
CUST-14142,2025-01-13,basic,13.02,11,0,23,,active,0
CUST-14143,2025-01-15,standard,38.14,11,0,19,,active,0
CUST-14144,2025-01-16,standard,33.23,11,1,13,,active,0
CUST-14145,2025-01-15,basic,12.24,11,2,25,,active,0
CUST-14146,2025-01-13,standard,39.72,11,1,25,,active,0
CUST-14147,2025-01-13,basic,11.31,11,0,27,,active,0
CUST-14148,2025-01-13,basic,12.04,11,2,9,,active,0
CUST-14149,2025-01-16,basic,13.74,11,0,13,,active,0
CUST-14150,2025-01-15,basic,13.42,11,0,21,,active,0
CUST-14151,2025-01-14,premium,90.52,11,1,21,,active,0
CUST-14152,2025-01-15,premium,93.34,11,1,11,,active,0
CUST-14153,2025-01-15,basic,12.32,11,1,19,,active,0
CUST-14154,2025-01-15,standard,35.59,11,2,0,no longer needed,closed,1
CUST-14155,2025-01-15,standard,34.81,11,0,21,,active,0
CUST-14156,2025-01-15,standard,36.35,11,2,15,,active,0
CUST-14157,2025-01-17,premium,95.21,11,4,26,missing features,closed,1
CUST-14158,2025-01-14,basic,13.43,11,2,13,,active,0
CUST-14159,2025-01-16,standard,35.07,11,1,2,,active,0
CUST-14160,2025-01-16,standard,33.08,11,0,3,,active,0
CUST-14161,2025-01-17,basic,11.08,11,1,22,,active,0
CUST-14162,2025-01-15,standard,32.29,11,2,26,poor support,closed,1
CUST-14163,2025-01-14,standard,38.22,11,1,9,,active,0
CUST-14164,2025-01-15,basic,13.04,11,1,17,,active,0
CUST-14165,2025-01-17,basic,11.40,11,1,28,,active,0
CUST-14166,2025-01-18,standard,34.34,11,2,0,,active,0
CUST-14167,2025-01-17,premium,100.89,11,1,15,,active,0
CUST-14168,2025-01-17,basic,12.63,11,0,25,,active,0
CUST-14169,2025-01-17,standard,34.97,11,1,2,,active,0
CUST-14170,2025-01-18,basic,13.20,11,2,29,poor support,closed,1
CUST-14171,2025-01-17,premium,81.77,11,0,9,,active,0
CUST-14172,2025-01-16,standard,34.25,11,1,24,,active,0
CUST-14173,2025-01-18,basic,12.15,11,1,28,no longer needed,closed,1
CUST-14174,2025-01-15,basic,11.30,11,1,29,,active,0
CUST-14175,2025-01-15,standard,39.95,11,1,7,,active,0
CUST-14176,2025-01-18,standard,31.54,11,1,21,,active,0
CUST-14177,2025-01-17,standard,38.47,11,4,17,poor support,closed,1
CUST-14178,2025-01-19,basic,12.99,11,1,34,,active,0
CUST-14179,2025-01-16,standard,38.40,11,4,0,missing features,closed,1
CUST-14180,2025-01-16,basic,12.37,11,4,20,price,closed,1
CUST-14181,2025-01-17,premium,84.34,11,0,8,,active,0
CUST-14182,2025-01-18,standard,35.12,11,0,18,,active,0
CUST-14183,2025-01-16,premium,99.74,11,1,9,,active,0
CUST-14184,2025-01-19,premium,82.94,11,0,19,,active,0
CUST-14185,2025-01-19,basic,11.32,11,2,26,,active,0
CUST-14186,2025-01-16,premium,87.03,11,2,15,,active,0
CUST-14187,2025-01-18,premium,85.96,11,0,15,,active,0
CUST-14188,2025-01-19,basic,10.92,11,3,21,moved to competitor,closed,1
CUST-14189,2025-01-17,basic,11.40,11,3,23,price,closed,1
CUST-14190,2025-01-20,standard,34.01,11,0,0,,active,0
CUST-14191,2025-01-20,basic,11.47,11,1,17,,active,0
CUST-14192,2025-01-20,standard,36.24,11,3,20,price,closed,1
CUST-14193,2025-01-19,basic,13.46,11,2,30,,active,0
CUST-14194,2025-01-19,basic,12.72,11,2,34,,active,0
CUST-14195,2025-01-18,standard,32.75,11,0,8,,active,0
CUST-14196,2025-01-19,premium,82.89,11,5,13,no longer needed,closed,1
CUST-14197,2025-01-17,standard,33.49,11,5,26,moved to competitor,closed,1
CUST-14198,2025-01-18,standard,34.46,11,0,30,,active,0
CUST-14199,2025-01-19,basic,12.10,11,0,24,,active,0
CUST-14200,2025-01-18,standard,39.55,11,0,15,,active,0
CUST-14201,2025-01-20,basic,12.89,11,1,20,,active,0
CUST-14202,2025-01-21,standard,36.85,11,2,20,,active,0
CUST-14203,2025-01-20,standard,37.34,11,0,18,,active,0
CUST-14204,2025-01-19,basic,13.47,11,0,3,,active,0
CUST-14205,2025-01-21,standard,36.27,11,0,2,,active,0
CUST-14206,2025-01-20,basic,12.80,11,1,30,,active,0
CUST-14207,2025-01-18,basic,11.07,11,4,32,poor support,closed,1
CUST-14208,2025-01-21,premium,101.88,11,0,10,,active,0
CUST-14209,2025-01-21,standard,32.46,11,1,12,,active,0
CUST-14210,2025-01-20,standard,32.40,11,0,18,,active,0
CUST-14211,2025-01-19,standard,38.02,11,5,24,moved to competitor,closed,1
CUST-14212,2025-01-21,basic,11.00,11,4,13,poor support,closed,1
CUST-14213,2025-01-21,standard,38.25,11,0,13,,active,0
CUST-14214,2025-01-21,basic,12.58,11,0,34,,active,0
CUST-14215,2025-01-19,standard,39.34,11,1,29,,active,0
CUST-14216,2025-01-22,standard,33.02,11,2,23,,active,0
CUST-14217,2025-01-20,standard,37.07,11,0,16,,active,0
CUST-14218,2025-01-22,premium,98.29,11,2,9,,active,0
CUST-14219,2025-01-20,standard,34.78,11,1,18,,active,0
CUST-14220,2025-01-22,standard,38.68,11,5,13,moved to competitor,closed,1
CUST-14221,2025-01-20,standard,35.90,11,1,19,,active,0
CUST-14222,2025-01-22,basic,11.76,11,3,25,moved to competitor,closed,1
CUST-14223,2025-01-20,basic,12.17,11,6,15,poor support,closed,1
CUST-14224,2025-01-21,basic,12.23,11,4,25,missing features,closed,1
CUST-14225,2025-01-21,basic,13.47,11,3,28,price,closed,1
CUST-14226,2025-01-23,premium,94.56,11,2,8,,active,0
CUST-14227,2025-01-23,standard,36.72,11,0,5,,active,0
CUST-14228,2025-01-20,basic,13.23,11,6,28,no longer needed,closed,1
CUST-14229,2025-01-21,basic,11.37,11,1,20,,active,0
CUST-14230,2025-01-23,standard,33.57,11,1,18,,active,0
CUST-14231,2025-01-22,standard,40.07,11,0,12,,active,0
CUST-14232,2025-01-23,basic,11.08,11,2,24,,active,0
CUST-14233,2025-01-23,premium,90.47,11,1,25,,active,0
CUST-14234,2025-01-24,basic,11.85,11,0,24,,active,0
CUST-14235,2025-01-24,standard,36.96,11,2,14,,active,0
CUST-14236,2025-01-23,standard,31.56,11,1,20,,active,0
CUST-14237,2025-01-22,basic,12.76,11,2,36,,active,0
CUST-14238,2025-01-24,standard,38.63,11,1,7,,active,0
CUST-14239,2025-01-21,standard,36.67,11,2,15,,active,0
CUST-14240,2025-01-24,premium,84.38,11,3,11,moved to competitor,closed,1
CUST-14241,2025-01-22,standard,34.70,11,0,13,,active,0
CUST-14242,2025-01-24,standard,32.51,11,0,20,,active,0
CUST-14243,2025-01-23,basic,11.65,11,5,20,missing features,closed,1
CUST-14244,2025-01-24,basic,13.44,11,1,33,,active,0
CUST-14245,2025-01-25,standard,38.54,11,1,8,,active,0
CUST-14246,2025-01-25,standard,37.53,11,0,6,,active,0
CUST-14247,2025-01-22,premium,94.78,11,2,9,,active,0
CUST-14248,2025-01-24,basic,13.57,11,6,34,price,closed,1
CUST-14249,2025-01-24,standard,36.10,11,0,15,,active,0
CUST-14250,2025-01-25,standard,35.90,11,0,10,,active,0
CUST-14251,2025-01-25,standard,32.02,11,0,23,,active,0
CUST-14252,2025-01-23,basic,11.14,11,4,31,no longer needed,closed,1
CUST-14253,2025-01-25,standard,36.77,11,0,11,,active,0
CUST-14254,2025-01-24,basic,13.50,11,2,13,,active,0
CUST-14255,2025-01-26,standard,35.37,11,1,33,,active,0
CUST-14256,2025-01-25,basic,13.24,11,6,33,poor support,closed,1
CUST-14257,2025-01-25,standard,38.96,11,2,1,moved to competitor,closed,1
CUST-14258,2025-01-26,standard,39.14,11,1,8,,active,0
CUST-14259,2025-01-25,standard,33.44,11,4,24,no longer needed,closed,1
CUST-14260,2025-01-24,premium,84.22,11,2,11,price,closed,1
CUST-14261,2025-01-25,standard,34.81,11,0,11,,active,0
CUST-14262,2025-01-24,basic,12.97,11,2,46,,active,0
CUST-14263,2025-01-24,standard,36.05,11,1,17,,active,0
CUST-14264,2025-01-26,basic,11.75,11,2,33,,active,0
CUST-14265,2025-01-26,basic,11.75,11,5,41,moved to competitor,closed,1
CUST-14266,2025-01-26,premium,86.58,11,5,26,missing features,closed,1
CUST-14267,2025-01-27,standard,37.31,11,0,36,,active,0
CUST-14268,2025-01-24,premium,82.13,11,0,18,,active,0
CUST-14269,2025-01-24,premium,85.58,11,3,21,price,closed,1
CUST-14270,2025-01-26,basic,12.77,11,0,18,,active,0
CUST-14271,2025-01-24,basic,12.66,11,4,34,no longer needed,closed,1
CUST-14272,2025-01-27,standard,31.98,11,0,9,,active,0
CUST-14273,2025-01-24,premium,94.60,11,1,22,,active,0
CUST-14274,2025-01-27,standard,35.83,11,0,14,,active,0
CUST-14275,2025-01-28,standard,39.56,11,1,2,,active,0
CUST-14276,2025-01-25,premium,87.27,11,1,14,,active,0
CUST-14277,2025-01-25,basic,11.90,11,2,37,,active,0
CUST-14278,2025-01-26,basic,11.21,11,1,41,,active,0
CUST-14279,2025-01-27,premium,93.22,11,2,15,,active,0
CUST-14280,2025-01-26,basic,11.45,11,2,31,,active,0
CUST-14281,2025-01-25,basic,12.19,11,1,32,,active,0
CUST-14282,2025-01-28,premium,98.57,11,1,23,,active,0
CUST-14283,2025-01-28,standard,38.45,11,1,7,,active,0
CUST-14284,2025-01-28,basic,11.91,11,0,35,,active,0
CUST-14285,2025-01-27,basic,11.00,11,0,21,,active,0
CUST-14286,2025-01-26,premium,88.54,11,0,24,,active,0
CUST-14287,2025-01-26,premium,100.81,11,1,23,,active,0
CUST-14288,2025-01-28,basic,12.27,11,1,23,,active,0
CUST-14289,2025-01-29,basic,13.25,11,0,32,,active,0
CUST-14290,2025-01-29,premium,94.86,11,2,12,,active,0
CUST-14291,2025-01-29,standard,33.25,11,2,15,,active,0
CUST-14292,2025-01-28,standard,32.00,11,2,7,,active,0
CUST-14293,2025-01-28,standard,32.59,11,2,9,,active,0
CUST-14294,2025-01-26,standard,36.62,11,0,11,,active,0
CUST-14295,2025-01-29,standard,35.09,11,0,10,,active,0
CUST-14296,2025-01-27,premium,98.05,11,2,23,,active,0
CUST-14297,2025-01-30,premium,94.82,11,2,0,,active,0
CUST-14298,2025-01-28,standard,35.48,11,0,7,,active,0
CUST-14299,2025-01-30,basic,12.72,11,0,15,,active,0
CUST-14300,2025-01-30,basic,13.04,11,2,20,,active,0
CUST-14301,2025-01-28,basic,13.31,11,0,37,,active,0
CUST-14302,2025-01-28,premium,98.04,11,1,1,,active,0
CUST-14303,2025-01-27,basic,13.43,11,4,41,no longer needed,closed,1
CUST-14304,2025-01-27,basic,11.43,11,3,28,moved to competitor,closed,1
CUST-14305,2025-01-29,premium,91.76,11,0,20,,active,0
CUST-14306,2025-01-29,standard,40.07,11,0,5,,active,0
CUST-14307,2025-01-30,standard,32.10,11,3,0,,active,0
CUST-14308,2025-01-28,basic,11.95,11,1,22,,active,0
CUST-14309,2025-01-28,basic,13.05,11,0,15,,active,0
CUST-14310,2025-01-30,premium,91.07,11,1,9,,active,0
CUST-14311,2025-01-28,basic,10.92,11,2,36,price,closed,1
CUST-14312,2025-01-29,standard,34.77,11,3,16,price,closed,1
CUST-14313,2025-01-28,standard,36.73,11,1,1,,active,0
CUST-14314,2025-01-29,standard,35.16,11,5,6,no longer needed,closed,1
CUST-14315,2025-01-30,premium,94.92,11,1,7,,active,0
CUST-14316,2025-01-31,basic,12.31,11,5,35,poor support,closed,1
CUST-14317,2025-01-28,standard,33.57,11,0,21,,active,0
CUST-14318,2025-01-30,premium,95.93,11,1,21,,active,0
CUST-14319,2025-01-29,standard,34.65,11,1,9,,active,0
CUST-14320,2025-01-29,basic,12.71,11,2,22,,active,0
CUST-14321,2025-02-01,basic,11.75,11,0,20,,active,0
CUST-14322,2025-01-30,premium,91.22,11,1,19,,active,0
CUST-14323,2025-01-30,basic,12.26,11,1,20,,active,0
CUST-14324,2025-02-01,standard,33.45,11,2,10,,active,0
CUST-14325,2025-01-30,premium,88.01,11,0,41,,active,0
CUST-14326,2025-02-01,standard,37.25,11,1,14,,active,0
CUST-14327,2025-01-31,basic,11.99,11,2,19,,active,0
CUST-14328,2025-01-30,standard,37.25,11,1,27,,active,0
CUST-14329,2025-02-02,standard,32.39,11,2,8,,active,0
CUST-14330,2025-01-31,basic,13.28,11,0,27,,active,0
CUST-14331,2025-02-01,standard,35.97,11,2,24,no longer needed,closed,1
CUST-14332,2025-01-31,basic,12.96,11,1,30,,active,0
CUST-14333,2025-02-01,basic,13.38,11,1,37,,active,0
CUST-14334,2025-01-31,basic,11.22,11,2,16,,active,0
CUST-14335,2025-01-30,basic,11.70,11,0,26,,active,0
CUST-14336,2025-01-31,basic,13.24,11,3,38,missing features,closed,1
CUST-14337,2025-02-02,basic,13.76,11,0,23,,active,0
CUST-14338,2025-02-02,standard,32.27,11,5,18,no longer needed,closed,1
CUST-14339,2025-01-31,basic,11.03,11,0,17,,active,0
CUST-14340,2025-02-02,basic,13.49,11,0,25,,active,0
CUST-14341,2025-01-31,basic,13.06,11,3,22,,active,0
CUST-14342,2025-01-31,basic,13.62,11,4,31,poor support,closed,1
CUST-14343,2025-01-31,premium,94.60,11,0,21,,active,0
CUST-14344,2025-02-01,standard,39.47,11,1,11,,active,0
CUST-14345,2025-01-31,basic,10.92,11,0,34,,active,0
CUST-14346,2025-02-01,basic,10.82,11,2,20,,active,0
CUST-14347,2025-01-31,basic,12.31,11,3,26,,active,0
CUST-14348,2025-02-03,standard,34.60,11,0,16,,active,0
CUST-14349,2025-02-03,premium,94.71,11,5,7,poor support,closed,1
CUST-14350,2025-01-31,basic,11.31,11,2,32,poor support,closed,1
CUST-14351,2025-02-03,standard,32.31,11,1,26,,active,0
CUST-14352,2025-02-01,basic,12.23,11,1,33,,active,0
CUST-14353,2025-02-01,basic,12.77,11,4,29,poor support,closed,1
CUST-14354,2025-02-03,basic,10.93,11,0,38,,active,0
CUST-14355,2025-02-03,standard,39.51,11,4,4,poor support,closed,1
CUST-14356,2025-02-04,premium,82.54,11,1,13,,active,0
CUST-14357,2025-02-03,basic,13.68,11,2,26,,active,0
CUST-14358,2025-02-04,basic,12.86,11,1,12,,active,0
CUST-14359,2025-02-03,premium,85.48,11,2,27,,active,0
CUST-14360,2025-02-04,standard,32.41,11,1,14,,active,0
CUST-14361,2025-02-04,standard,36.59,11,3,14,,active,0
CUST-14362,2025-02-02,basic,11.86,11,1,25,,active,0
CUST-14363,2025-02-03,standard,35.59,11,2,8,poor support,closed,1
CUST-14364,2025-02-02,basic,10.97,11,3,34,no longer needed,closed,1
CUST-14365,2025-02-04,basic,11.73,11,1,18,,active,0
CUST-14366,2025-02-04,basic,11.28,11,1,30,,active,0
CUST-14367,2025-02-05,basic,13.30,11,1,18,,active,0
CUST-14368,2025-02-02,premium,91.55,11,2,15,,active,0
CUST-14369,2025-02-05,standard,37.36,11,2,20,,active,0
CUST-14370,2025-02-02,standard,31.70,11,1,6,,active,0
CUST-14371,2025-02-03,standard,36.66,11,0,12,,active,0
CUST-14372,2025-02-05,standard,32.78,11,0,16,,active,0
CUST-14373,2025-02-03,standard,32.56,11,0,6,,active,0
CUST-14374,2025-02-05,basic,11.78,11,1,20,,active,0
CUST-14375,2025-02-06,standard,37.84,10,0,8,,active,0
CUST-14376,2025-02-06,basic,13.40,10,1,14,moved to competitor,closed,1
CUST-14377,2025-02-04,standard,39.33,11,1,19,,active,0
CUST-14378,2025-02-04,basic,10.88,11,2,20,poor support,closed,1
CUST-14379,2025-02-04,premium,97.62,11,2,9,,active,0
CUST-14380,2025-02-03,basic,13.69,11,0,40,,active,0
CUST-14381,2025-02-03,standard,33.14,11,1,15,,active,0
CUST-14382,2025-02-04,standard,35.82,11,2,0,,active,0
CUST-14383,2025-02-05,standard,39.59,11,1,6,,active,0
CUST-14384,2025-02-04,standard,31.98,11,0,12,,active,0
CUST-14385,2025-02-07,standard,37.52,10,3,27,price,closed,1
CUST-14386,2025-02-04,standard,34.30,11,4,18,moved to competitor,closed,1
CUST-14387,2025-02-07,premium,90.76,10,5,26,no longer needed,closed,1
CUST-14388,2025-02-07,premium,98.58,10,0,0,,active,0
CUST-14389,2025-02-04,standard,32.90,11,2,7,,active,0
CUST-14390,2025-02-07,basic,12.31,10,4,17,no longer needed,closed,1
CUST-14391,2025-02-05,premium,92.76,11,1,11,,active,0
CUST-14392,2025-02-06,standard,36.56,10,2,18,,active,0
CUST-14393,2025-02-04,standard,38.28,11,1,10,,active,0
CUST-14394,2025-02-07,basic,11.72,10,0,38,,active,0
CUST-14395,2025-02-08,premium,101.24,10,1,27,,active,0
CUST-14396,2025-02-06,basic,12.96,10,2,44,poor support,closed,1
CUST-14397,2025-02-06,standard,31.89,10,0,26,,active,0
CUST-14398,2025-02-05,basic,12.64,11,1,7,,active,0
CUST-14399,2025-02-06,basic,11.63,10,2,16,,active,0
CUST-14400,2025-02-07,premium,82.73,10,0,10,,active,0
CUST-14401,2025-02-07,basic,12.32,10,1,33,,active,0
CUST-14402,2025-02-08,standard,32.55,10,1,0,,active,0
CUST-14403,2025-02-06,basic,12.34,10,1,18,,active,0
CUST-14404,2025-02-08,basic,13.19,10,1,28,no longer needed,closed,1
CUST-14405,2025-02-05,premium,90.23,11,1,23,,active,0
CUST-14406,2025-02-07,standard,36.90,10,0,0,,active,0
CUST-14407,2025-02-09,standard,39.92,10,1,23,,active,0
CUST-14408,2025-02-06,basic,12.48,10,2,14,,active,0
CUST-14409,2025-02-09,basic,12.79,10,4,18,moved to competitor,closed,1
CUST-14410,2025-02-07,premium,94.06,10,1,3,,active,0
CUST-14411,2025-02-09,standard,33.76,10,1,22,,active,0
CUST-14412,2025-02-06,standard,35.31,10,0,9,,active,0
CUST-14413,2025-02-09,premium,86.98,10,0,0,,active,0
CUST-14414,2025-02-09,basic,13.61,10,1,25,,active,0
CUST-14415,2025-02-06,basic,12.17,10,2,10,,active,0
CUST-14416,2025-02-09,basic,12.09,10,2,39,,active,0
CUST-14417,2025-02-10,standard,33.72,10,0,8,,active,0
CUST-14418,2025-02-08,basic,11.07,10,2,46,,active,0
CUST-14419,2025-02-09,basic,12.72,10,3,27,price,closed,1
CUST-14420,2025-02-08,basic,12.15,10,6,15,poor support,closed,1
CUST-14421,2025-02-07,standard,32.54,10,1,26,,active,0
CUST-14422,2025-02-07,basic,13.41,10,3,32,price,closed,1
CUST-14423,2025-02-10,basic,12.33,10,4,31,moved to competitor,closed,1
CUST-14424,2025-02-07,basic,13.62,10,0,18,,active,0
CUST-14425,2025-02-07,premium,85.44,10,4,8,missing features,closed,1
CUST-14426,2025-02-07,standard,38.68,10,1,25,,active,0
CUST-14427,2025-02-09,basic,11.90,10,5,29,moved to competitor,closed,1
CUST-14428,2025-02-09,premium,91.46,10,0,24,,active,0
CUST-14429,2025-02-10,basic,12.71,10,1,12,,active,0
CUST-14430,2025-02-08,basic,12.55,10,4,29,price,closed,1
CUST-14431,2025-02-10,basic,12.74,10,1,46,,active,0
CUST-14432,2025-02-11,basic,12.36,10,3,25,price,closed,1
CUST-14433,2025-02-10,premium,90.58,10,1,16,,active,0
CUST-14434,2025-02-08,basic,12.24,10,2,20,no longer needed,closed,1
CUST-14435,2025-02-11,premium,85.01,10,1,1,,active,0
CUST-14436,2025-02-10,basic,12.24,10,1,26,,active,0
CUST-14437,2025-02-08,standard,39.17,10,0,6,,active,0
CUST-14438,2025-02-10,basic,11.73,10,4,34,poor support,closed,1
CUST-14439,2025-02-09,standard,38.81,10,1,22,,active,0
CUST-14440,2025-02-12,basic,12.86,10,2,39,moved to competitor,closed,1
CUST-14441,2025-02-12,standard,32.82,10,5,12,price,closed,1
CUST-14442,2025-02-10,basic,12.47,10,5,21,moved to competitor,closed,1
CUST-14443,2025-02-11,premium,89.35,10,0,0,,active,0
CUST-14444,2025-02-11,basic,12.30,10,1,25,,active,0
CUST-14445,2025-02-10,premium,83.61,10,0,13,,active,0
CUST-14446,2025-02-10,standard,35.00,10,3,27,poor support,closed,1
CUST-14447,2025-02-12,basic,12.47,10,4,8,moved to competitor,closed,1
CUST-14448,2025-02-12,standard,35.62,10,3,16,missing features,closed,1
CUST-14449,2025-02-12,basic,13.50,10,0,22,,active,0
CUST-14450,2025-02-11,basic,11.71,10,2,36,,active,0
CUST-14451,2025-02-12,basic,10.99,10,1,29,,active,0
CUST-14452,2025-02-11,basic,13.40,10,2,25,,active,0
CUST-14453,2025-02-13,basic,12.56,10,0,28,,active,0
CUST-14454,2025-02-12,standard,38.02,10,0,13,,active,0
CUST-14455,2025-02-13,standard,34.41,10,1,0,,active,0
CUST-14456,2025-02-11,basic,11.97,10,2,28,price,closed,1
CUST-14457,2025-02-11,standard,36.42,10,0,26,,active,0
CUST-14458,2025-02-11,basic,10.93,10,2,17,,active,0
CUST-14459,2025-02-12,basic,12.70,10,4,33,no longer needed,closed,1
CUST-14460,2025-02-10,standard,37.20,10,0,23,,active,0
CUST-14461,2025-02-12,basic,13.22,10,2,28,,active,0
CUST-14462,2025-02-14,basic,10.95,10,2,24,no longer needed,closed,1
CUST-14463,2025-02-12,standard,34.75,10,1,22,,active,0
CUST-14464,2025-02-13,standard,32.28,10,1,11,,active,0
CUST-14465,2025-02-14,standard,39.20,10,0,2,,active,0
CUST-14466,2025-02-11,standard,34.24,10,2,16,,active,0
CUST-14467,2025-02-11,standard,37.66,10,1,25,,active,0
CUST-14468,2025-02-13,standard,39.56,10,0,29,,active,0
CUST-14469,2025-02-11,standard,36.59,10,4,0,missing features,closed,1
CUST-14470,2025-02-11,standard,33.30,10,1,21,,active,0
CUST-14471,2025-02-13,standard,37.84,10,3,11,no longer needed,closed,1
CUST-14472,2025-02-15,basic,13.35,10,2,26,,active,0
CUST-14473,2025-02-13,basic,11.62,10,2,24,moved to competitor,closed,1
CUST-14474,2025-02-15,standard,38.44,10,0,24,,active,0
CUST-14475,2025-02-12,standard,36.16,10,1,0,,active,0
CUST-14476,2025-02-14,standard,36.99,10,2,17,,active,0
CUST-14477,2025-02-14,standard,34.44,10,1,25,,active,0
CUST-14478,2025-02-15,premium,91.52,10,1,0,,active,0
CUST-14479,2025-02-15,basic,11.59,10,4,34,no longer needed,closed,1
CUST-14480,2025-02-15,standard,34.89,10,0,39,,active,0
CUST-14481,2025-02-15,basic,12.49,10,3,28,missing features,closed,1
CUST-14482,2025-02-15,basic,11.49,10,0,32,,active,0
CUST-14483,2025-02-14,basic,13.12,10,1,29,,active,0
CUST-14484,2025-02-14,basic,10.83,10,0,26,,active,0
CUST-14485,2025-02-13,premium,83.07,10,4,8,missing features,closed,1
CUST-14486,2025-02-13,basic,13.30,10,1,38,,active,0
CUST-14487,2025-02-14,basic,12.93,10,3,41,price,closed,1
CUST-14488,2025-02-14,premium,86.09,10,2,3,,active,0
CUST-14489,2025-02-16,standard,33.13,10,0,16,,active,0
CUST-14490,2025-02-15,premium,90.53,10,1,19,,active,0
CUST-14491,2025-02-16,standard,35.37,10,1,7,,active,0
CUST-14492,2025-02-13,standard,35.23,10,4,7,no longer needed,closed,1
CUST-14493,2025-02-13,basic,11.03,10,1,26,no longer needed,closed,1
CUST-14494,2025-02-17,premium,91.48,10,1,26,,active,0
CUST-14495,2025-02-17,standard,35.64,10,4,16,missing features,closed,1
CUST-14496,2025-02-14,basic,12.97,10,1,24,,active,0
CUST-14497,2025-02-14,basic,13.11,10,1,6,,active,0
CUST-14498,2025-02-16,basic,12.17,10,1,32,,active,0
CUST-14499,2025-02-14,basic,13.56,10,0,18,,active,0
CUST-14500,2025-02-14,premium,83.63,10,0,43,,active,0
CUST-14501,2025-02-14,basic,13.70,10,0,18,,active,0
CUST-14502,2025-02-14,standard,34.68,10,0,21,,active,0
CUST-14503,2025-02-14,basic,13.32,10,1,21,,active,0
CUST-14504,2025-02-14,basic,12.19,10,1,9,,active,0
CUST-14505,2025-02-15,basic,11.29,10,5,21,missing features,closed,1
CUST-14506,2025-02-15,premium,96.63,10,0,1,,active,0
CUST-14507,2025-02-18,basic,11.07,10,2,17,no longer needed,closed,1
CUST-14508,2025-02-15,standard,35.44,10,3,12,moved to competitor,closed,1
CUST-14509,2025-02-18,standard,39.55,10,0,22,,active,0
CUST-14510,2025-02-18,basic,11.31,10,5,26,poor support,closed,1
CUST-14511,2025-02-16,standard,35.67,10,0,18,,active,0
CUST-14512,2025-02-16,premium,82.42,10,1,7,,active,0
CUST-14513,2025-02-16,basic,12.62,10,0,38,,active,0
CUST-14514,2025-02-17,standard,32.60,10,0,22,,active,0
CUST-14515,2025-02-16,standard,37.45,10,2,16,missing features,closed,1
CUST-14516,2025-02-16,standard,34.83,10,1,6,,active,0
CUST-14517,2025-02-18,premium,87.92,10,4,0,moved to competitor,closed,1
CUST-14518,2025-02-16,standard,37.10,10,0,9,,active,0
CUST-14519,2025-02-16,standard,34.48,10,0,12,,active,0
CUST-14520,2025-02-18,standard,34.80,10,0,19,,active,0
CUST-14521,2025-02-19,standard,36.14,10,0,23,,active,0
CUST-14522,2025-02-16,premium,88.87,10,0,8,,active,0
CUST-14523,2025-02-18,standard,40.14,10,1,18,,active,0
CUST-14524,2025-02-19,basic,12.51,10,1,23,,active,0
CUST-14525,2025-02-19,premium,98.70,10,4,19,moved to competitor,closed,1
CUST-14526,2025-02-18,standard,34.65,10,0,21,,active,0
CUST-14527,2025-02-17,basic,13.41,10,0,33,,active,0
CUST-14528,2025-02-20,standard,36.83,10,0,16,,active,0
CUST-14529,2025-02-18,standard,38.43,10,0,11,,active,0
CUST-14530,2025-02-19,basic,12.18,10,1,11,,active,0
CUST-14531,2025-02-18,basic,12.02,10,4,7,no longer needed,closed,1
CUST-14532,2025-02-20,standard,35.38,10,0,7,,active,0
CUST-14533,2025-02-17,standard,38.68,10,0,5,,active,0
CUST-14534,2025-02-17,standard,32.24,10,1,13,,active,0
CUST-14535,2025-02-18,standard,34.55,10,2,9,,active,0
CUST-14536,2025-02-20,basic,12.74,10,0,29,,active,0
CUST-14537,2025-02-18,basic,10.96,10,2,26,,active,0
CUST-14538,2025-02-20,basic,12.27,10,2,14,,active,0
CUST-14539,2025-02-19,standard,40.14,10,0,15,,active,0
CUST-14540,2025-02-19,basic,12.79,10,4,28,poor support,closed,1
CUST-14541,2025-02-20,basic,12.69,10,4,45,missing features,closed,1
CUST-14542,2025-02-20,basic,11.56,10,1,43,,active,0
CUST-14543,2025-02-21,standard,34.49,10,1,17,,active,0
CUST-14544,2025-02-18,standard,35.16,10,1,38,,active,0
CUST-14545,2025-02-21,standard,35.78,10,2,15,,active,0
CUST-14546,2025-02-19,standard,39.75,10,2,0,,active,0
CUST-14547,2025-02-20,basic,10.93,10,0,20,,active,0
CUST-14548,2025-02-21,premium,88.69,10,0,21,,active,0
CUST-14549,2025-02-21,premium,86.70,10,1,14,,active,0
CUST-14550,2025-02-21,standard,34.63,10,1,0,,active,0
CUST-14551,2025-02-22,premium,98.64,10,0,0,,active,0
CUST-14552,2025-02-20,basic,12.27,10,3,18,price,closed,1
CUST-14553,2025-02-21,standard,40.08,10,0,4,,active,0
CUST-14554,2025-02-21,premium,95.41,10,0,12,,active,0
CUST-14555,2025-02-21,standard,35.81,10,1,20,,active,0
CUST-14556,2025-02-21,basic,11.48,10,0,32,,active,0
CUST-14557,2025-02-20,premium,80.87,10,4,24,price,closed,1
CUST-14558,2025-02-22,premium,95.53,10,0,8,,active,0
CUST-14559,2025-02-23,standard,33.86,10,0,31,,active,0
CUST-14560,2025-02-23,basic,11.88,10,1,53,moved to competitor,closed,1
CUST-14561,2025-02-20,basic,13.44,10,0,21,,active,0
CUST-14562,2025-02-22,standard,37.32,10,0,12,,active,0
CUST-14563,2025-02-22,basic,12.35,10,3,27,price,closed,1
CUST-14564,2025-02-21,standard,36.11,10,2,11,,active,0
CUST-14565,2025-02-20,premium,97.56,10,1,4,,active,0
CUST-14566,2025-02-22,standard,34.82,10,3,6,no longer needed,closed,1
CUST-14567,2025-02-22,standard,37.75,10,1,21,,active,0
CUST-14568,2025-02-20,premium,87.44,10,0,9,,active,0
CUST-14569,2025-02-22,standard,40.15,10,1,22,,active,0
CUST-14570,2025-02-21,basic,11.79,10,4,9,poor support,closed,1
CUST-14571,2025-02-22,standard,35.93,10,1,15,,active,0
CUST-14572,2025-02-23,basic,13.40,10,2,35,moved to competitor,closed,1
CUST-14573,2025-02-24,premium,98.04,10,2,23,moved to competitor,closed,1
CUST-14574,2025-02-21,basic,11.04,10,6,28,no longer needed,closed,1
CUST-14575,2025-02-23,standard,32.45,10,2,6,,active,0
CUST-14576,2025-02-22,basic,12.88,10,1,29,,active,0
CUST-14577,2025-02-21,premium,87.32,10,0,22,,active,0
CUST-14578,2025-02-24,premium,91.06,10,0,24,,active,0
CUST-14579,2025-02-22,premium,90.66,10,1,28,,active,0
CUST-14580,2025-02-23,standard,34.05,10,2,12,,active,0
CUST-14581,2025-02-22,basic,12.79,10,0,12,,active,0
CUST-14582,2025-02-24,standard,38.03,10,0,18,,active,0
CUST-14583,2025-02-25,basic,12.75,10,0,16,,active,0
CUST-14584,2025-02-25,standard,37.69,10,0,5,,active,0
CUST-14585,2025-02-23,premium,90.31,10,0,21,,active,0
CUST-14586,2025-02-24,standard,32.39,10,2,5,,active,0
CUST-14587,2025-02-23,standard,35.03,10,1,13,,active,0
CUST-14588,2025-02-23,standard,34.75,10,4,14,no longer needed,closed,1
CUST-14589,2025-02-25,standard,35.88,10,3,23,moved to competitor,closed,1
CUST-14590,2025-02-24,premium,90.15,10,1,25,,active,0
CUST-14591,2025-02-23,premium,84.57,10,2,4,missing features,closed,1
CUST-14592,2025-02-25,basic,11.86,10,1,38,,active,0
CUST-14593,2025-02-26,premium,98.91,10,0,7,,active,0
CUST-14594,2025-02-23,standard,34.13,10,1,0,,active,0
CUST-14595,2025-02-25,basic,12.50,10,0,28,,active,0
CUST-14596,2025-02-23,standard,34.17,10,0,4,,active,0
CUST-14597,2025-02-25,basic,12.77,10,5,17,price,closed,1
CUST-14598,2025-02-26,basic,12.78,10,1,26,,active,0
CUST-14599,2025-02-23,basic,11.57,10,4,36,no longer needed,closed,1
CUST-14600,2025-02-25,basic,11.45,10,0,28,,active,0
CUST-14601,2025-02-25,basic,11.44,10,0,27,,active,0
CUST-14602,2025-02-23,premium,85.64,10,0,9,,active,0
CUST-14603,2025-02-27,basic,12.64,10,1,30,price,closed,1
CUST-14604,2025-02-25,basic,12.50,10,0,21,,active,0
CUST-14605,2025-02-24,basic,11.65,10,1,37,,active,0
CUST-14606,2025-02-27,standard,36.64,10,0,8,,active,0
CUST-14607,2025-02-24,premium,101.67,10,0,13,,active,0
CUST-14608,2025-02-24,basic,13.37,10,3,27,price,closed,1
CUST-14609,2025-02-26,standard,33.75,10,0,10,,active,0
CUST-14610,2025-02-27,basic,11.83,10,1,22,,active,0
CUST-14611,2025-02-25,standard,35.66,10,1,19,,active,0
CUST-14612,2025-02-26,basic,13.14,10,0,19,,active,0
CUST-14613,2025-02-26,basic,13.45,10,5,10,poor support,closed,1
CUST-14614,2025-02-25,standard,34.90,10,0,9,,active,0
CUST-14615,2025-02-27,basic,13.71,10,0,5,,active,0
CUST-14616,2025-02-27,basic,10.91,10,0,22,,active,0
CUST-14617,2025-02-28,basic,12.60,10,2,17,poor support,closed,1
CUST-14618,2025-02-26,basic,11.29,10,3,17,price,closed,1
CUST-14619,2025-02-28,basic,11.15,10,3,20,price,closed,1
CUST-14620,2025-02-27,basic,13.67,10,1,29,,active,0
CUST-14621,2025-02-27,standard,38.86,10,6,9,poor support,closed,1
CUST-14622,2025-02-25,basic,12.34,10,3,30,poor support,closed,1
CUST-14623,2025-02-25,premium,85.21,10,1,0,,active,0
CUST-14624,2025-02-28,premium,98.52,10,2,13,poor support,closed,1
CUST-14625,2025-03-01,standard,37.02,10,0,4,,active,0
CUST-14626,2025-02-27,basic,12.04,10,4,30,price,closed,1
CUST-14627,2025-02-28,basic,13.71,10,4,29,price,closed,1
CUST-14628,2025-02-27,basic,10.96,10,1,17,,active,0
CUST-14629,2025-02-27,premium,87.85,10,0,5,,active,0
CUST-14630,2025-02-26,basic,11.72,10,3,23,price,closed,1
CUST-14631,2025-02-28,basic,13.72,10,0,32,,active,0
CUST-14632,2025-02-26,standard,39.96,10,1,14,,active,0
CUST-14633,2025-02-26,standard,35.41,10,1,9,,active,0
CUST-14634,2025-02-26,basic,11.90,10,1,35,no longer needed,closed,1
CUST-14635,2025-03-01,basic,11.42,10,3,45,moved to competitor,closed,1
CUST-14636,2025-03-01,basic,13.38,10,0,36,,active,0
CUST-14637,2025-03-01,basic,12.57,10,2,33,no longer needed,closed,1
CUST-14638,2025-02-27,basic,13.72,10,4,36,poor support,closed,1
CUST-14639,2025-03-01,basic,11.70,10,4,25,missing features,closed,1
CUST-14640,2025-03-02,standard,32.93,10,0,29,,active,0
CUST-14641,2025-02-28,standard,37.32,10,1,21,,active,0
CUST-14642,2025-03-02,standard,38.36,10,0,10,,active,0
CUST-14643,2025-02-28,basic,11.08,10,1,23,,active,0
CUST-14644,2025-02-27,basic,11.87,10,3,33,,active,0
CUST-14645,2025-02-28,standard,32.35,10,0,19,,active,0
CUST-14646,2025-02-28,standard,37.16,10,1,24,,active,0
CUST-14647,2025-03-03,basic,13.59,10,2,35,,active,0
CUST-14648,2025-03-02,premium,94.86,10,1,16,,active,0
CUST-14649,2025-03-01,basic,11.80,10,4,32,no longer needed,closed,1
CUST-14650,2025-02-28,premium,91.44,10,1,7,,active,0
CUST-14651,2025-03-02,basic,13.01,10,3,19,missing features,closed,1
CUST-14652,2025-02-28,basic,13.25,10,0,42,,active,0
CUST-14653,2025-03-02,basic,11.62,10,1,17,,active,0
CUST-14654,2025-02-28,standard,37.56,10,6,9,price,closed,1
CUST-14655,2025-03-02,standard,35.49,10,0,18,,active,0
CUST-14656,2025-03-02,premium,85.42,10,0,12,,active,0
CUST-14657,2025-03-01,standard,33.58,10,0,9,,active,0
CUST-14658,2025-03-03,standard,33.10,10,2,1,price,closed,1
CUST-14659,2025-03-03,basic,13.59,10,2,34,,active,0
CUST-14660,2025-03-04,standard,34.84,10,1,15,,active,0
CUST-14661,2025-03-04,basic,12.85,10,0,22,,active,0
CUST-14662,2025-03-04,basic,13.11,10,4,43,price,closed,1
CUST-14663,2025-03-03,premium,93.37,10,0,19,,active,0
CUST-14664,2025-03-02,basic,12.47,10,1,33,,active,0
CUST-14665,2025-03-02,basic,13.51,10,2,16,no longer needed,closed,1
CUST-14666,2025-03-04,standard,37.00,10,2,0,,active,0
CUST-14667,2025-03-02,basic,12.96,10,3,26,missing features,closed,1
CUST-14668,2025-03-03,basic,13.77,10,1,29,,active,0
CUST-14669,2025-03-02,standard,36.14,10,1,3,missing features,closed,1
CUST-14670,2025-03-02,basic,13.11,10,1,40,,active,0
CUST-14671,2025-03-04,standard,33.13,10,4,12,price,closed,1
CUST-14672,2025-03-04,standard,37.35,10,2,5,moved to competitor,closed,1
CUST-14673,2025-03-05,standard,39.07,10,1,16,,active,0
CUST-14674,2025-03-04,basic,13.75,10,5,29,moved to competitor,closed,1
CUST-14675,2025-03-04,standard,38.56,10,1,27,,active,0
CUST-14676,2025-03-04,premium,86.24,10,1,14,,active,0
CUST-14677,2025-03-05,basic,12.91,10,1,40,,active,0
CUST-14678,2025-03-02,basic,13.53,10,0,43,,active,0
CUST-14679,2025-03-02,standard,36.76,10,2,3,,active,0
CUST-14680,2025-03-06,standard,36.45,10,2,10,,active,0
CUST-14681,2025-03-03,standard,35.02,10,1,4,,active,0
CUST-14682,2025-03-06,basic,12.64,10,1,30,,active,0
CUST-14683,2025-03-04,basic,13.06,10,3,30,moved to competitor,closed,1
CUST-14684,2025-03-05,basic,11.59,10,2,2,,active,0
CUST-14685,2025-03-06,standard,35.62,10,3,22,,active,0
CUST-14686,2025-03-04,premium,83.87,10,2,24,,active,0
CUST-14687,2025-03-06,premium,101.73,10,1,3,,active,0
CUST-14688,2025-03-03,basic,13.66,10,2,18,,active,0
CUST-14689,2025-03-03,basic,13.50,10,3,22,,active,0
CUST-14690,2025-03-04,basic,12.58,10,5,29,poor support,closed,1
CUST-14691,2025-03-06,standard,35.12,10,0,18,,active,0
CUST-14692,2025-03-04,basic,11.08,10,0,27,,active,0
CUST-14693,2025-03-05,standard,33.21,10,0,9,,active,0
CUST-14694,2025-03-04,standard,34.86,10,0,16,,active,0
CUST-14695,2025-03-06,standard,39.56,10,2,10,price,closed,1
CUST-14696,2025-03-06,basic,12.06,10,1,31,,active,0
CUST-14697,2025-03-05,basic,12.33,10,1,25,,active,0
CUST-14698,2025-03-05,standard,35.63,10,4,3,price,closed,1
CUST-14699,2025-03-05,premium,88.67,10,0,15,,active,0
CUST-14700,2025-03-05,standard,38.16,10,0,19,,active,0
CUST-14701,2025-03-07,premium,81.38,10,2,12,,active,0
CUST-14702,2025-03-07,basic,13.78,10,2,14,,active,0
CUST-14703,2025-03-06,premium,95.13,10,1,14,,active,0
CUST-14704,2025-03-08,standard,32.31,9,1,24,,active,0
CUST-14705,2025-03-05,standard,37.45,10,0,16,,active,0
CUST-14706,2025-03-07,standard,39.57,10,1,8,,active,0
CUST-14707,2025-03-06,standard,38.20,10,0,17,,active,0
CUST-14708,2025-03-06,premium,85.43,10,0,10,,active,0
CUST-14709,2025-03-06,basic,13.62,10,1,37,,active,0
CUST-14710,2025-03-08,standard,31.86,9,2,24,,active,0
CUST-14711,2025-03-08,basic,11.78,9,2,33,price,closed,1
CUST-14712,2025-03-07,basic,13.26,10,4,3,missing features,closed,1
CUST-14713,2025-03-09,basic,11.06,9,1,18,,active,0
CUST-14714,2025-03-06,standard,36.05,10,2,20,,active,0
CUST-14715,2025-03-09,standard,38.83,9,0,19,,active,0
CUST-14716,2025-03-09,basic,12.17,9,2,18,no longer needed,closed,1
CUST-14717,2025-03-08,standard,34.70,9,0,0,,active,0
CUST-14718,2025-03-08,premium,93.91,9,1,12,,active,0
CUST-14719,2025-03-09,standard,37.07,9,3,26,missing features,closed,1
CUST-14720,2025-03-07,standard,31.60,10,0,31,,active,0
CUST-14721,2025-03-09,standard,34.45,9,0,17,,active,0
CUST-14722,2025-03-07,standard,32.98,10,1,14,,active,0
CUST-14723,2025-03-06,premium,92.82,10,0,11,,active,0
CUST-14724,2025-03-09,standard,39.44,9,0,24,,active,0
CUST-14725,2025-03-08,basic,11.30,9,0,21,,active,0
CUST-14726,2025-03-09,basic,13.60,9,4,29,poor support,closed,1
CUST-14727,2025-03-10,basic,11.58,9,0,33,,active,0
CUST-14728,2025-03-07,basic,12.29,10,3,27,poor support,closed,1
CUST-14729,2025-03-07,basic,12.31,10,2,31,no longer needed,closed,1
CUST-14730,2025-03-09,basic,12.40,9,1,23,,active,0
CUST-14731,2025-03-09,standard,40.02,9,1,8,,active,0
CUST-14732,2025-03-08,standard,35.42,9,2,15,,active,0
CUST-14733,2025-03-10,basic,11.90,9,0,34,,active,0
CUST-14734,2025-03-10,premium,82.86,9,0,14,,active,0
CUST-14735,2025-03-10,basic,13.13,9,4,27,moved to competitor,closed,1
CUST-14736,2025-03-10,basic,10.99,9,5,32,missing features,closed,1
CUST-14737,2025-03-09,basic,11.03,9,2,40,no longer needed,closed,1
CUST-14738,2025-03-11,standard,33.99,9,0,16,,active,0
CUST-14739,2025-03-08,basic,11.81,9,4,27,moved to competitor,closed,1
CUST-14740,2025-03-11,basic,11.51,9,1,29,,active,0
CUST-14741,2025-03-09,standard,36.43,9,2,16,,active,0
CUST-14742,2025-03-10,basic,13.56,9,1,14,,active,0
CUST-14743,2025-03-10,standard,37.22,9,0,19,,active,0
CUST-14744,2025-03-11,standard,34.51,9,2,6,missing features,closed,1
CUST-14745,2025-03-11,standard,37.43,9,0,47,,active,0
CUST-14746,2025-03-12,basic,12.99,9,0,37,,active,0
CUST-14747,2025-03-10,standard,38.47,9,0,8,,active,0
CUST-14748,2025-03-09,standard,39.94,9,2,9,,active,0
CUST-14749,2025-03-11,premium,92.91,9,1,16,,active,0
CUST-14750,2025-03-12,basic,13.71,9,1,21,,active,0
CUST-14751,2025-03-10,basic,12.21,9,2,33,,active,0
CUST-14752,2025-03-11,basic,13.23,9,1,12,,active,0
CUST-14753,2025-03-10,standard,35.00,9,1,17,,active,0
CUST-14754,2025-03-10,basic,13.65,9,4,18,poor support,closed,1
CUST-14755,2025-03-09,standard,36.78,9,1,7,,active,0
CUST-14756,2025-03-09,premium,95.33,9,0,20,,active,0
CUST-14757,2025-03-12,basic,12.07,9,2,22,,active,0
CUST-14758,2025-03-10,basic,11.94,9,0,9,,active,0
CUST-14759,2025-03-11,basic,12.40,9,1,11,,active,0
CUST-14760,2025-03-11,standard,35.71,9,3,13,no longer needed,closed,1
CUST-14761,2025-03-12,premium,92.84,9,0,18,,active,0
CUST-14762,2025-03-13,standard,38.79,9,0,29,,active,0
CUST-14763,2025-03-12,basic,11.40,9,4,37,moved to competitor,closed,1
CUST-14764,2025-03-13,premium,83.38,9,0,17,,active,0
CUST-14765,2025-03-13,standard,33.65,9,2,2,,active,0
CUST-14766,2025-03-13,premium,86.62,9,5,6,moved to competitor,closed,1
CUST-14767,2025-03-10,premium,94.85,9,2,14,,active,0
CUST-14768,2025-03-14,premium,91.33,9,1,15,,active,0
CUST-14769,2025-03-14,premium,81.48,9,3,34,moved to competitor,closed,1
CUST-14770,2025-03-12,standard,33.30,9,0,19,,active,0
CUST-14771,2025-03-12,standard,37.84,9,2,5,,active,0
CUST-14772,2025-03-13,basic,11.73,9,1,34,,active,0
CUST-14773,2025-03-13,premium,87.28,9,2,19,,active,0
CUST-14774,2025-03-14,basic,13.52,9,7,35,moved to competitor,closed,1
CUST-14775,2025-03-13,basic,11.18,9,0,30,,active,0
CUST-14776,2025-03-11,basic,13.48,9,1,25,,active,0
CUST-14777,2025-03-14,basic,12.58,9,2,33,,active,0
CUST-14778,2025-03-11,standard,33.64,9,0,8,,active,0
CUST-14779,2025-03-12,basic,11.58,9,2,15,price,closed,1
CUST-14780,2025-03-13,basic,11.00,9,3,36,,active,0
CUST-14781,2025-03-14,basic,11.16,9,5,29,price,closed,1
CUST-14782,2025-03-14,standard,35.58,9,2,0,poor support,closed,1
CUST-14783,2025-03-14,standard,34.10,9,0,21,,active,0
CUST-14784,2025-03-12,basic,12.44,9,0,17,,active,0
CUST-14785,2025-03-14,premium,95.69,9,4,16,price,closed,1
CUST-14786,2025-03-13,premium,86.34,9,1,13,,active,0
CUST-14787,2025-03-12,basic,12.42,9,1,22,,active,0
CUST-14788,2025-03-13,basic,12.29,9,3,25,,active,0
CUST-14789,2025-03-14,standard,31.67,9,2,17,moved to competitor,closed,1
CUST-14790,2025-03-13,basic,13.40,9,1,24,,active,0
CUST-14791,2025-03-14,standard,35.23,9,1,15,,active,0
CUST-14792,2025-03-14,standard,35.29,9,0,23,,active,0
CUST-14793,2025-03-15,premium,85.92,9,0,7,,active,0
CUST-14794,2025-03-13,standard,36.38,9,0,8,,active,0
CUST-14795,2025-03-13,standard,39.41,9,0,17,,active,0
CUST-14796,2025-03-13,basic,11.42,9,5,17,no longer needed,closed,1
CUST-14797,2025-03-13,premium,91.09,9,0,0,,active,0
CUST-14798,2025-03-14,premium,90.28,9,0,14,,active,0
CUST-14799,2025-03-16,basic,12.24,9,0,19,,active,0
CUST-14800,2025-03-15,basic,11.18,9,5,11,poor support,closed,1
CUST-14801,2025-03-14,standard,33.94,9,0,16,,active,0
CUST-14802,2025-03-17,basic,13.19,9,2,0,poor support,closed,1
CUST-14803,2025-03-17,premium,95.97,9,5,13,price,closed,1
CUST-14804,2025-03-15,basic,12.75,9,4,36,poor support,closed,1
CUST-14805,2025-03-16,standard,33.60,9,1,2,,active,0
CUST-14806,2025-03-17,premium,95.40,9,0,11,,active,0
CUST-14807,2025-03-17,standard,38.11,9,0,22,,active,0
CUST-14808,2025-03-17,basic,11.42,9,1,22,,active,0
CUST-14809,2025-03-14,standard,34.37,9,1,25,,active,0
CUST-14810,2025-03-16,standard,38.44,9,2,17,,active,0
CUST-14811,2025-03-15,standard,39.92,9,0,12,,active,0
CUST-14812,2025-03-15,standard,32.12,9,1,7,,active,0
CUST-14813,2025-03-17,standard,32.46,9,0,24,,active,0
CUST-14814,2025-03-17,standard,31.57,9,2,6,,active,0
CUST-14815,2025-03-15,basic,11.33,9,0,31,,active,0
CUST-14816,2025-03-15,basic,12.43,9,2,30,,active,0
CUST-14817,2025-03-17,basic,10.97,9,1,19,,active,0
CUST-14818,2025-03-15,standard,32.91,9,0,0,,active,0
CUST-14819,2025-03-17,standard,32.35,9,2,23,,active,0
CUST-14820,2025-03-15,premium,85.02,9,1,7,,active,0
CUST-14821,2025-03-17,standard,35.82,9,0,12,,active,0
CUST-14822,2025-03-17,basic,11.52,9,1,0,,active,0
CUST-14823,2025-03-17,basic,11.41,9,2,18,,active,0
CUST-14824,2025-03-17,standard,35.89,9,1,4,,active,0
CUST-14825,2025-03-18,premium,85.68,9,0,15,,active,0
CUST-14826,2025-03-18,premium,81.53,9,2,31,,active,0
CUST-14827,2025-03-19,standard,34.17,9,3,24,no longer needed,closed,1
CUST-14828,2025-03-17,basic,13.08,9,1,20,,active,0
CUST-14829,2025-03-18,basic,12.13,9,0,18,,active,0
CUST-14830,2025-03-16,premium,91.98,9,6,17,poor support,closed,1
CUST-14831,2025-03-19,standard,33.01,9,2,19,price,closed,1
CUST-14832,2025-03-16,basic,10.92,9,1,32,,active,0
CUST-14833,2025-03-17,basic,13.16,9,1,18,,active,0
CUST-14834,2025-03-17,basic,11.21,9,3,34,missing features,closed,1
CUST-14835,2025-03-17,basic,11.50,9,0,21,,active,0
CUST-14836,2025-03-19,standard,37.00,9,1,19,,active,0
CUST-14837,2025-03-19,standard,35.77,9,2,7,,active,0
CUST-14838,2025-03-20,premium,84.34,9,0,18,,active,0
CUST-14839,2025-03-20,basic,13.11,9,1,21,,active,0
CUST-14840,2025-03-17,basic,11.13,9,1,21,,active,0
CUST-14841,2025-03-20,basic,10.96,9,2,25,,active,0
CUST-14842,2025-03-20,standard,38.80,9,1,14,,active,0
CUST-14843,2025-03-18,standard,35.16,9,0,15,,active,0
CUST-14844,2025-03-18,basic,11.02,9,6,26,moved to competitor,closed,1
CUST-14845,2025-03-19,standard,39.86,9,2,24,,active,0
CUST-14846,2025-03-19,basic,13.02,9,0,29,,active,0
CUST-14847,2025-03-19,standard,35.36,9,5,8,moved to competitor,closed,1
CUST-14848,2025-03-21,standard,38.82,9,0,7,,active,0
CUST-14849,2025-03-18,basic,11.80,9,0,36,,active,0
CUST-14850,2025-03-20,standard,39.69,9,0,22,,active,0
CUST-14851,2025-03-20,basic,11.42,9,0,19,,active,0
CUST-14852,2025-03-20,standard,34.18,9,1,19,,active,0
CUST-14853,2025-03-21,basic,12.37,9,0,18,,active,0
CUST-14854,2025-03-18,standard,33.03,9,1,7,,active,0
CUST-14855,2025-03-20,basic,13.39,9,5,18,moved to competitor,closed,1
CUST-14856,2025-03-19,premium,101.98,9,0,8,,active,0
CUST-14857,2025-03-22,standard,32.66,9,0,9,,active,0
CUST-14858,2025-03-22,basic,13.64,9,1,28,,active,0
CUST-14859,2025-03-19,basic,13.25,9,0,30,,active,0
CUST-14860,2025-03-22,standard,33.11,9,1,14,,active,0
CUST-14861,2025-03-20,basic,13.43,9,2,21,,active,0
CUST-14862,2025-03-22,premium,96.95,9,1,0,,active,0
CUST-14863,2025-03-22,premium,84.19,9,0,3,,active,0
CUST-14864,2025-03-20,basic,12.03,9,5,42,poor support,closed,1
CUST-14865,2025-03-21,basic,10.85,9,5,31,no longer needed,closed,1
CUST-14866,2025-03-20,standard,31.64,9,1,16,,active,0
CUST-14867,2025-03-23,standard,37.83,9,0,0,,active,0
CUST-14868,2025-03-22,premium,89.14,9,2,7,,active,0
CUST-14869,2025-03-20,premium,91.56,9,1,5,,active,0
CUST-14870,2025-03-23,basic,11.31,9,0,16,,active,0
CUST-14871,2025-03-22,basic,11.04,9,2,14,missing features,closed,1
CUST-14872,2025-03-21,standard,38.69,9,0,3,,active,0
CUST-14873,2025-03-21,standard,37.94,9,0,17,,active,0
CUST-14874,2025-03-22,premium,95.69,9,5,27,no longer needed,closed,1
CUST-14875,2025-03-22,standard,34.00,9,1,31,,active,0
CUST-14876,2025-03-20,standard,35.10,9,6,5,price,closed,1
CUST-14877,2025-03-23,basic,12.89,9,5,20,no longer needed,closed,1
CUST-14878,2025-03-22,basic,11.91,9,4,21,moved to competitor,closed,1
CUST-14879,2025-03-24,basic,10.88,9,3,27,poor support,closed,1
CUST-14880,2025-03-23,basic,13.42,9,3,19,poor support,closed,1
CUST-14881,2025-03-23,standard,31.83,9,0,10,,active,0
CUST-14882,2025-03-21,standard,34.73,9,0,19,,active,0
CUST-14883,2025-03-24,standard,31.61,9,1,6,,active,0
CUST-14884,2025-03-21,basic,12.46,9,3,24,,active,0
CUST-14885,2025-03-24,standard,31.55,9,1,11,,active,0
CUST-14886,2025-03-23,standard,39.17,9,1,9,,active,0
CUST-14887,2025-03-21,standard,35.45,9,2,15,,active,0
CUST-14888,2025-03-23,basic,12.18,9,1,22,moved to competitor,closed,1
CUST-14889,2025-03-23,standard,34.74,9,0,0,,active,0
CUST-14890,2025-03-24,standard,39.30,9,1,19,,active,0
CUST-14891,2025-03-24,basic,10.80,9,3,16,moved to competitor,closed,1
CUST-14892,2025-03-23,premium,88.93,9,1,6,no longer needed,closed,1
CUST-14893,2025-03-22,premium,96.16,9,0,9,,active,0
CUST-14894,2025-03-25,basic,11.99,9,1,28,,active,0
CUST-14895,2025-03-25,standard,38.03,9,0,12,,active,0
CUST-14896,2025-03-23,basic,13.65,9,5,28,no longer needed,closed,1
CUST-14897,2025-03-22,basic,11.82,9,3,26,poor support,closed,1
CUST-14898,2025-03-25,basic,11.24,9,4,34,price,closed,1
CUST-14899,2025-03-24,basic,10.85,9,7,29,missing features,closed,1
CUST-14900,2025-03-25,basic,11.89,9,3,29,price,closed,1
CUST-14901,2025-03-24,standard,38.74,9,2,2,,active,0
CUST-14902,2025-03-23,standard,34.81,9,1,9,,active,0
CUST-14903,2025-03-26,premium,87.25,9,2,12,,active,0
CUST-14904,2025-03-25,basic,12.90,9,3,32,no longer needed,closed,1
CUST-14905,2025-03-23,premium,80.76,9,0,20,,active,0
CUST-14906,2025-03-24,standard,37.93,9,1,25,,active,0
CUST-14907,2025-03-23,basic,13.39,9,1,35,missing features,closed,1
CUST-14908,2025-03-23,standard,36.74,9,1,22,,active,0
CUST-14909,2025-03-25,basic,12.05,9,4,25,price,closed,1
CUST-14910,2025-03-26,basic,13.74,9,0,14,,active,0
CUST-14911,2025-03-27,basic,11.16,9,6,12,poor support,closed,1
CUST-14912,2025-03-24,standard,33.04,9,4,20,moved to competitor,closed,1
CUST-14913,2025-03-27,basic,12.09,9,1,19,,active,0
CUST-14914,2025-03-25,basic,11.64,9,2,35,moved to competitor,closed,1
CUST-14915,2025-03-25,standard,38.25,9,2,0,,active,0
CUST-14916,2025-03-27,standard,35.21,9,4,0,moved to competitor,closed,1
CUST-14917,2025-03-25,premium,86.41,9,1,27,,active,0
CUST-14918,2025-03-24,standard,35.73,9,2,8,,active,0
CUST-14919,2025-03-24,basic,12.27,9,1,22,,active,0
CUST-14920,2025-03-26,standard,34.21,9,3,0,price,closed,1
CUST-14921,2025-03-25,standard,33.34,9,2,17,missing features,closed,1
CUST-14922,2025-03-27,premium,92.56,9,2,0,,active,0
CUST-14923,2025-03-28,standard,38.12,9,0,0,,active,0
CUST-14924,2025-03-26,standard,36.65,9,4,35,price,closed,1
CUST-14925,2025-03-27,premium,86.57,9,0,9,,active,0
CUST-14926,2025-03-28,basic,13.03,9,2,23,poor support,closed,1
CUST-14927,2025-03-27,basic,13.29,9,4,21,no longer needed,closed,1
CUST-14928,2025-03-25,basic,12.93,9,0,12,,active,0
CUST-14929,2025-03-25,basic,11.10,9,3,29,poor support,closed,1
CUST-14930,2025-03-27,standard,33.39,9,2,18,,active,0
CUST-14931,2025-03-28,standard,32.91,9,2,4,,active,0
CUST-14932,2025-03-27,standard,35.75,9,2,0,,active,0
CUST-14933,2025-03-29,basic,11.03,9,1,24,,active,0
CUST-14934,2025-03-28,premium,99.27,9,1,0,,active,0
CUST-14935,2025-03-28,basic,12.70,9,4,20,poor support,closed,1
CUST-14936,2025-03-27,basic,12.98,9,4,17,,active,0
CUST-14937,2025-03-29,standard,32.68,9,2,6,poor support,closed,1
CUST-14938,2025-03-27,basic,13.75,9,3,16,moved to competitor,closed,1
CUST-14939,2025-03-26,basic,13.53,9,0,19,,active,0
CUST-14940,2025-03-27,standard,36.01,9,4,5,poor support,closed,1
CUST-14941,2025-03-28,basic,11.00,9,4,40,price,closed,1
CUST-14942,2025-03-26,basic,12.91,9,1,27,poor support,closed,1
CUST-14943,2025-03-28,standard,34.11,9,0,13,,active,0
CUST-14944,2025-03-27,basic,11.48,9,1,38,,active,0
CUST-14945,2025-03-30,standard,35.03,9,0,0,,active,0
CUST-14946,2025-03-28,standard,34.46,9,0,31,,active,0
CUST-14947,2025-03-28,premium,92.70,9,4,27,missing features,closed,1
CUST-14948,2025-03-27,basic,11.49,9,0,19,,active,0
CUST-14949,2025-03-28,premium,98.07,9,1,7,,active,0
CUST-14950,2025-03-28,premium,94.27,9,1,14,moved to competitor,closed,1
CUST-14951,2025-03-30,standard,39.05,9,2,15,poor support,closed,1
CUST-14952,2025-03-28,basic,12.07,9,3,25,price,closed,1
CUST-14953,2025-03-28,basic,12.59,9,1,18,,active,0
CUST-14954,2025-03-28,standard,37.95,9,1,17,,active,0
CUST-14955,2025-03-30,standard,36.99,9,4,11,no longer needed,closed,1
CUST-14956,2025-03-31,premium,82.27,9,4,5,,active,0
CUST-14957,2025-03-31,basic,12.67,9,4,23,missing features,closed,1
CUST-14958,2025-03-31,standard,32.46,9,1,1,,active,0
CUST-14959,2025-03-31,premium,81.38,9,1,26,,active,0
CUST-14960,2025-03-30,basic,12.05,9,0,22,,active,0
CUST-14961,2025-03-31,basic,12.70,9,1,15,,active,0
CUST-14962,2025-03-28,basic,12.02,9,1,27,price,closed,1
CUST-14963,2025-03-31,basic,12.54,9,2,33,,active,0
CUST-14964,2025-03-31,standard,32.99,9,1,11,,active,0
CUST-14965,2025-03-31,basic,11.89,9,0,15,,active,0
CUST-14966,2025-04-01,standard,39.65,9,1,16,,active,0
CUST-14967,2025-03-30,basic,13.42,9,1,15,price,closed,1
CUST-14968,2025-03-31,standard,38.11,9,0,25,,active,0
CUST-14969,2025-03-30,standard,31.64,9,1,22,,active,0
CUST-14970,2025-03-30,basic,12.73,9,4,10,price,closed,1
CUST-14971,2025-04-01,basic,11.89,9,0,24,,active,0
CUST-14972,2025-03-31,basic,11.41,9,1,21,missing features,closed,1
CUST-14973,2025-03-30,basic,11.42,9,3,35,moved to competitor,closed,1
CUST-14974,2025-04-01,basic,13.62,9,2,19,,active,0
CUST-14975,2025-03-29,premium,87.12,9,0,12,,active,0
CUST-14976,2025-03-31,basic,11.75,9,4,12,moved to competitor,closed,1
CUST-14977,2025-03-31,basic,11.27,9,1,24,,active,0
CUST-14978,2025-03-31,standard,31.84,9,0,21,,active,0
CUST-14979,2025-03-30,standard,38.74,9,2,6,,active,0
CUST-14980,2025-04-02,basic,12.15,9,3,34,no longer needed,closed,1
CUST-14981,2025-03-31,basic,12.29,9,2,17,,active,0
CUST-14982,2025-04-01,premium,80.83,9,5,13,moved to competitor,closed,1
CUST-14983,2025-04-01,basic,12.32,9,5,13,missing features,closed,1
CUST-14984,2025-03-30,basic,12.78,9,2,22,,active,0
CUST-14985,2025-04-02,standard,37.64,9,1,30,,active,0
CUST-14986,2025-04-01,standard,36.77,9,0,6,,active,0
CUST-14987,2025-04-02,standard,37.71,9,3,34,poor support,closed,1
CUST-14988,2025-04-02,basic,12.51,9,2,35,no longer needed,closed,1
CUST-14989,2025-04-01,standard,31.52,9,0,0,,active,0
CUST-14990,2025-03-31,standard,37.32,9,1,12,,active,0
CUST-14991,2025-03-31,basic,11.00,9,3,26,poor support,closed,1
CUST-14992,2025-03-31,basic,12.42,9,0,24,,active,0
CUST-14993,2025-03-31,basic,12.02,9,2,33,no longer needed,closed,1
CUST-14994,2025-04-01,standard,38.30,9,1,17,,active,0
CUST-14995,2025-04-02,basic,11.04,9,1,30,,active,0
CUST-14996,2025-04-03,basic,12.44,9,0,25,,active,0
CUST-14997,2025-04-02,standard,34.57,9,2,20,,active,0
CUST-14998,2025-04-01,basic,10.80,9,2,24,,active,0
CUST-14999,2025-04-02,premium,82.07,9,1,27,missing features,closed,1
CUST-15000,2025-04-03,standard,37.01,9,4,14,missing features,closed,1
CUST-15001,2025-04-03,basic,13.31,9,0,12,,active,0
CUST-15002,2025-04-03,premium,94.15,9,0,6,,active,0
CUST-15003,2025-04-04,standard,34.59,9,0,4,,active,0
CUST-15004,2025-04-03,basic,13.09,9,1,30,,active,0
CUST-15005,2025-04-01,standard,34.68,9,3,8,,active,0
CUST-15006,2025-04-04,standard,33.24,9,3,2,missing features,closed,1
CUST-15007,2025-04-03,standard,33.48,9,4,31,no longer needed,closed,1
CUST-15008,2025-04-03,standard,36.69,9,0,10,,active,0
CUST-15009,2025-04-05,basic,12.36,9,2,18,,active,0
CUST-15010,2025-04-03,premium,102.14,9,1,10,,active,0
CUST-15011,2025-04-03,standard,39.65,9,0,25,,active,0
CUST-15012,2025-04-02,premium,83.51,9,2,14,,active,0
CUST-15013,2025-04-05,standard,33.50,9,1,17,,active,0
CUST-15014,2025-04-02,standard,35.98,9,3,18,,active,0
CUST-15015,2025-04-02,basic,12.14,9,1,17,missing features,closed,1
CUST-15016,2025-04-04,standard,37.09,9,1,11,,active,0
CUST-15017,2025-04-03,premium,98.97,9,1,0,moved to competitor,closed,1
CUST-15018,2025-04-03,standard,31.50,9,1,20,,active,0
CUST-15019,2025-04-05,basic,11.25,9,1,17,,active,0
CUST-15020,2025-04-05,premium,80.48,9,2,15,,active,0
CUST-15021,2025-04-06,standard,37.91,9,1,12,,active,0
CUST-15022,2025-04-04,standard,35.49,9,6,6,poor support,closed,1
CUST-15023,2025-04-06,basic,13.75,9,0,26,,active,0
CUST-15024,2025-04-06,standard,37.57,9,6,28,price,closed,1
CUST-15025,2025-04-06,standard,33.22,9,3,6,moved to competitor,closed,1
CUST-15026,2025-04-05,basic,11.96,9,2,21,,active,0
CUST-15027,2025-04-06,premium,85.57,9,1,20,,active,0
CUST-15028,2025-04-05,standard,39.20,9,2,17,,active,0
CUST-15029,2025-04-03,standard,37.76,9,1,4,,active,0
CUST-15030,2025-04-06,standard,32.42,9,2,18,,active,0
CUST-15031,2025-04-07,premium,87.07,8,0,14,,active,0
CUST-15032,2025-04-06,premium,80.12,9,0,16,,active,0
CUST-15033,2025-04-04,basic,13.69,9,0,20,,active,0
CUST-15034,2025-04-04,standard,32.48,9,4,27,no longer needed,closed,1
CUST-15035,2025-04-06,basic,10.88,9,5,12,price,closed,1
CUST-15036,2025-04-05,premium,91.86,9,2,5,,active,0
CUST-15037,2025-04-04,standard,33.69,9,1,23,,active,0
CUST-15038,2025-04-04,basic,11.07,9,0,19,,active,0
CUST-15039,2025-04-06,standard,36.38,9,1,4,,active,0
CUST-15040,2025-04-07,standard,32.82,8,4,13,missing features,closed,1
CUST-15041,2025-04-05,basic,11.32,9,2,28,no longer needed,closed,1
CUST-15042,2025-04-06,standard,33.33,9,1,4,,active,0
CUST-15043,2025-04-06,standard,37.19,9,0,11,,active,0
CUST-15044,2025-04-06,standard,31.85,9,1,4,,active,0
CUST-15045,2025-04-06,standard,32.07,9,3,13,price,closed,1
CUST-15046,2025-04-07,basic,11.09,8,1,12,,active,0
CUST-15047,2025-04-05,standard,32.12,9,1,27,,active,0
CUST-15048,2025-04-08,basic,13.64,8,1,33,,active,0
CUST-15049,2025-04-05,premium,83.37,9,0,0,,active,0
CUST-15050,2025-04-08,standard,31.60,8,1,9,,active,0
CUST-15051,2025-04-06,basic,11.57,9,1,33,,active,0
CUST-15052,2025-04-07,standard,32.66,8,0,27,,active,0
CUST-15053,2025-04-07,basic,10.89,8,1,22,,active,0
CUST-15054,2025-04-09,standard,39.96,8,6,25,no longer needed,closed,1
CUST-15055,2025-04-09,premium,90.27,8,0,7,,active,0
CUST-15056,2025-04-07,standard,33.46,8,1,0,,active,0
CUST-15057,2025-04-08,basic,13.15,8,2,20,moved to competitor,closed,1
CUST-15058,2025-04-06,basic,11.37,9,0,24,,active,0
CUST-15059,2025-04-06,basic,12.83,9,0,38,,active,0
CUST-15060,2025-04-08,basic,11.10,8,0,23,,active,0
CUST-15061,2025-04-09,basic,11.58,8,1,6,,active,0
CUST-15062,2025-04-07,basic,10.88,8,5,23,moved to competitor,closed,1
CUST-15063,2025-04-08,standard,34.53,8,1,0,poor support,closed,1
CUST-15064,2025-04-09,basic,10.92,8,0,20,,active,0
CUST-15065,2025-04-10,standard,33.67,8,0,16,,active,0
CUST-15066,2025-04-10,basic,12.27,8,1,32,,active,0
CUST-15067,2025-04-08,standard,38.46,8,1,2,,active,0
CUST-15068,2025-04-07,basic,11.06,8,0,23,,active,0
CUST-15069,2025-04-09,basic,13.07,8,4,12,price,closed,1
CUST-15070,2025-04-08,basic,12.28,8,0,12,,active,0
CUST-15071,2025-04-09,standard,33.93,8,2,10,missing features,closed,1
CUST-15072,2025-04-09,standard,35.52,8,1,8,no longer needed,closed,1
CUST-15073,2025-04-07,basic,13.52,8,3,37,,active,0
CUST-15074,2025-04-08,standard,40.19,8,3,8,,active,0
CUST-15075,2025-04-09,basic,12.97,8,2,24,missing features,closed,1
CUST-15076,2025-04-08,premium,101.46,8,0,4,,active,0
CUST-15077,2025-04-09,basic,13.22,8,1,22,,active,0
CUST-15078,2025-04-10,premium,96.88,8,5,26,moved to competitor,closed,1
CUST-15079,2025-04-09,standard,33.34,8,2,13,,active,0
CUST-15080,2025-04-09,basic,13.77,8,0,22,,active,0
CUST-15081,2025-04-09,basic,12.69,8,1,26,,active,0
CUST-15082,2025-04-09,basic,11.67,8,1,21,,active,0
CUST-15083,2025-04-10,basic,12.60,8,3,39,no longer needed,closed,1
CUST-15084,2025-04-11,basic,13.52,8,2,33,,active,0
CUST-15085,2025-04-09,basic,12.37,8,1,42,,active,0
CUST-15086,2025-04-10,basic,13.71,8,5,12,missing features,closed,1
CUST-15087,2025-04-11,standard,36.71,8,1,28,,active,0
CUST-15088,2025-04-11,basic,12.56,8,3,24,missing features,closed,1
CUST-15089,2025-04-12,premium,100.93,8,1,2,,active,0
CUST-15090,2025-04-09,standard,34.68,8,2,14,,active,0
CUST-15091,2025-04-12,basic,12.96,8,0,35,,active,0
CUST-15092,2025-04-11,basic,13.28,8,1,27,missing features,closed,1
CUST-15093,2025-04-10,basic,12.86,8,0,22,,active,0
CUST-15094,2025-04-10,standard,35.80,8,2,0,,active,0
CUST-15095,2025-04-09,basic,12.11,8,4,36,price,closed,1
CUST-15096,2025-04-12,basic,11.59,8,3,37,no longer needed,closed,1
CUST-15097,2025-04-11,standard,35.32,8,1,8,,active,0
CUST-15098,2025-04-13,standard,35.72,8,0,9,,active,0
CUST-15099,2025-04-11,premium,100.43,8,0,25,,active,0
CUST-15100,2025-04-11,standard,34.29,8,4,26,poor support,closed,1
CUST-15101,2025-04-10,standard,38.98,8,0,24,,active,0
CUST-15102,2025-04-10,standard,36.14,8,0,19,,active,0
CUST-15103,2025-04-11,basic,12.67,8,2,30,missing features,closed,1
CUST-15104,2025-04-11,basic,13.07,8,0,40,,active,0
CUST-15105,2025-04-11,standard,37.34,8,0,25,,active,0
CUST-15106,2025-04-10,standard,32.56,8,2,18,,active,0
CUST-15107,2025-04-11,basic,11.25,8,2,25,,active,0
CUST-15108,2025-04-13,basic,10.92,8,1,22,,active,0
CUST-15109,2025-04-13,premium,97.63,8,0,20,,active,0
CUST-15110,2025-04-11,basic,13.36,8,1,54,no longer needed,closed,1
CUST-15111,2025-04-11,standard,33.20,8,0,10,,active,0
CUST-15112,2025-04-13,basic,12.92,8,1,15,,active,0
CUST-15113,2025-04-12,basic,12.87,8,1,27,,active,0
CUST-15114,2025-04-14,standard,38.02,8,0,5,,active,0
CUST-15115,2025-04-11,basic,11.66,8,3,33,,active,0
CUST-15116,2025-04-11,standard,35.56,8,0,28,,active,0
CUST-15117,2025-04-12,premium,99.76,8,2,7,,active,0
CUST-15118,2025-04-13,standard,36.91,8,0,16,,active,0
CUST-15119,2025-04-14,basic,12.43,8,1,30,no longer needed,closed,1
CUST-15120,2025-04-14,basic,13.23,8,4,33,price,closed,1
CUST-15121,2025-04-13,basic,12.71,8,0,16,,active,0
CUST-15122,2025-04-14,premium,99.90,8,0,13,,active,0
CUST-15123,2025-04-13,standard,31.51,8,1,2,moved to competitor,closed,1
CUST-15124,2025-04-15,basic,11.23,8,0,13,,active,0
CUST-15125,2025-04-13,standard,38.07,8,6,13,poor support,closed,1
CUST-15126,2025-04-13,premium,89.37,8,0,16,,active,0
CUST-15127,2025-04-12,standard,37.16,8,1,3,,active,0
CUST-15128,2025-04-13,standard,32.16,8,0,11,,active,0
CUST-15129,2025-04-16,standard,34.57,8,2,22,moved to competitor,closed,1
CUST-15130,2025-04-14,premium,96.49,8,0,0,,active,0
CUST-15131,2025-04-14,basic,12.09,8,3,19,,active,0
CUST-15132,2025-04-13,standard,39.68,8,1,6,,active,0
CUST-15133,2025-04-13,standard,38.36,8,2,31,,active,0
CUST-15134,2025-04-13,basic,13.67,8,3,17,no longer needed,closed,1
CUST-15135,2025-04-15,standard,32.13,8,2,15,,active,0
CUST-15136,2025-04-16,premium,82.06,8,0,11,,active,0
CUST-15137,2025-04-16,basic,12.43,8,4,28,missing features,closed,1
CUST-15138,2025-04-13,standard,38.25,8,0,3,,active,0
CUST-15139,2025-04-16,premium,82.89,8,2,6,,active,0
CUST-15140,2025-04-15,basic,11.03,8,3,27,missing features,closed,1
CUST-15141,2025-04-14,basic,13.08,8,0,23,,active,0
CUST-15142,2025-04-14,standard,37.27,8,0,27,,active,0
CUST-15143,2025-04-17,standard,35.88,8,1,31,,active,0
CUST-15144,2025-04-16,standard,35.03,8,1,9,,active,0
CUST-15145,2025-04-14,basic,12.59,8,0,41,,active,0
CUST-15146,2025-04-14,basic,12.80,8,0,25,,active,0
CUST-15147,2025-04-17,standard,39.56,8,4,10,moved to competitor,closed,1
CUST-15148,2025-04-17,basic,12.44,8,1,43,,active,0
CUST-15149,2025-04-15,standard,32.07,8,3,25,price,closed,1
CUST-15150,2025-04-14,premium,98.38,8,1,15,,active,0
CUST-15151,2025-04-16,basic,12.01,8,4,25,no longer needed,closed,1
CUST-15152,2025-04-17,standard,38.36,8,0,23,,active,0
CUST-15153,2025-04-17,basic,13.47,8,0,25,,active,0
CUST-15154,2025-04-17,standard,38.23,8,0,18,,active,0
CUST-15155,2025-04-16,standard,34.63,8,1,7,,active,0
CUST-15156,2025-04-17,premium,81.09,8,0,25,,active,0
CUST-15157,2025-04-16,standard,37.41,8,1,9,,active,0
CUST-15158,2025-04-18,standard,32.67,8,2,24,,active,0
CUST-15159,2025-04-17,basic,12.75,8,3,42,poor support,closed,1
CUST-15160,2025-04-16,premium,89.92,8,2,27,,active,0
CUST-15161,2025-04-15,basic,12.97,8,0,29,,active,0
CUST-15162,2025-04-19,basic,12.44,8,4,18,moved to competitor,closed,1
CUST-15163,2025-04-17,standard,37.92,8,5,3,missing features,closed,1
CUST-15164,2025-04-17,standard,32.43,8,1,17,,active,0
CUST-15165,2025-04-17,standard,32.48,8,0,0,,active,0
CUST-15166,2025-04-18,premium,81.69,8,0,16,,active,0
CUST-15167,2025-04-17,basic,12.11,8,5,18,poor support,closed,1
CUST-15168,2025-04-16,standard,40.18,8,0,18,,active,0
CUST-15169,2025-04-16,premium,88.06,8,5,5,missing features,closed,1
CUST-15170,2025-04-18,basic,13.67,8,1,20,,active,0
CUST-15171,2025-04-19,standard,32.20,8,0,17,,active,0
CUST-15172,2025-04-17,basic,11.68,8,2,20,moved to competitor,closed,1
CUST-15173,2025-04-20,standard,35.38,8,3,13,moved to competitor,closed,1
CUST-15174,2025-04-18,standard,37.30,8,1,37,,active,0
CUST-15175,2025-04-20,premium,101.63,8,2,18,,active,0
CUST-15176,2025-04-17,standard,32.99,8,1,0,,active,0
CUST-15177,2025-04-19,basic,12.83,8,2,14,moved to competitor,closed,1
CUST-15178,2025-04-18,basic,11.27,8,4,28,price,closed,1
CUST-15179,2025-04-20,basic,11.22,8,3,27,poor support,closed,1
CUST-15180,2025-04-19,basic,13.28,8,1,31,,active,0
CUST-15181,2025-04-17,basic,11.20,8,5,22,missing features,closed,1
CUST-15182,2025-04-18,basic,12.12,8,5,12,no longer needed,closed,1
CUST-15183,2025-04-20,basic,11.74,8,1,28,,active,0
CUST-15184,2025-04-18,standard,33.35,8,1,18,,active,0
CUST-15185,2025-04-19,basic,11.06,8,3,34,moved to competitor,closed,1
CUST-15186,2025-04-21,basic,11.05,8,4,31,missing features,closed,1
CUST-15187,2025-04-21,standard,34.19,8,2,0,,active,0
CUST-15188,2025-04-21,basic,13.38,8,3,10,,active,0
CUST-15189,2025-04-20,basic,12.17,8,3,18,,active,0
CUST-15190,2025-04-21,standard,35.54,8,0,16,,active,0
CUST-15191,2025-04-19,basic,12.30,8,2,13,price,closed,1
CUST-15192,2025-04-20,premium,84.08,8,1,20,moved to competitor,closed,1
CUST-15193,2025-04-19,premium,87.22,8,0,12,,active,0
CUST-15194,2025-04-18,basic,12.35,8,2,29,price,closed,1
CUST-15195,2025-04-20,standard,33.07,8,2,19,poor support,closed,1
CUST-15196,2025-04-20,standard,39.99,8,0,16,,active,0
CUST-15197,2025-04-21,basic,13.21,8,0,18,,active,0
CUST-15198,2025-04-22,premium,87.12,8,0,10,,active,0
CUST-15199,2025-04-21,premium,92.37,8,0,21,,active,0
CUST-15200,2025-04-21,basic,12.48,8,3,18,price,closed,1
CUST-15201,2025-04-19,premium,101.55,8,2,30,missing features,closed,1
CUST-15202,2025-04-22,basic,10.86,8,2,27,,active,0
CUST-15203,2025-04-22,standard,35.54,8,1,15,,active,0
CUST-15204,2025-04-20,basic,11.24,8,2,18,poor support,closed,1
CUST-15205,2025-04-21,premium,89.59,8,0,11,,active,0
CUST-15206,2025-04-20,premium,99.39,8,2,16,,active,0
CUST-15207,2025-04-23,basic,12.93,8,1,23,,active,0
CUST-15208,2025-04-20,standard,35.18,8,0,21,,active,0
CUST-15209,2025-04-23,premium,98.26,8,1,17,,active,0
CUST-15210,2025-04-23,standard,35.01,8,0,4,,active,0
CUST-15211,2025-04-22,standard,33.38,8,0,10,,active,0
CUST-15212,2025-04-21,basic,12.82,8,3,30,poor support,closed,1
CUST-15213,2025-04-23,standard,32.95,8,2,29,,active,0
CUST-15214,2025-04-20,basic,12.96,8,1,31,,active,0
CUST-15215,2025-04-20,basic,12.39,8,2,5,poor support,closed,1
CUST-15216,2025-04-23,basic,11.65,8,3,23,poor support,closed,1
CUST-15217,2025-04-22,standard,38.29,8,1,3,,active,0
CUST-15218,2025-04-23,basic,12.71,8,2,18,,active,0
CUST-15219,2025-04-24,basic,13.17,8,0,8,,active,0
CUST-15220,2025-04-22,basic,11.57,8,5,21,missing features,closed,1
CUST-15221,2025-04-22,standard,40.06,8,0,0,,active,0
CUST-15222,2025-04-22,basic,12.13,8,1,28,,active,0
CUST-15223,2025-04-24,premium,99.93,8,0,14,,active,0
CUST-15224,2025-04-22,premium,94.33,8,3,31,moved to competitor,closed,1
CUST-15225,2025-04-22,premium,90.16,8,2,3,,active,0
CUST-15226,2025-04-22,basic,12.08,8,7,27,moved to competitor,closed,1
CUST-15227,2025-04-23,premium,101.57,8,1,11,,active,0
CUST-15228,2025-04-23,premium,92.59,8,2,28,moved to competitor,closed,1
CUST-15229,2025-04-22,standard,32.82,8,0,15,,active,0
CUST-15230,2025-04-25,standard,38.11,8,1,17,,active,0
CUST-15231,2025-04-25,basic,12.42,8,0,45,,active,0
CUST-15232,2025-04-25,premium,98.49,8,0,16,,active,0
CUST-15233,2025-04-23,standard,36.32,8,1,13,,active,0
CUST-15234,2025-04-23,standard,35.83,8,0,5,,active,0
CUST-15235,2025-04-22,standard,37.17,8,1,12,,active,0
CUST-15236,2025-04-22,basic,12.42,8,2,39,,active,0
CUST-15237,2025-04-25,basic,11.20,8,2,28,,active,0
CUST-15238,2025-04-25,standard,37.96,8,0,0,,active,0
CUST-15239,2025-04-23,basic,13.63,8,2,23,,active,0
CUST-15240,2025-04-26,standard,34.43,8,2,21,,active,0
CUST-15241,2025-04-24,premium,84.78,8,3,8,,active,0
CUST-15242,2025-04-24,basic,13.15,8,2,28,poor support,closed,1
CUST-15243,2025-04-25,basic,11.64,8,0,35,,active,0
CUST-15244,2025-04-24,standard,38.67,8,0,0,,active,0
CUST-15245,2025-04-24,basic,11.18,8,1,24,,active,0
CUST-15246,2025-04-26,standard,40.02,8,0,7,,active,0
CUST-15247,2025-04-24,standard,33.75,8,3,23,poor support,closed,1
CUST-15248,2025-04-23,basic,12.47,8,2,12,,active,0
CUST-15249,2025-04-25,basic,13.63,8,3,27,moved to competitor,closed,1
CUST-15250,2025-04-24,standard,38.33,8,1,6,,active,0
CUST-15251,2025-04-24,basic,10.80,8,4,19,poor support,closed,1
CUST-15252,2025-04-26,basic,11.51,8,1,14,,active,0
CUST-15253,2025-04-27,standard,34.38,8,0,24,,active,0
CUST-15254,2025-04-26,premium,92.80,8,0,24,,active,0
CUST-15255,2025-04-24,standard,39.94,8,0,20,,active,0
CUST-15256,2025-04-27,standard,39.46,8,0,16,,active,0
CUST-15257,2025-04-25,basic,13.51,8,2,22,price,closed,1
CUST-15258,2025-04-24,standard,31.54,8,0,0,,active,0
CUST-15259,2025-04-25,basic,11.63,8,3,29,no longer needed,closed,1
CUST-15260,2025-04-24,standard,36.66,8,0,9,,active,0
CUST-15261,2025-04-28,premium,89.30,8,1,4,,active,0
CUST-15262,2025-04-28,premium,93.94,8,4,25,no longer needed,closed,1
CUST-15263,2025-04-26,basic,13.72,8,0,35,,active,0
CUST-15264,2025-04-26,standard,38.31,8,2,18,,active,0
CUST-15265,2025-04-28,standard,32.56,8,2,22,,active,0
CUST-15266,2025-04-28,standard,38.05,8,1,35,,active,0
CUST-15267,2025-04-25,premium,96.68,8,1,29,,active,0
CUST-15268,2025-04-28,basic,11.40,8,2,29,no longer needed,closed,1
CUST-15269,2025-04-28,basic,13.48,8,0,38,,active,0
CUST-15270,2025-04-28,standard,36.53,8,0,17,,active,0
CUST-15271,2025-04-27,basic,13.17,8,0,42,,active,0
CUST-15272,2025-04-29,basic,13.03,8,0,37,,active,0
CUST-15273,2025-04-29,standard,34.20,8,1,28,,active,0
CUST-15274,2025-04-28,basic,12.74,8,1,31,,active,0
CUST-15275,2025-04-26,basic,13.05,8,5,37,poor support,closed,1
CUST-15276,2025-04-28,standard,34.45,8,3,14,,active,0
CUST-15277,2025-04-27,standard,36.60,8,2,13,price,closed,1
CUST-15278,2025-04-29,basic,12.24,8,5,25,poor support,closed,1
CUST-15279,2025-04-28,standard,31.86,8,2,4,,active,0
CUST-15280,2025-04-28,basic,12.19,8,0,25,,active,0
CUST-15281,2025-04-28,standard,34.99,8,0,16,,active,0
CUST-15282,2025-04-28,basic,11.53,8,0,32,,active,0
CUST-15283,2025-04-30,basic,11.85,8,1,19,,active,0
CUST-15284,2025-04-29,standard,36.74,8,1,7,,active,0
CUST-15285,2025-04-30,basic,12.45,8,0,15,,active,0
CUST-15286,2025-04-29,standard,34.06,8,1,10,,active,0
CUST-15287,2025-04-29,basic,12.79,8,6,33,missing features,closed,1
CUST-15288,2025-04-27,premium,94.89,8,3,20,,active,0
CUST-15289,2025-04-30,premium,98.25,8,2,23,price,closed,1
CUST-15290,2025-04-30,basic,11.15,8,4,31,no longer needed,closed,1
CUST-15291,2025-04-30,basic,13.62,8,6,28,no longer needed,closed,1
CUST-15292,2025-04-28,standard,32.42,8,3,16,,active,0
CUST-15293,2025-04-29,basic,13.39,8,1,24,price,closed,1
CUST-15294,2025-04-28,basic,12.75,8,0,22,,active,0
CUST-15295,2025-05-01,basic,12.58,8,3,26,,active,0
CUST-15296,2025-04-28,basic,11.55,8,1,55,,active,0
CUST-15297,2025-04-30,basic,11.59,8,3,24,poor support,closed,1
CUST-15298,2025-04-29,premium,97.41,8,1,17,,active,0
CUST-15299,2025-04-28,basic,10.86,8,2,31,moved to competitor,closed,1
CUST-15300,2025-04-30,basic,11.20,8,2,25,,active,0
CUST-15301,2025-04-30,standard,38.09,8,0,30,,active,0
CUST-15302,2025-04-29,standard,32.14,8,0,12,,active,0
CUST-15303,2025-05-01,basic,13.05,8,4,52,no longer needed,closed,1
CUST-15304,2025-04-30,basic,13.34,8,1,30,,active,0
CUST-15305,2025-05-02,standard,34.83,8,4,9,,active,0
CUST-15306,2025-05-01,basic,13.33,8,1,18,,active,0
CUST-15307,2025-05-01,basic,11.04,8,3,47,poor support,closed,1
CUST-15308,2025-04-29,basic,11.02,8,4,29,moved to competitor,closed,1
CUST-15309,2025-05-01,basic,11.12,8,5,22,moved to competitor,closed,1
CUST-15310,2025-05-02,basic,11.07,8,5,30,price,closed,1
CUST-15311,2025-04-30,basic,11.31,8,0,19,,active,0
CUST-15312,2025-05-02,standard,35.55,8,3,25,missing features,closed,1
CUST-15313,2025-05-02,standard,37.25,8,0,14,,active,0
CUST-15314,2025-04-29,basic,13.32,8,2,23,,active,0
CUST-15315,2025-04-29,basic,13.65,8,5,29,no longer needed,closed,1
CUST-15316,2025-05-03,standard,36.25,8,0,27,,active,0
CUST-15317,2025-05-02,premium,91.86,8,1,18,,active,0
CUST-15318,2025-04-30,premium,100.38,8,4,11,missing features,closed,1
CUST-15319,2025-05-03,standard,35.59,8,0,6,,active,0
CUST-15320,2025-04-30,standard,36.78,8,2,7,price,closed,1
CUST-15321,2025-04-30,standard,38.85,8,1,3,,active,0
CUST-15322,2025-05-02,basic,11.58,8,3,16,,active,0
CUST-15323,2025-05-02,standard,39.47,8,2,18,,active,0
CUST-15324,2025-05-03,basic,13.60,8,0,18,,active,0
CUST-15325,2025-05-02,standard,31.96,8,1,0,poor support,closed,1
CUST-15326,2025-05-03,basic,11.29,8,4,34,poor support,closed,1
CUST-15327,2025-05-03,premium,91.38,8,0,5,,active,0
CUST-15328,2025-05-01,standard,36.71,8,0,25,,active,0
CUST-15329,2025-05-04,basic,11.93,8,3,31,,active,0
CUST-15330,2025-05-02,standard,34.90,8,1,12,,active,0
CUST-15331,2025-05-02,basic,11.67,8,0,34,,active,0
CUST-15332,2025-05-02,premium,93.41,8,1,11,,active,0
CUST-15333,2025-05-01,standard,32.52,8,2,16,price,closed,1
CUST-15334,2025-05-04,standard,33.92,8,0,15,,active,0
CUST-15335,2025-05-03,basic,11.68,8,0,12,,active,0
CUST-15336,2025-05-02,standard,32.75,8,1,20,,active,0
CUST-15337,2025-05-02,basic,11.80,8,0,22,,active,0
CUST-15338,2025-05-03,standard,38.64,8,1,0,,active,0
CUST-15339,2025-05-04,standard,38.28,8,0,19,,active,0
CUST-15340,2025-05-02,basic,12.84,8,2,29,,active,0
CUST-15341,2025-05-05,basic,11.44,8,0,23,,active,0
CUST-15342,2025-05-04,standard,31.57,8,2,9,,active,0
CUST-15343,2025-05-03,standard,31.88,8,1,14,,active,0
CUST-15344,2025-05-05,premium,99.25,8,2,7,,active,0
CUST-15345,2025-05-02,standard,33.73,8,2,5,,active,0
CUST-15346,2025-05-03,premium,91.80,8,1,4,,active,0
CUST-15347,2025-05-04,basic,13.20,8,6,16,poor support,closed,1
CUST-15348,2025-05-06,basic,11.49,8,2,26,,active,0
CUST-15349,2025-05-03,standard,33.96,8,0,40,,active,0
CUST-15350,2025-05-06,standard,38.55,8,2,6,,active,0
CUST-15351,2025-05-04,standard,32.93,8,0,12,,active,0
CUST-15352,2025-05-03,basic,12.82,8,2,34,moved to competitor,closed,1
CUST-15353,2025-05-05,standard,31.93,8,2,12,no longer needed,closed,1
CUST-15354,2025-05-03,premium,88.99,8,0,14,,active,0
CUST-15355,2025-05-03,basic,11.65,8,2,31,,active,0
CUST-15356,2025-05-06,standard,38.51,8,1,0,,active,0
CUST-15357,2025-05-06,premium,96.04,8,2,19,,active,0
CUST-15358,2025-05-04,basic,11.09,8,2,14,missing features,closed,1
CUST-15359,2025-05-04,premium,89.31,8,1,2,,active,0
CUST-15360,2025-05-07,standard,35.60,7,0,19,,active,0
CUST-15361,2025-05-06,premium,85.63,8,1,30,,active,0
CUST-15362,2025-05-05,basic,12.14,8,4,32,moved to competitor,closed,1
CUST-15363,2025-05-05,basic,12.68,8,2,29,,active,0
CUST-15364,2025-05-04,premium,93.01,8,0,3,,active,0
CUST-15365,2025-05-07,standard,35.45,7,0,29,,active,0
CUST-15366,2025-05-04,standard,38.97,8,0,2,,active,0
CUST-15367,2025-05-05,premium,101.69,8,0,0,,active,0
CUST-15368,2025-05-06,basic,11.54,8,2,29,,active,0
CUST-15369,2025-05-04,standard,38.13,8,2,10,,active,0
CUST-15370,2025-05-08,basic,13.23,7,0,4,,active,0
CUST-15371,2025-05-08,standard,32.73,7,1,10,,active,0
CUST-15372,2025-05-05,standard,33.46,8,1,16,,active,0
CUST-15373,2025-05-08,standard,38.54,7,1,0,,active,0
CUST-15374,2025-05-07,standard,39.41,7,0,25,,active,0
CUST-15375,2025-05-05,basic,12.07,8,5,14,poor support,closed,1
CUST-15376,2025-05-07,basic,12.57,7,3,23,price,closed,1
CUST-15377,2025-05-08,basic,13.76,7,0,28,,active,0
CUST-15378,2025-05-08,standard,36.83,7,4,19,poor support,closed,1
CUST-15379,2025-05-05,standard,34.53,8,2,0,,active,0
CUST-15380,2025-05-08,premium,88.01,7,3,22,poor support,closed,1
CUST-15381,2025-05-06,standard,34.89,8,0,16,,active,0
CUST-15382,2025-05-09,standard,38.62,7,0,18,,active,0
CUST-15383,2025-05-06,basic,11.73,8,4,31,poor support,closed,1
CUST-15384,2025-05-07,standard,35.58,7,1,18,,active,0
CUST-15385,2025-05-09,standard,40.22,7,1,8,,active,0
CUST-15386,2025-05-08,basic,12.87,7,1,30,no longer needed,closed,1
CUST-15387,2025-05-06,basic,11.86,8,1,25,moved to competitor,closed,1
CUST-15388,2025-05-06,basic,11.71,8,1,12,missing features,closed,1
CUST-15389,2025-05-07,standard,36.32,7,0,18,,active,0
CUST-15390,2025-05-07,basic,13.08,7,1,23,,active,0
CUST-15391,2025-05-08,basic,12.12,7,4,45,moved to competitor,closed,1
CUST-15392,2025-05-07,basic,12.96,7,4,49,no longer needed,closed,1
CUST-15393,2025-05-08,standard,34.07,7,1,22,,active,0
CUST-15394,2025-05-10,premium,85.66,7,2,28,,active,0
CUST-15395,2025-05-09,premium,100.89,7,2,0,no longer needed,closed,1
CUST-15396,2025-05-08,basic,12.22,7,1,30,,active,0
CUST-15397,2025-05-07,basic,12.55,7,2,24,,active,0
CUST-15398,2025-05-08,premium,87.29,7,0,4,,active,0
CUST-15399,2025-05-09,basic,12.59,7,3,35,,active,0
CUST-15400,2025-05-08,basic,11.17,7,0,10,,active,0
CUST-15401,2025-05-08,premium,87.36,7,2,20,,active,0
CUST-15402,2025-05-09,standard,38.53,7,1,15,,active,0
CUST-15403,2025-05-11,basic,12.58,7,0,50,,active,0
CUST-15404,2025-05-10,premium,91.58,7,1,16,poor support,closed,1
CUST-15405,2025-05-11,basic,11.77,7,1,15,,active,0
CUST-15406,2025-05-10,basic,12.95,7,0,49,,active,0
CUST-15407,2025-05-08,basic,11.29,7,5,19,no longer needed,closed,1
CUST-15408,2025-05-08,standard,33.64,7,0,24,,active,0
CUST-15409,2025-05-09,premium,91.81,7,0,0,,active,0
CUST-15410,2025-05-08,premium,86.67,7,3,0,missing features,closed,1
CUST-15411,2025-05-08,basic,11.35,7,3,15,no longer needed,closed,1
CUST-15412,2025-05-08,standard,36.85,7,0,26,,active,0
CUST-15413,2025-05-08,standard,35.13,7,1,30,,active,0
CUST-15414,2025-05-10,basic,12.46,7,2,45,poor support,closed,1
CUST-15415,2025-05-09,standard,39.55,7,1,24,,active,0
CUST-15416,2025-05-09,premium,89.18,7,5,24,no longer needed,closed,1
CUST-15417,2025-05-11,basic,12.42,7,5,27,price,closed,1
CUST-15418,2025-05-11,standard,33.26,7,0,23,,active,0
CUST-15419,2025-05-12,basic,11.31,7,1,19,missing features,closed,1
CUST-15420,2025-05-09,standard,35.40,7,0,11,,active,0
CUST-15421,2025-05-12,standard,36.34,7,0,13,,active,0
CUST-15422,2025-05-09,basic,13.16,7,5,31,poor support,closed,1
CUST-15423,2025-05-09,basic,13.73,7,0,32,,active,0
CUST-15424,2025-05-10,standard,39.00,7,4,10,price,closed,1
CUST-15425,2025-05-10,standard,35.25,7,4,16,missing features,closed,1
CUST-15426,2025-05-13,standard,36.04,7,6,0,no longer needed,closed,1
CUST-15427,2025-05-11,standard,39.75,7,0,16,,active,0
CUST-15428,2025-05-13,premium,88.84,7,1,2,,active,0
CUST-15429,2025-05-12,premium,85.64,7,0,5,,active,0
CUST-15430,2025-05-12,basic,11.49,7,5,41,missing features,closed,1
CUST-15431,2025-05-11,premium,83.74,7,0,18,,active,0
CUST-15432,2025-05-12,premium,81.10,7,0,4,,active,0
CUST-15433,2025-05-12,basic,13.40,7,1,44,,active,0
CUST-15434,2025-05-13,basic,12.13,7,2,19,,active,0
CUST-15435,2025-05-11,basic,11.01,7,1,30,price,closed,1
CUST-15436,2025-05-11,premium,84.13,7,3,0,missing features,closed,1
CUST-15437,2025-05-13,standard,38.73,7,0,2,,active,0
CUST-15438,2025-05-12,standard,31.75,7,1,1,,active,0
CUST-15439,2025-05-14,basic,11.65,7,1,36,,active,0
CUST-15440,2025-05-12,standard,33.09,7,0,7,,active,0
CUST-15441,2025-05-11,basic,12.96,7,8,17,moved to competitor,closed,1
CUST-15442,2025-05-14,premium,96.76,7,0,27,,active,0
CUST-15443,2025-05-11,premium,91.43,7,0,25,,active,0
CUST-15444,2025-05-12,premium,93.27,7,0,5,,active,0
CUST-15445,2025-05-12,basic,13.34,7,4,12,moved to competitor,closed,1
CUST-15446,2025-05-14,basic,11.41,7,3,34,missing features,closed,1
CUST-15447,2025-05-15,basic,11.89,7,2,28,no longer needed,closed,1
CUST-15448,2025-05-15,basic,12.48,7,0,43,,active,0
CUST-15449,2025-05-14,premium,90.22,7,6,4,missing features,closed,1
CUST-15450,2025-05-12,basic,12.55,7,4,27,moved to competitor,closed,1
CUST-15451,2025-05-14,standard,35.35,7,1,8,,active,0
CUST-15452,2025-05-13,basic,13.18,7,3,18,,active,0
CUST-15453,2025-05-13,premium,81.47,7,0,16,,active,0
CUST-15454,2025-05-12,standard,35.39,7,0,13,,active,0
CUST-15455,2025-05-13,basic,13.02,7,3,28,poor support,closed,1
CUST-15456,2025-05-13,standard,33.44,7,0,22,,active,0
CUST-15457,2025-05-15,standard,36.29,7,1,0,,active,0
CUST-15458,2025-05-15,standard,38.63,7,0,9,,active,0
CUST-15459,2025-05-14,basic,10.92,7,1,20,,active,0
CUST-15460,2025-05-16,basic,11.54,7,3,28,price,closed,1
CUST-15461,2025-05-16,standard,33.33,7,2,20,,active,0
CUST-15462,2025-05-15,basic,13.78,7,2,29,price,closed,1
CUST-15463,2025-05-16,standard,32.16,7,1,23,moved to competitor,closed,1
CUST-15464,2025-05-14,standard,35.45,7,1,39,,active,0
CUST-15465,2025-05-14,standard,32.82,7,2,0,price,closed,1
CUST-15466,2025-05-16,premium,87.18,7,0,10,,active,0
CUST-15467,2025-05-13,basic,13.59,7,0,28,,active,0
CUST-15468,2025-05-14,premium,91.27,7,1,7,,active,0
CUST-15469,2025-05-15,basic,12.98,7,1,41,poor support,closed,1
CUST-15470,2025-05-14,basic,11.68,7,5,32,no longer needed,closed,1
CUST-15471,2025-05-16,standard,32.85,7,3,21,poor support,closed,1
CUST-15472,2025-05-15,basic,11.79,7,4,23,poor support,closed,1
CUST-15473,2025-05-17,standard,39.37,7,0,14,,active,0
CUST-15474,2025-05-17,standard,32.89,7,1,5,,active,0
CUST-15475,2025-05-16,basic,12.09,7,0,20,,active,0
CUST-15476,2025-05-16,standard,38.36,7,0,12,,active,0
CUST-15477,2025-05-15,premium,83.91,7,0,22,,active,0
CUST-15478,2025-05-14,standard,37.65,7,0,3,,active,0
CUST-15479,2025-05-16,standard,34.39,7,0,15,,active,0
CUST-15480,2025-05-17,basic,10.91,7,2,22,,active,0
CUST-15481,2025-05-15,basic,12.10,7,3,18,,active,0
CUST-15482,2025-05-15,standard,33.12,7,1,5,,active,0
CUST-15483,2025-05-15,basic,11.71,7,1,42,,active,0
CUST-15484,2025-05-18,standard,35.64,7,0,31,,active,0
CUST-15485,2025-05-17,basic,12.02,7,0,29,,active,0
CUST-15486,2025-05-17,premium,88.96,7,0,19,,active,0
CUST-15487,2025-05-16,standard,38.83,7,2,9,price,closed,1
CUST-15488,2025-05-16,basic,12.40,7,3,33,missing features,closed,1
CUST-15489,2025-05-17,premium,84.07,7,2,12,,active,0
CUST-15490,2025-05-15,standard,35.29,7,1,12,,active,0
CUST-15491,2025-05-17,premium,89.03,7,0,5,,active,0
CUST-15492,2025-05-17,premium,83.29,7,0,19,,active,0
CUST-15493,2025-05-18,basic,11.92,7,0,48,,active,0
CUST-15494,2025-05-19,basic,12.70,7,1,26,no longer needed,closed,1
CUST-15495,2025-05-16,basic,13.74,7,2,27,moved to competitor,closed,1
CUST-15496,2025-05-17,basic,13.29,7,1,25,,active,0
CUST-15497,2025-05-16,basic,11.78,7,2,26,,active,0
CUST-15498,2025-05-19,basic,13.06,7,4,21,missing features,closed,1
CUST-15499,2025-05-18,basic,11.29,7,0,33,,active,0
CUST-15500,2025-05-17,basic,13.47,7,2,30,no longer needed,closed,1
CUST-15501,2025-05-17,premium,90.53,7,0,15,,active,0
CUST-15502,2025-05-18,basic,12.10,7,1,16,,active,0
CUST-15503,2025-05-19,standard,34.17,7,0,0,,active,0
CUST-15504,2025-05-17,standard,39.74,7,2,9,,active,0
CUST-15505,2025-05-20,basic,12.31,7,0,34,,active,0
CUST-15506,2025-05-18,basic,12.78,7,3,35,missing features,closed,1
CUST-15507,2025-05-17,basic,12.08,7,4,26,no longer needed,closed,1
CUST-15508,2025-05-18,premium,101.58,7,7,17,no longer needed,closed,1
CUST-15509,2025-05-17,basic,11.01,7,4,28,no longer needed,closed,1
CUST-15510,2025-05-18,standard,31.67,7,2,24,price,closed,1
CUST-15511,2025-05-18,standard,34.88,7,0,13,,active,0
CUST-15512,2025-05-19,premium,100.83,7,2,7,,active,0
CUST-15513,2025-05-19,standard,35.39,7,0,27,,active,0
CUST-15514,2025-05-18,standard,31.52,7,0,16,,active,0
CUST-15515,2025-05-21,standard,33.11,7,1,20,,active,0
CUST-15516,2025-05-20,standard,33.25,7,2,6,price,closed,1
CUST-15517,2025-05-19,standard,33.41,7,1,22,,active,0
CUST-15518,2025-05-19,basic,11.63,7,2,40,poor support,closed,1
CUST-15519,2025-05-20,standard,34.33,7,2,15,,active,0
CUST-15520,2025-05-20,basic,11.90,7,2,25,missing features,closed,1
CUST-15521,2025-05-20,standard,32.84,7,3,11,poor support,closed,1
CUST-15522,2025-05-18,basic,11.03,7,3,31,,active,0
CUST-15523,2025-05-21,premium,96.85,7,6,26,moved to competitor,closed,1
CUST-15524,2025-05-19,premium,90.70,7,0,8,,active,0
CUST-15525,2025-05-19,standard,40.18,7,0,8,,active,0
CUST-15526,2025-05-20,standard,35.25,7,0,0,,active,0
CUST-15527,2025-05-21,standard,33.74,7,0,11,,active,0
CUST-15528,2025-05-19,basic,12.37,7,3,27,poor support,closed,1
CUST-15529,2025-05-21,standard,31.92,7,0,14,,active,0
CUST-15530,2025-05-20,basic,13.08,7,1,32,,active,0
CUST-15531,2025-05-20,premium,93.35,7,1,22,,active,0
CUST-15532,2025-05-22,standard,38.18,7,0,15,,active,0
CUST-15533,2025-05-22,premium,100.86,7,5,0,missing features,closed,1
CUST-15534,2025-05-19,basic,11.62,7,2,30,,active,0
CUST-15535,2025-05-22,basic,12.28,7,3,32,moved to competitor,closed,1
CUST-15536,2025-05-20,basic,13.73,7,4,40,price,closed,1
CUST-15537,2025-05-23,basic,11.92,7,6,26,missing features,closed,1
CUST-15538,2025-05-21,standard,33.13,7,4,18,no longer needed,closed,1
CUST-15539,2025-05-22,basic,10.87,7,3,32,no longer needed,closed,1
CUST-15540,2025-05-21,standard,35.68,7,1,26,no longer needed,closed,1
CUST-15541,2025-05-22,basic,12.86,7,2,44,,active,0
CUST-15542,2025-05-23,standard,37.43,7,0,18,,active,0
CUST-15543,2025-05-23,premium,85.06,7,1,18,,active,0
CUST-15544,2025-05-21,basic,10.91,7,2,23,,active,0
CUST-15545,2025-05-23,standard,37.48,7,1,24,,active,0
CUST-15546,2025-05-23,standard,33.33,7,5,3,price,closed,1
CUST-15547,2025-05-22,basic,11.96,7,0,22,,active,0
CUST-15548,2025-05-21,basic,13.52,7,5,34,moved to competitor,closed,1
CUST-15549,2025-05-21,standard,33.08,7,0,22,,active,0
CUST-15550,2025-05-23,basic,11.24,7,3,32,poor support,closed,1
CUST-15551,2025-05-24,basic,11.61,7,5,33,moved to competitor,closed,1
CUST-15552,2025-05-21,premium,82.47,7,0,11,,active,0
CUST-15553,2025-05-24,basic,13.49,7,4,33,price,closed,1
CUST-15554,2025-05-24,standard,39.60,7,1,12,,active,0
CUST-15555,2025-05-22,basic,12.69,7,3,21,,active,0
CUST-15556,2025-05-22,standard,35.15,7,0,17,,active,0
CUST-15557,2025-05-22,premium,91.06,7,3,10,poor support,closed,1
CUST-15558,2025-05-25,basic,12.56,7,2,42,price,closed,1
CUST-15559,2025-05-25,premium,80.35,7,1,13,,active,0
CUST-15560,2025-05-25,premium,85.77,7,0,6,,active,0
CUST-15561,2025-05-24,basic,11.94,7,1,23,,active,0
CUST-15562,2025-05-22,basic,13.71,7,2,17,,active,0
CUST-15563,2025-05-23,premium,96.75,7,0,20,,active,0
CUST-15564,2025-05-24,basic,13.52,7,0,36,,active,0
CUST-15565,2025-05-22,standard,32.81,7,4,14,missing features,closed,1
CUST-15566,2025-05-25,standard,36.91,7,2,0,,active,0
CUST-15567,2025-05-24,standard,31.69,7,1,38,,active,0
CUST-15568,2025-05-24,standard,34.99,7,0,15,,active,0
CUST-15569,2025-05-25,basic,11.96,7,1,9,,active,0
CUST-15570,2025-05-23,basic,12.59,7,0,28,,active,0
CUST-15571,2025-05-23,premium,85.55,7,4,20,no longer needed,closed,1
CUST-15572,2025-05-23,standard,32.35,7,1,0,,active,0
CUST-15573,2025-05-25,standard,35.45,7,3,18,,active,0
CUST-15574,2025-05-23,standard,38.16,7,1,23,,active,0
CUST-15575,2025-05-26,standard,37.02,7,1,16,,active,0
CUST-15576,2025-05-23,premium,97.86,7,3,0,no longer needed,closed,1
CUST-15577,2025-05-26,basic,10.90,7,2,34,,active,0
CUST-15578,2025-05-25,premium,91.75,7,0,24,,active,0
CUST-15579,2025-05-26,basic,11.19,7,0,7,,active,0
CUST-15580,2025-05-24,standard,33.68,7,4,27,no longer needed,closed,1
CUST-15581,2025-05-25,standard,35.12,7,0,0,,active,0
CUST-15582,2025-05-24,standard,34.24,7,3,21,no longer needed,closed,1
CUST-15583,2025-05-27,standard,40.17,7,1,10,,active,0
CUST-15584,2025-05-26,standard,34.79,7,2,13,,active,0
CUST-15585,2025-05-27,premium,81.31,7,3,32,,active,0
CUST-15586,2025-05-26,basic,10.89,7,5,36,price,closed,1
CUST-15587,2025-05-24,standard,34.30,7,1,20,,active,0
CUST-15588,2025-05-25,basic,12.33,7,1,12,no longer needed,closed,1
CUST-15589,2025-05-24,basic,13.45,7,4,18,price,closed,1
CUST-15590,2025-05-27,standard,36.19,7,0,18,,active,0
CUST-15591,2025-05-28,standard,34.54,7,0,9,,active,0
CUST-15592,2025-05-25,basic,12.38,7,1,24,,active,0
CUST-15593,2025-05-25,basic,11.11,7,1,24,,active,0
CUST-15594,2025-05-26,standard,32.70,7,4,28,moved to competitor,closed,1
CUST-15595,2025-05-26,basic,12.84,7,1,34,,active,0
CUST-15596,2025-05-25,basic,11.70,7,0,26,,active,0
CUST-15597,2025-05-25,standard,38.68,7,4,5,missing features,closed,1
CUST-15598,2025-05-25,premium,93.92,7,3,18,,active,0
CUST-15599,2025-05-28,standard,39.16,7,1,21,,active,0
CUST-15600,2025-05-26,standard,38.60,7,0,18,,active,0
CUST-15601,2025-05-28,basic,11.42,7,6,28,price,closed,1
CUST-15602,2025-05-26,basic,11.60,7,2,22,moved to competitor,closed,1
CUST-15603,2025-05-27,basic,13.76,7,1,23,,active,0
CUST-15604,2025-05-26,standard,32.22,7,2,14,no longer needed,closed,1
CUST-15605,2025-05-27,standard,39.96,7,0,14,,active,0
CUST-15606,2025-05-26,basic,13.37,7,0,21,,active,0
CUST-15607,2025-05-27,basic,11.06,7,1,26,,active,0
CUST-15608,2025-05-26,standard,34.60,7,4,20,no longer needed,closed,1
CUST-15609,2025-05-26,standard,37.84,7,0,3,,active,0
CUST-15610,2025-05-27,standard,32.38,7,1,12,,active,0
CUST-15611,2025-05-28,standard,36.98,7,5,0,no longer needed,closed,1
CUST-15612,2025-05-30,basic,11.95,7,1,1,,active,0
CUST-15613,2025-05-29,basic,13.80,7,0,35,,active,0
CUST-15614,2025-05-30,standard,36.27,7,0,18,,active,0
CUST-15615,2025-05-27,standard,32.73,7,0,20,,active,0
CUST-15616,2025-05-29,premium,96.74,7,3,16,missing features,closed,1
CUST-15617,2025-05-27,basic,11.46,7,2,33,,active,0
CUST-15618,2025-05-27,basic,12.21,7,4,19,poor support,closed,1
CUST-15619,2025-05-27,standard,38.26,7,5,28,no longer needed,closed,1
CUST-15620,2025-05-29,premium,83.93,7,1,1,,active,0
CUST-15621,2025-05-29,basic,11.11,7,2,37,,active,0
CUST-15622,2025-05-28,premium,94.07,7,1,14,,active,0
CUST-15623,2025-05-31,premium,84.69,7,1,26,,active,0
CUST-15624,2025-05-28,basic,12.42,7,2,34,no longer needed,closed,1
CUST-15625,2025-05-29,basic,11.39,7,5,25,price,closed,1
CUST-15626,2025-05-29,premium,97.24,7,1,4,,active,0
CUST-15627,2025-05-29,basic,12.14,7,3,31,poor support,closed,1
CUST-15628,2025-05-28,basic,12.95,7,4,36,price,closed,1
CUST-15629,2025-05-28,basic,11.12,7,0,23,,active,0
CUST-15630,2025-05-29,basic,13.59,7,1,24,,active,0
CUST-15631,2025-05-30,basic,12.10,7,1,39,,active,0
CUST-15632,2025-05-31,basic,13.75,7,1,11,price,closed,1
CUST-15633,2025-05-30,standard,39.18,7,0,32,,active,0
CUST-15634,2025-05-30,standard,34.30,7,1,0,,active,0
CUST-15635,2025-05-29,standard,35.95,7,0,13,,active,0
CUST-15636,2025-05-29,basic,12.23,7,0,21,,active,0
CUST-15637,2025-06-01,standard,38.99,7,0,30,,active,0
CUST-15638,2025-05-31,standard,32.94,7,0,26,,active,0
CUST-15639,2025-05-29,standard,32.93,7,0,4,,active,0
CUST-15640,2025-05-30,standard,31.53,7,0,13,,active,0
CUST-15641,2025-05-30,basic,11.07,7,0,20,,active,0
CUST-15642,2025-05-31,standard,33.80,7,2,26,moved to competitor,closed,1
CUST-15643,2025-05-30,basic,11.99,7,4,49,no longer needed,closed,1
CUST-15644,2025-05-31,premium,83.22,7,1,22,,active,0
CUST-15645,2025-06-02,basic,13.12,7,1,24,,active,0
CUST-15646,2025-06-01,standard,32.64,7,0,0,,active,0
CUST-15647,2025-05-31,standard,39.92,7,0,25,,active,0
CUST-15648,2025-06-01,premium,90.95,7,2,37,,active,0
CUST-15649,2025-06-02,basic,13.65,7,0,28,,active,0
CUST-15650,2025-05-31,standard,33.03,7,6,13,price,closed,1
CUST-15651,2025-05-30,basic,12.22,7,2,25,,active,0
CUST-15652,2025-06-02,basic,11.49,7,0,11,,active,0
CUST-15653,2025-06-02,premium,99.03,7,1,23,missing features,closed,1
CUST-15654,2025-06-01,standard,40.00,7,3,25,,active,0
CUST-15655,2025-06-03,basic,13.65,7,4,25,moved to competitor,closed,1
CUST-15656,2025-06-01,basic,11.51,7,0,31,,active,0
CUST-15657,2025-06-01,standard,32.68,7,2,1,,active,0
CUST-15658,2025-05-31,premium,101.12,7,1,17,,active,0
CUST-15659,2025-06-03,basic,13.63,7,1,24,poor support,closed,1
CUST-15660,2025-06-03,basic,13.48,7,0,6,,active,0
CUST-15661,2025-06-03,standard,34.41,7,2,29,,active,0
CUST-15662,2025-06-02,standard,37.44,7,1,9,,active,0
CUST-15663,2025-06-01,standard,32.93,7,0,15,,active,0
CUST-15664,2025-06-03,basic,12.35,7,3,21,,active,0
CUST-15665,2025-06-02,standard,35.58,7,0,15,,active,0
CUST-15666,2025-06-04,premium,94.03,7,0,10,,active,0
CUST-15667,2025-06-02,standard,39.48,7,6,13,price,closed,1
CUST-15668,2025-06-03,basic,12.16,7,4,28,price,closed,1
CUST-15669,2025-06-01,basic,12.57,7,0,32,,active,0
CUST-15670,2025-06-04,standard,33.41,7,1,4,,active,0
CUST-15671,2025-06-02,premium,86.98,7,0,5,,active,0
CUST-15672,2025-06-04,basic,13.07,7,5,29,poor support,closed,1
CUST-15673,2025-06-02,basic,12.77,7,2,34,poor support,closed,1
CUST-15674,2025-06-03,basic,11.42,7,1,11,,active,0
CUST-15675,2025-06-01,basic,11.05,7,4,16,no longer needed,closed,1
CUST-15676,2025-06-01,basic,11.03,7,3,38,no longer needed,closed,1
CUST-15677,2025-06-02,standard,34.63,7,5,12,missing features,closed,1
CUST-15678,2025-06-05,basic,11.72,7,3,11,no longer needed,closed,1
CUST-15679,2025-06-05,premium,86.09,7,1,32,,active,0
CUST-15680,2025-06-03,standard,37.10,7,1,12,missing features,closed,1
CUST-15681,2025-06-04,standard,38.23,7,3,16,,active,0
CUST-15682,2025-06-03,basic,11.98,7,4,38,missing features,closed,1
CUST-15683,2025-06-02,standard,36.10,7,0,5,,active,0
CUST-15684,2025-06-04,standard,38.69,7,3,18,price,closed,1
CUST-15685,2025-06-02,basic,11.73,7,2,30,moved to competitor,closed,1
CUST-15686,2025-06-03,basic,12.35,7,1,20,,active,0
CUST-15687,2025-06-03,standard,35.20,7,0,16,,active,0
CUST-15688,2025-06-05,basic,12.85,7,0,19,,active,0
CUST-15689,2025-06-05,premium,101.08,7,1,4,,active,0
CUST-15690,2025-06-04,basic,11.63,7,0,26,,active,0
CUST-15691,2025-06-04,basic,12.69,7,1,35,poor support,closed,1
CUST-15692,2025-06-05,standard,38.72,7,1,23,,active,0
CUST-15693,2025-06-04,standard,36.36,7,1,14,,active,0
CUST-15694,2025-06-03,premium,99.65,7,2,12,,active,0
CUST-15695,2025-06-04,standard,35.99,7,6,31,poor support,closed,1
CUST-15696,2025-06-03,basic,13.12,7,1,23,,active,0
CUST-15697,2025-06-04,standard,37.39,7,1,0,,active,0
CUST-15698,2025-06-03,premium,99.36,7,0,12,,active,0
CUST-15699,2025-06-06,basic,13.71,6,3,26,price,closed,1
CUST-15700,2025-06-06,standard,34.04,6,1,0,,active,0
CUST-15701,2025-06-06,basic,10.84,6,3,10,no longer needed,closed,1
CUST-15702,2025-06-06,standard,34.86,6,0,2,,active,0
CUST-15703,2025-06-04,basic,13.29,7,0,29,,active,0
CUST-15704,2025-06-05,standard,39.00,7,1,21,missing features,closed,1
CUST-15705,2025-06-04,basic,13.60,7,0,24,,active,0
CUST-15706,2025-06-07,basic,12.31,6,1,24,,active,0
CUST-15707,2025-06-05,standard,34.69,7,1,16,,active,0
CUST-15708,2025-06-04,basic,13.37,7,4,13,no longer needed,closed,1
CUST-15709,2025-06-05,basic,13.46,7,2,35,,active,0
CUST-15710,2025-06-08,premium,100.48,6,3,8,,active,0
CUST-15711,2025-06-08,basic,11.72,6,1,39,,active,0
CUST-15712,2025-06-08,standard,38.47,6,0,24,,active,0
CUST-15713,2025-06-07,premium,101.84,6,1,10,,active,0
CUST-15714,2025-06-05,standard,38.34,7,1,23,,active,0
CUST-15715,2025-06-05,basic,12.73,7,1,22,,active,0
CUST-15716,2025-06-07,standard,35.24,6,1,6,,active,0
CUST-15717,2025-06-07,basic,13.33,6,1,36,,active,0
CUST-15718,2025-06-07,basic,12.05,6,0,32,,active,0
CUST-15719,2025-06-07,premium,97.58,6,1,33,,active,0
CUST-15720,2025-06-07,basic,12.44,6,1,22,missing features,closed,1
CUST-15721,2025-06-06,basic,11.81,6,1,28,poor support,closed,1
CUST-15722,2025-06-06,standard,36.00,6,3,17,price,closed,1
CUST-15723,2025-06-09,basic,11.08,6,0,13,,active,0
CUST-15724,2025-06-08,standard,33.22,6,0,18,,active,0
CUST-15725,2025-06-09,basic,13.42,6,7,31,price,closed,1
CUST-15726,2025-06-06,standard,39.14,6,1,25,,active,0
CUST-15727,2025-06-09,standard,34.30,6,1,25,,active,0
CUST-15728,2025-06-06,basic,11.32,6,2,29,poor support,closed,1
CUST-15729,2025-06-08,premium,82.48,6,3,18,no longer needed,closed,1
CUST-15730,2025-06-09,basic,13.50,6,0,21,,active,0
CUST-15731,2025-06-09,standard,38.40,6,5,10,no longer needed,closed,1
CUST-15732,2025-06-09,basic,13.21,6,5,23,poor support,closed,1
CUST-15733,2025-06-08,standard,37.17,6,0,20,,active,0
CUST-15734,2025-06-09,standard,35.81,6,0,17,,active,0
CUST-15735,2025-06-07,premium,99.68,6,3,17,missing features,closed,1
CUST-15736,2025-06-07,standard,39.51,6,2,14,,active,0
CUST-15737,2025-06-09,premium,98.54,6,2,0,no longer needed,closed,1
CUST-15738,2025-06-10,basic,12.45,6,3,13,missing features,closed,1
CUST-15739,2025-06-09,standard,34.33,6,2,24,,active,0
CUST-15740,2025-06-09,standard,37.53,6,0,14,,active,0
CUST-15741,2025-06-08,basic,12.95,6,2,52,missing features,closed,1
CUST-15742,2025-06-08,basic,12.87,6,1,24,poor support,closed,1
CUST-15743,2025-06-11,standard,35.92,6,1,27,,active,0
CUST-15744,2025-06-10,basic,13.71,6,2,20,,active,0
CUST-15745,2025-06-09,basic,13.62,6,0,34,,active,0
CUST-15746,2025-06-10,basic,11.80,6,0,21,,active,0
CUST-15747,2025-06-09,standard,35.24,6,4,0,,active,0
CUST-15748,2025-06-11,basic,11.07,6,5,35,moved to competitor,closed,1
CUST-15749,2025-06-08,standard,39.59,6,2,14,,active,0
CUST-15750,2025-06-10,standard,37.08,6,1,6,,active,0
CUST-15751,2025-06-08,basic,12.63,6,3,33,no longer needed,closed,1
CUST-15752,2025-06-11,standard,38.96,6,0,29,,active,0
CUST-15753,2025-06-11,basic,12.86,6,4,32,moved to competitor,closed,1
CUST-15754,2025-06-09,standard,37.62,6,4,15,no longer needed,closed,1
CUST-15755,2025-06-09,basic,11.65,6,2,43,missing features,closed,1
CUST-15756,2025-06-12,basic,13.64,6,4,37,moved to competitor,closed,1
CUST-15757,2025-06-12,premium,92.70,6,1,16,,active,0
CUST-15758,2025-06-10,basic,12.13,6,3,17,no longer needed,closed,1
CUST-15759,2025-06-12,standard,31.62,6,1,12,,active,0
CUST-15760,2025-06-09,basic,12.94,6,0,25,,active,0
CUST-15761,2025-06-12,basic,13.39,6,2,23,,active,0
CUST-15762,2025-06-09,standard,38.85,6,0,6,,active,0
CUST-15763,2025-06-11,basic,11.35,6,4,27,price,closed,1
CUST-15764,2025-06-09,premium,82.45,6,2,21,,active,0
CUST-15765,2025-06-10,basic,10.93,6,0,38,,active,0
CUST-15766,2025-06-12,premium,90.89,6,0,19,,active,0
CUST-15767,2025-06-13,premium,88.60,6,1,30,,active,0
CUST-15768,2025-06-12,standard,36.86,6,3,27,,active,0
CUST-15769,2025-06-13,basic,12.25,6,0,14,,active,0
CUST-15770,2025-06-11,standard,32.61,6,0,5,,active,0
CUST-15771,2025-06-10,basic,11.90,6,2,48,,active,0
CUST-15772,2025-06-13,basic,12.99,6,4,27,poor support,closed,1
CUST-15773,2025-06-12,premium,87.36,6,4,29,no longer needed,closed,1
CUST-15774,2025-06-10,standard,38.86,6,0,15,,active,0
CUST-15775,2025-06-13,premium,97.09,6,3,21,,active,0
CUST-15776,2025-06-14,standard,34.05,6,2,22,,active,0
CUST-15777,2025-06-13,standard,37.98,6,2,12,,active,0
CUST-15778,2025-06-11,basic,12.46,6,1,29,,active,0
CUST-15779,2025-06-11,basic,11.62,6,3,17,,active,0
CUST-15780,2025-06-12,basic,13.27,6,0,23,,active,0
CUST-15781,2025-06-11,standard,36.81,6,4,12,price,closed,1
CUST-15782,2025-06-14,basic,11.70,6,6,44,price,closed,1
CUST-15783,2025-06-12,standard,34.69,6,1,26,,active,0
CUST-15784,2025-06-11,basic,12.48,6,2,19,,active,0
CUST-15785,2025-06-12,standard,33.97,6,1,25,moved to competitor,closed,1
CUST-15786,2025-06-12,basic,13.61,6,4,37,price,closed,1
CUST-15787,2025-06-12,basic,13.57,6,1,23,,active,0
CUST-15788,2025-06-14,standard,34.74,6,3,42,,active,0
CUST-15789,2025-06-14,basic,11.32,6,2,25,missing features,closed,1
CUST-15790,2025-06-15,basic,12.40,6,1,34,,active,0
CUST-15791,2025-06-13,basic,11.42,6,0,25,,active,0
CUST-15792,2025-06-13,standard,31.64,6,1,31,,active,0
CUST-15793,2025-06-15,standard,34.73,6,0,13,,active,0
CUST-15794,2025-06-14,premium,92.55,6,0,13,,active,0
CUST-15795,2025-06-15,premium,95.13,6,0,12,,active,0
CUST-15796,2025-06-12,premium,102.13,6,2,20,no longer needed,closed,1
CUST-15797,2025-06-12,standard,32.28,6,1,0,,active,0
CUST-15798,2025-06-13,premium,87.54,6,2,11,price,closed,1
CUST-15799,2025-06-15,standard,34.65,6,2,8,,active,0
CUST-15800,2025-06-14,basic,13.02,6,4,28,missing features,closed,1
CUST-15801,2025-06-16,basic,11.43,6,4,39,no longer needed,closed,1
CUST-15802,2025-06-14,standard,36.84,6,1,12,,active,0
CUST-15803,2025-06-13,standard,34.28,6,0,14,,active,0
CUST-15804,2025-06-14,standard,38.10,6,3,9,poor support,closed,1
CUST-15805,2025-06-16,basic,12.79,6,1,29,,active,0
CUST-15806,2025-06-13,basic,12.66,6,2,4,,active,0
CUST-15807,2025-06-16,standard,33.27,6,1,33,,active,0
CUST-15808,2025-06-14,basic,12.04,6,2,29,,active,0
CUST-15809,2025-06-16,standard,32.10,6,0,7,,active,0
CUST-15810,2025-06-16,basic,11.81,6,1,34,,active,0
CUST-15811,2025-06-14,premium,99.67,6,2,2,,active,0
CUST-15812,2025-06-16,basic,11.56,6,1,18,,active,0
CUST-15813,2025-06-14,standard,37.90,6,3,9,price,closed,1
CUST-15814,2025-06-14,basic,11.72,6,0,32,,active,0
CUST-15815,2025-06-15,basic,12.07,6,0,28,,active,0
CUST-15816,2025-06-16,premium,90.63,6,2,1,,active,0
CUST-15817,2025-06-16,premium,83.35,6,0,20,,active,0
CUST-15818,2025-06-15,basic,12.15,6,1,44,,active,0
CUST-15819,2025-06-17,basic,13.27,6,4,22,poor support,closed,1
CUST-15820,2025-06-17,standard,39.08,6,0,0,,active,0
CUST-15821,2025-06-18,standard,38.06,6,0,10,,active,0
CUST-15822,2025-06-15,basic,11.09,6,4,12,moved to competitor,closed,1
CUST-15823,2025-06-15,basic,12.04,6,5,39,price,closed,1
CUST-15824,2025-06-15,basic,13.47,6,0,29,,active,0
CUST-15825,2025-06-16,standard,37.72,6,1,0,,active,0
CUST-15826,2025-06-15,basic,12.66,6,3,29,no longer needed,closed,1
CUST-15827,2025-06-15,basic,12.20,6,0,22,,active,0
CUST-15828,2025-06-18,standard,37.15,6,0,18,,active,0
CUST-15829,2025-06-16,basic,13.67,6,2,26,price,closed,1
CUST-15830,2025-06-15,standard,32.71,6,1,17,,active,0
CUST-15831,2025-06-19,basic,11.14,6,1,29,,active,0
CUST-15832,2025-06-19,basic,11.54,6,1,27,missing features,closed,1
CUST-15833,2025-06-18,basic,12.69,6,0,25,,active,0
CUST-15834,2025-06-17,standard,38.61,6,1,17,,active,0
CUST-15835,2025-06-18,basic,11.58,6,4,20,price,closed,1
CUST-15836,2025-06-17,premium,83.99,6,1,20,price,closed,1
CUST-15837,2025-06-16,basic,12.12,6,3,28,,active,0
CUST-15838,2025-06-16,standard,33.34,6,0,27,,active,0
CUST-15839,2025-06-17,basic,12.88,6,2,13,poor support,closed,1
CUST-15840,2025-06-16,basic,13.28,6,0,26,,active,0
CUST-15841,2025-06-18,premium,99.38,6,0,10,,active,0
CUST-15842,2025-06-19,premium,80.41,6,1,11,,active,0
CUST-15843,2025-06-20,basic,11.21,6,1,30,,active,0
CUST-15844,2025-06-17,standard,39.28,6,2,39,no longer needed,closed,1
CUST-15845,2025-06-17,standard,34.82,6,0,13,,active,0
CUST-15846,2025-06-19,standard,40.17,6,4,23,moved to competitor,closed,1
CUST-15847,2025-06-20,standard,33.76,6,2,9,moved to competitor,closed,1
CUST-15848,2025-06-19,basic,11.17,6,0,18,,active,0
CUST-15849,2025-06-20,standard,31.67,6,0,8,,active,0
CUST-15850,2025-06-19,premium,81.02,6,1,6,poor support,closed,1
CUST-15851,2025-06-20,standard,37.44,6,0,25,,active,0
CUST-15852,2025-06-17,standard,31.86,6,5,14,missing features,closed,1
CUST-15853,2025-06-19,basic,12.83,6,0,15,,active,0
CUST-15854,2025-06-21,standard,35.06,6,5,18,missing features,closed,1
CUST-15855,2025-06-18,basic,12.85,6,2,25,,active,0
CUST-15856,2025-06-18,basic,11.43,6,5,33,no longer needed,closed,1
CUST-15857,2025-06-20,basic,12.42,6,6,38,price,closed,1
CUST-15858,2025-06-19,basic,11.58,6,3,39,,active,0
CUST-15859,2025-06-19,basic,12.34,6,1,29,,active,0
CUST-15860,2025-06-19,standard,37.04,6,4,7,no longer needed,closed,1
CUST-15861,2025-06-20,basic,13.47,6,1,21,,active,0
CUST-15862,2025-06-19,basic,12.64,6,5,16,moved to competitor,closed,1
CUST-15863,2025-06-20,standard,35.79,6,0,13,,active,0
CUST-15864,2025-06-22,standard,37.82,6,1,2,,active,0
CUST-15865,2025-06-22,standard,33.05,6,1,7,,active,0
CUST-15866,2025-06-21,basic,13.30,6,1,18,,active,0
CUST-15867,2025-06-21,basic,11.96,6,3,28,missing features,closed,1
CUST-15868,2025-06-20,standard,38.06,6,2,9,,active,0
CUST-15869,2025-06-21,standard,37.85,6,1,6,,active,0
CUST-15870,2025-06-19,basic,12.74,6,1,28,,active,0
CUST-15871,2025-06-22,standard,38.43,6,0,18,,active,0
CUST-15872,2025-06-21,premium,99.53,6,1,12,,active,0
CUST-15873,2025-06-19,basic,11.76,6,5,29,no longer needed,closed,1
CUST-15874,2025-06-23,standard,34.73,6,0,6,,active,0
CUST-15875,2025-06-21,standard,36.18,6,0,23,,active,0
CUST-15876,2025-06-22,standard,37.68,6,0,16,,active,0
CUST-15877,2025-06-23,premium,93.78,6,2,5,,active,0
CUST-15878,2025-06-23,basic,11.21,6,0,23,,active,0
CUST-15879,2025-06-21,basic,13.80,6,5,34,no longer needed,closed,1
CUST-15880,2025-06-22,basic,13.11,6,0,44,,active,0
CUST-15881,2025-06-21,basic,13.51,6,1,22,,active,0
CUST-15882,2025-06-20,standard,40.23,6,1,19,,active,0
CUST-15883,2025-06-23,standard,34.36,6,1,0,,active,0
CUST-15884,2025-06-21,basic,13.54,6,0,42,,active,0
CUST-15885,2025-06-21,basic,13.75,6,4,34,moved to competitor,closed,1
CUST-15886,2025-06-21,basic,11.20,6,2,23,,active,0
CUST-15887,2025-06-22,basic,12.21,6,2,39,,active,0
CUST-15888,2025-06-23,basic,11.21,6,1,40,,active,0
CUST-15889,2025-06-23,basic,10.95,6,2,28,price,closed,1
CUST-15890,2025-06-24,basic,12.98,6,3,27,price,closed,1
CUST-15891,2025-06-21,basic,12.04,6,1,14,,active,0
CUST-15892,2025-06-23,basic,11.02,6,3,23,moved to competitor,closed,1
CUST-15893,2025-06-22,standard,33.84,6,1,1,,active,0
CUST-15894,2025-06-24,standard,38.82,6,0,17,,active,0
CUST-15895,2025-06-24,basic,13.37,6,1,15,,active,0
CUST-15896,2025-06-24,basic,11.55,6,1,27,,active,0
CUST-15897,2025-06-25,basic,11.69,6,2,19,,active,0
CUST-15898,2025-06-23,premium,88.07,6,0,18,,active,0
CUST-15899,2025-06-24,standard,34.95,6,1,8,,active,0
CUST-15900,2025-06-23,premium,92.27,6,4,1,,active,0
CUST-15901,2025-06-25,basic,12.87,6,2,15,poor support,closed,1
CUST-15902,2025-06-24,basic,12.90,6,2,30,poor support,closed,1
CUST-15903,2025-06-22,basic,12.44,6,6,18,no longer needed,closed,1
CUST-15904,2025-06-24,standard,40.10,6,0,29,,active,0
CUST-15905,2025-06-25,basic,12.76,6,1,19,,active,0
CUST-15906,2025-06-25,standard,32.54,6,0,0,,active,0
CUST-15907,2025-06-23,basic,11.64,6,5,16,price,closed,1
CUST-15908,2025-06-26,basic,11.16,6,3,27,no longer needed,closed,1
CUST-15909,2025-06-26,standard,35.02,6,0,24,,active,0
CUST-15910,2025-06-24,basic,12.53,6,3,26,missing features,closed,1
CUST-15911,2025-06-24,standard,36.25,6,2,0,missing features,closed,1
CUST-15912,2025-06-23,basic,11.07,6,0,33,,active,0
CUST-15913,2025-06-23,standard,37.29,6,0,12,,active,0
CUST-15914,2025-06-26,basic,12.06,6,0,41,,active,0
CUST-15915,2025-06-23,standard,37.09,6,1,28,missing features,closed,1
CUST-15916,2025-06-23,basic,12.17,6,6,35,missing features,closed,1
CUST-15917,2025-06-24,standard,39.57,6,1,15,,active,0
CUST-15918,2025-06-27,basic,12.60,6,2,43,,active,0
CUST-15919,2025-06-25,basic,13.45,6,4,29,moved to competitor,closed,1
CUST-15920,2025-06-27,standard,39.17,6,0,25,,active,0
CUST-15921,2025-06-24,premium,82.37,6,1,18,,active,0
CUST-15922,2025-06-26,standard,36.14,6,0,14,,active,0
CUST-15923,2025-06-25,standard,38.31,6,2,9,no longer needed,closed,1
CUST-15924,2025-06-24,basic,13.11,6,4,25,moved to competitor,closed,1
CUST-15925,2025-06-25,standard,33.90,6,1,9,price,closed,1
CUST-15926,2025-06-27,standard,32.54,6,1,14,,active,0
CUST-15927,2025-06-24,basic,11.11,6,2,22,,active,0
CUST-15928,2025-06-25,standard,33.28,6,0,13,,active,0
CUST-15929,2025-06-28,basic,11.99,6,4,34,no longer needed,closed,1
CUST-15930,2025-06-27,premium,92.65,6,0,6,,active,0
CUST-15931,2025-06-26,premium,98.15,6,0,7,,active,0
CUST-15932,2025-06-25,basic,13.05,6,1,19,,active,0
CUST-15933,2025-06-25,standard,36.31,6,1,7,,active,0
CUST-15934,2025-06-25,basic,13.53,6,1,22,,active,0
CUST-15935,2025-06-28,standard,37.52,6,2,7,,active,0
CUST-15936,2025-06-26,basic,12.21,6,1,24,,active,0
CUST-15937,2025-06-26,basic,11.04,6,4,18,price,closed,1
CUST-15938,2025-06-25,standard,34.68,6,1,7,,active,0
CUST-15939,2025-06-28,basic,12.15,6,1,8,,active,0
CUST-15940,2025-06-26,standard,38.13,6,3,0,,active,0
CUST-15941,2025-06-26,standard,32.67,6,0,5,,active,0
CUST-15942,2025-06-26,basic,13.67,6,1,23,missing features,closed,1
CUST-15943,2025-06-26,basic,12.42,6,1,26,missing features,closed,1
CUST-15944,2025-06-26,standard,32.43,6,2,9,,active,0
CUST-15945,2025-06-26,premium,81.95,6,1,5,,active,0
CUST-15946,2025-06-28,basic,10.95,6,0,23,,active,0
CUST-15947,2025-06-27,premium,82.62,6,2,0,,active,0
CUST-15948,2025-06-28,premium,84.46,6,0,11,,active,0
CUST-15949,2025-06-29,basic,12.54,6,3,27,price,closed,1
CUST-15950,2025-06-27,basic,11.32,6,4,29,missing features,closed,1
CUST-15951,2025-06-27,standard,36.58,6,0,15,,active,0
CUST-15952,2025-06-28,standard,39.95,6,1,22,,active,0
CUST-15953,2025-06-30,premium,86.18,6,0,5,,active,0
CUST-15954,2025-06-27,premium,82.96,6,2,23,no longer needed,closed,1
CUST-15955,2025-06-27,basic,10.99,6,0,23,,active,0
CUST-15956,2025-06-28,standard,37.38,6,2,25,,active,0
CUST-15957,2025-06-30,basic,13.25,6,3,29,price,closed,1
CUST-15958,2025-06-29,standard,36.33,6,2,8,poor support,closed,1
CUST-15959,2025-06-28,standard,39.24,6,1,14,,active,0
CUST-15960,2025-06-30,standard,38.03,6,1,25,,active,0
CUST-15961,2025-06-29,premium,102.33,6,2,8,,active,0
CUST-15962,2025-07-01,basic,11.39,6,2,28,moved to competitor,closed,1
CUST-15963,2025-07-01,basic,11.04,6,2,26,,active,0
CUST-15964,2025-07-01,basic,11.56,6,2,31,,active,0
CUST-15965,2025-06-30,basic,12.01,6,1,23,,active,0
CUST-15966,2025-06-29,premium,94.26,6,1,14,,active,0
CUST-15967,2025-06-29,standard,34.25,6,0,5,,active,0
CUST-15968,2025-06-30,standard,36.96,6,0,7,,active,0
CUST-15969,2025-06-28,standard,33.14,6,5,29,poor support,closed,1
CUST-15970,2025-06-28,standard,38.14,6,0,15,,active,0
CUST-15971,2025-06-30,basic,13.73,6,1,18,,active,0
CUST-15972,2025-06-30,basic,13.56,6,2,23,missing features,closed,1
CUST-15973,2025-07-02,basic,10.87,6,4,37,no longer needed,closed,1
CUST-15974,2025-07-02,basic,13.18,6,6,31,no longer needed,closed,1
CUST-15975,2025-07-02,standard,38.36,6,0,0,,active,0
CUST-15976,2025-06-30,standard,39.39,6,3,23,price,closed,1
CUST-15977,2025-07-02,standard,31.60,6,2,9,,active,0
CUST-15978,2025-07-02,basic,11.72,6,1,8,,active,0
CUST-15979,2025-07-02,basic,13.17,6,0,19,,active,0
CUST-15980,2025-06-29,standard,36.21,6,2,13,,active,0
CUST-15981,2025-07-02,premium,90.86,6,1,13,,active,0
CUST-15982,2025-06-29,standard,39.28,6,0,27,,active,0
CUST-15983,2025-07-02,basic,11.02,6,0,12,,active,0
CUST-15984,2025-07-01,basic,12.51,6,2,29,,active,0
CUST-15985,2025-07-01,premium,99.02,6,2,22,missing features,closed,1
CUST-15986,2025-07-01,basic,11.93,6,3,27,no longer needed,closed,1
CUST-15987,2025-07-02,standard,35.28,6,1,16,,active,0
CUST-15988,2025-07-02,standard,39.18,6,0,22,,active,0
CUST-15989,2025-07-02,basic,13.59,6,2,14,,active,0
CUST-15990,2025-07-01,basic,12.83,6,1,32,missing features,closed,1
CUST-15991,2025-06-30,basic,11.69,6,2,18,no longer needed,closed,1
CUST-15992,2025-07-03,premium,81.33,6,1,22,,active,0
CUST-15993,2025-07-02,standard,33.79,6,0,20,,active,0
CUST-15994,2025-07-01,premium,87.45,6,5,16,poor support,closed,1
CUST-15995,2025-07-02,standard,32.75,6,1,28,,active,0
CUST-15996,2025-07-02,standard,31.85,6,0,17,,active,0
CUST-15997,2025-07-03,premium,95.69,6,2,17,,active,0
CUST-15998,2025-07-01,standard,35.72,6,1,7,,active,0
CUST-15999,2025-07-01,basic,11.97,6,1,22,,active,0
CUST-16000,2025-07-03,basic,13.60,6,0,17,,active,0
CUST-16001,2025-07-04,premium,91.85,6,5,18,price,closed,1
CUST-16002,2025-07-01,premium,98.95,6,1,25,,active,0
CUST-16003,2025-07-03,standard,36.94,6,6,0,poor support,closed,1
CUST-16004,2025-07-03,standard,36.48,6,1,29,,active,0
CUST-16005,2025-07-03,basic,11.96,6,0,23,,active,0
CUST-16006,2025-07-05,basic,11.47,6,4,26,moved to competitor,closed,1
CUST-16007,2025-07-04,standard,32.73,6,3,15,poor support,closed,1
CUST-16008,2025-07-04,standard,38.04,6,0,3,,active,0
CUST-16009,2025-07-02,basic,10.91,6,3,37,poor support,closed,1
CUST-16010,2025-07-03,premium,80.40,6,3,5,missing features,closed,1
CUST-16011,2025-07-04,basic,12.95,6,1,30,missing features,closed,1
CUST-16012,2025-07-05,basic,12.25,6,1,36,,active,0
CUST-16013,2025-07-04,premium,96.85,6,2,26,moved to competitor,closed,1
CUST-16014,2025-07-03,basic,13.43,6,3,18,missing features,closed,1
CUST-16015,2025-07-05,standard,34.47,6,5,20,poor support,closed,1
CUST-16016,2025-07-05,standard,33.90,6,4,24,no longer needed,closed,1
CUST-16017,2025-07-04,premium,99.57,6,2,9,,active,0
CUST-16018,2025-07-05,basic,12.11,6,6,35,missing features,closed,1
CUST-16019,2025-07-06,basic,11.83,5,3,23,poor support,closed,1
CUST-16020,2025-07-04,premium,93.63,6,2,17,no longer needed,closed,1
CUST-16021,2025-07-05,basic,11.53,6,1,21,,active,0
CUST-16022,2025-07-06,basic,11.17,5,6,19,no longer needed,closed,1
CUST-16023,2025-07-04,basic,11.86,6,2,19,,active,0
CUST-16024,2025-07-04,premium,91.91,6,0,5,,active,0
CUST-16025,2025-07-03,basic,10.96,6,2,36,moved to competitor,closed,1
CUST-16026,2025-07-04,basic,10.83,6,0,18,,active,0
CUST-16027,2025-07-05,basic,10.83,6,2,16,,active,0
CUST-16028,2025-07-07,basic,12.91,5,2,27,price,closed,1
CUST-16029,2025-07-07,standard,32.13,5,2,10,,active,0
CUST-16030,2025-07-07,standard,32.71,5,3,2,,active,0
CUST-16031,2025-07-05,standard,38.22,6,0,16,,active,0
CUST-16032,2025-07-06,basic,11.35,5,4,13,poor support,closed,1
CUST-16033,2025-07-06,premium,90.61,5,2,22,,active,0
CUST-16034,2025-07-05,standard,34.16,6,1,9,,active,0
CUST-16035,2025-07-07,basic,11.58,5,5,30,no longer needed,closed,1
CUST-16036,2025-07-06,standard,34.03,5,1,19,,active,0
CUST-16037,2025-07-07,basic,11.29,5,0,26,,active,0
CUST-16038,2025-07-04,standard,38.95,6,1,0,,active,0
CUST-16039,2025-07-06,basic,12.83,5,2,21,price,closed,1
CUST-16040,2025-07-06,premium,99.38,5,0,19,,active,0
CUST-16041,2025-07-06,standard,36.79,5,2,25,,active,0
CUST-16042,2025-07-08,basic,13.07,5,0,32,,active,0
CUST-16043,2025-07-08,basic,13.17,5,1,26,,active,0
CUST-16044,2025-07-06,basic,11.76,5,0,25,,active,0
CUST-16045,2025-07-05,premium,87.46,6,1,12,,active,0
CUST-16046,2025-07-05,standard,32.52,6,4,22,no longer needed,closed,1
CUST-16047,2025-07-05,standard,32.45,6,0,15,,active,0
CUST-16048,2025-07-06,premium,81.43,5,1,10,,active,0
CUST-16049,2025-07-07,premium,95.08,5,0,16,,active,0
CUST-16050,2025-07-07,basic,11.62,5,0,32,,active,0
CUST-16051,2025-07-09,premium,80.11,5,4,4,poor support,closed,1
CUST-16052,2025-07-06,standard,37.04,5,3,27,poor support,closed,1
CUST-16053,2025-07-09,basic,12.10,5,2,17,,active,0
CUST-16054,2025-07-07,basic,13.20,5,0,22,,active,0
CUST-16055,2025-07-07,basic,12.73,5,3,26,missing features,closed,1
CUST-16056,2025-07-09,standard,32.83,5,3,17,poor support,closed,1
CUST-16057,2025-07-06,premium,81.29,5,1,13,,active,0
CUST-16058,2025-07-09,standard,37.85,5,1,6,,active,0
CUST-16059,2025-07-09,basic,11.92,5,3,21,no longer needed,closed,1
CUST-16060,2025-07-08,basic,13.31,5,3,46,price,closed,1
CUST-16061,2025-07-09,basic,11.92,5,4,25,poor support,closed,1
CUST-16062,2025-07-07,standard,38.67,5,0,4,,active,0
CUST-16063,2025-07-09,premium,84.62,5,1,19,price,closed,1
CUST-16064,2025-07-10,standard,33.81,5,0,20,,active,0
CUST-16065,2025-07-10,standard,34.85,5,5,16,poor support,closed,1
CUST-16066,2025-07-10,standard,35.02,5,1,1,,active,0
CUST-16067,2025-07-07,standard,35.59,5,0,11,,active,0
CUST-16068,2025-07-07,basic,11.99,5,0,22,,active,0
CUST-16069,2025-07-10,basic,12.96,5,1,46,,active,0
CUST-16070,2025-07-09,standard,36.11,5,1,24,,active,0
CUST-16071,2025-07-07,standard,33.67,5,0,20,,active,0
CUST-16072,2025-07-08,standard,36.95,5,0,27,,active,0
CUST-16073,2025-07-10,standard,38.34,5,0,16,,active,0
CUST-16074,2025-07-08,premium,88.83,5,0,8,,active,0
CUST-16075,2025-07-11,premium,82.04,5,5,18,no longer needed,closed,1
CUST-16076,2025-07-11,basic,13.07,5,3,34,moved to competitor,closed,1
CUST-16077,2025-07-11,basic,13.02,5,1,29,,active,0
CUST-16078,2025-07-10,basic,13.73,5,3,29,poor support,closed,1
CUST-16079,2025-07-08,basic,12.28,5,1,28,,active,0
CUST-16080,2025-07-11,basic,12.63,5,3,46,no longer needed,closed,1
CUST-16081,2025-07-11,standard,32.41,5,4,4,no longer needed,closed,1
CUST-16082,2025-07-10,standard,32.34,5,2,27,,active,0
CUST-16083,2025-07-12,standard,34.41,5,1,26,poor support,closed,1
CUST-16084,2025-07-09,standard,39.84,5,5,21,poor support,closed,1
CUST-16085,2025-07-11,basic,11.56,5,0,47,,active,0
CUST-16086,2025-07-12,basic,12.47,5,1,54,,active,0
CUST-16087,2025-07-10,standard,32.99,5,2,11,,active,0
CUST-16088,2025-07-12,standard,36.47,5,1,22,,active,0
CUST-16089,2025-07-12,basic,13.18,5,2,24,moved to competitor,closed,1
CUST-16090,2025-07-11,premium,82.48,5,0,9,,active,0
CUST-16091,2025-07-10,basic,11.42,5,3,29,missing features,closed,1
CUST-16092,2025-07-12,basic,13.20,5,1,36,poor support,closed,1
CUST-16093,2025-07-12,standard,37.15,5,0,12,,active,0
CUST-16094,2025-07-12,basic,10.99,5,4,35,poor support,closed,1
CUST-16095,2025-07-12,standard,32.62,5,0,21,,active,0
CUST-16096,2025-07-12,basic,10.86,5,3,22,moved to competitor,closed,1
CUST-16097,2025-07-12,basic,13.23,5,4,3,missing features,closed,1
CUST-16098,2025-07-12,standard,33.99,5,1,18,,active,0
CUST-16099,2025-07-12,basic,13.63,5,4,19,moved to competitor,closed,1
CUST-16100,2025-07-12,basic,12.73,5,2,27,no longer needed,closed,1
CUST-16101,2025-07-12,basic,11.25,5,4,25,moved to competitor,closed,1
CUST-16102,2025-07-13,premium,82.28,5,1,9,,active,0
CUST-16103,2025-07-11,basic,11.82,5,0,21,,active,0
CUST-16104,2025-07-10,basic,13.13,5,0,17,,active,0
CUST-16105,2025-07-11,basic,10.83,5,1,32,,active,0
CUST-16106,2025-07-11,basic,12.89,5,0,37,,active,0
CUST-16107,2025-07-12,standard,37.45,5,1,11,,active,0
CUST-16108,2025-07-14,basic,11.40,5,2,23,no longer needed,closed,1
CUST-16109,2025-07-14,standard,33.08,5,2,21,moved to competitor,closed,1
CUST-16110,2025-07-13,premium,99.01,5,1,0,,active,0
CUST-16111,2025-07-14,standard,38.11,5,1,0,,active,0
CUST-16112,2025-07-13,basic,12.92,5,3,18,missing features,closed,1
CUST-16113,2025-07-12,basic,11.71,5,2,19,,active,0
CUST-16114,2025-07-14,premium,92.41,5,1,25,,active,0
CUST-16115,2025-07-12,standard,34.68,5,2,17,,active,0
CUST-16116,2025-07-13,standard,33.03,5,2,11,,active,0
CUST-16117,2025-07-14,basic,12.51,5,2,29,price,closed,1
CUST-16118,2025-07-13,standard,38.74,5,0,15,,active,0
CUST-16119,2025-07-13,basic,12.78,5,5,45,poor support,closed,1
CUST-16120,2025-07-14,standard,33.39,5,1,14,,active,0
CUST-16121,2025-07-14,standard,32.36,5,3,18,moved to competitor,closed,1
CUST-16122,2025-07-15,premium,98.68,5,1,19,,active,0
CUST-16123,2025-07-13,basic,13.30,5,2,30,moved to competitor,closed,1
CUST-16124,2025-07-14,premium,83.18,5,1,8,,active,0
CUST-16125,2025-07-12,standard,32.75,5,1,9,,active,0
CUST-16126,2025-07-12,basic,11.40,5,1,20,missing features,closed,1
CUST-16127,2025-07-15,basic,13.50,5,1,16,price,closed,1
CUST-16128,2025-07-16,standard,34.29,5,6,0,no longer needed,closed,1
CUST-16129,2025-07-15,basic,12.61,5,4,27,price,closed,1
CUST-16130,2025-07-16,premium,94.35,5,1,29,,active,0
CUST-16131,2025-07-13,premium,96.97,5,0,8,,active,0
CUST-16132,2025-07-14,standard,39.51,5,3,24,,active,0
CUST-16133,2025-07-16,premium,82.96,5,2,12,,active,0
CUST-16134,2025-07-16,basic,11.22,5,0,13,,active,0
CUST-16135,2025-07-13,basic,11.31,5,3,46,price,closed,1
CUST-16136,2025-07-13,basic,12.89,5,2,21,missing features,closed,1
CUST-16137,2025-07-16,standard,33.38,5,2,10,,active,0
CUST-16138,2025-07-16,basic,12.36,5,1,29,,active,0
CUST-16139,2025-07-17,standard,35.38,5,1,14,,active,0
CUST-16140,2025-07-15,premium,96.62,5,0,16,,active,0
CUST-16141,2025-07-16,standard,35.96,5,1,0,,active,0
CUST-16142,2025-07-17,standard,38.43,5,2,0,,active,0
CUST-16143,2025-07-15,standard,32.10,5,4,32,no longer needed,closed,1
CUST-16144,2025-07-16,basic,11.85,5,1,22,missing features,closed,1
CUST-16145,2025-07-14,basic,10.94,5,1,17,,active,0
CUST-16146,2025-07-16,standard,32.13,5,0,23,,active,0
CUST-16147,2025-07-17,premium,88.43,5,1,22,price,closed,1
CUST-16148,2025-07-18,basic,12.32,5,4,13,missing features,closed,1
CUST-16149,2025-07-16,standard,39.23,5,1,16,,active,0
CUST-16150,2025-07-16,standard,35.17,5,0,19,,active,0
CUST-16151,2025-07-15,standard,32.28,5,3,48,moved to competitor,closed,1
CUST-16152,2025-07-16,standard,32.23,5,2,15,,active,0
CUST-16153,2025-07-18,basic,12.76,5,2,34,moved to competitor,closed,1
CUST-16154,2025-07-18,basic,11.40,5,0,23,,active,0
CUST-16155,2025-07-16,basic,11.19,5,0,22,,active,0
CUST-16156,2025-07-18,standard,33.07,5,0,14,,active,0
CUST-16157,2025-07-17,standard,32.51,5,3,12,poor support,closed,1
CUST-16158,2025-07-15,standard,38.40,5,1,8,,active,0
CUST-16159,2025-07-19,standard,39.18,5,0,14,,active,0
CUST-16160,2025-07-18,standard,38.50,5,1,23,,active,0
CUST-16161,2025-07-18,premium,84.60,5,3,0,no longer needed,closed,1
CUST-16162,2025-07-16,premium,97.80,5,1,14,,active,0
CUST-16163,2025-07-17,standard,34.50,5,3,20,poor support,closed,1
CUST-16164,2025-07-17,standard,39.88,5,1,21,,active,0
CUST-16165,2025-07-19,standard,37.42,5,0,2,,active,0
CUST-16166,2025-07-17,standard,36.47,5,0,4,,active,0
CUST-16167,2025-07-19,premium,100.53,5,1,4,,active,0
CUST-16168,2025-07-19,standard,39.12,5,1,11,,active,0
CUST-16169,2025-07-18,basic,13.19,5,4,27,no longer needed,closed,1
CUST-16170,2025-07-17,basic,13.74,5,4,29,price,closed,1
CUST-16171,2025-07-19,basic,10.90,5,5,20,missing features,closed,1
CUST-16172,2025-07-19,standard,38.68,5,4,4,no longer needed,closed,1
CUST-16173,2025-07-18,standard,36.35,5,1,9,,active,0
CUST-16174,2025-07-17,basic,13.72,5,1,39,,active,0
CUST-16175,2025-07-18,basic,13.04,5,1,33,,active,0
CUST-16176,2025-07-17,basic,12.80,5,1,22,,active,0
CUST-16177,2025-07-17,standard,31.76,5,0,21,,active,0
CUST-16178,2025-07-18,basic,12.99,5,7,19,price,closed,1
CUST-16179,2025-07-17,standard,35.90,5,3,20,,active,0
CUST-16180,2025-07-18,premium,98.52,5,1,0,,active,0
CUST-16181,2025-07-18,basic,13.77,5,5,42,price,closed,1
CUST-16182,2025-07-21,standard,38.20,5,4,7,moved to competitor,closed,1
CUST-16183,2025-07-21,standard,38.31,5,1,25,,active,0
CUST-16184,2025-07-21,premium,100.81,5,4,19,no longer needed,closed,1
CUST-16185,2025-07-20,standard,39.36,5,5,27,no longer needed,closed,1
CUST-16186,2025-07-21,basic,13.24,5,2,22,,active,0
CUST-16187,2025-07-20,standard,32.67,5,0,29,,active,0
CUST-16188,2025-07-18,standard,39.68,5,3,5,moved to competitor,closed,1
CUST-16189,2025-07-18,standard,35.11,5,2,27,,active,0
CUST-16190,2025-07-19,standard,36.80,5,4,21,no longer needed,closed,1
CUST-16191,2025-07-18,standard,34.96,5,2,10,price,closed,1
CUST-16192,2025-07-19,basic,10.96,5,0,38,,active,0
CUST-16193,2025-07-19,premium,95.13,5,1,20,,active,0
CUST-16194,2025-07-22,premium,83.92,5,0,15,,active,0
CUST-16195,2025-07-22,premium,93.51,5,1,10,,active,0
CUST-16196,2025-07-22,premium,87.96,5,0,8,,active,0
CUST-16197,2025-07-22,basic,12.47,5,0,38,,active,0
CUST-16198,2025-07-20,basic,11.75,5,1,36,,active,0
CUST-16199,2025-07-20,basic,12.55,5,1,22,,active,0
CUST-16200,2025-07-21,standard,34.77,5,2,11,,active,0
CUST-16201,2025-07-21,premium,83.19,5,1,15,,active,0
CUST-16202,2025-07-20,standard,39.62,5,4,1,no longer needed,closed,1
CUST-16203,2025-07-21,premium,84.70,5,1,13,,active,0
CUST-16204,2025-07-20,basic,13.39,5,1,16,,active,0
CUST-16205,2025-07-23,basic,11.54,5,4,21,price,closed,1
CUST-16206,2025-07-23,basic,12.60,5,5,13,moved to competitor,closed,1
CUST-16207,2025-07-21,premium,81.72,5,1,14,,active,0
CUST-16208,2025-07-20,basic,11.93,5,5,9,no longer needed,closed,1
CUST-16209,2025-07-23,premium,81.07,5,1,13,,active,0
CUST-16210,2025-07-23,standard,32.83,5,0,26,,active,0
CUST-16211,2025-07-23,standard,33.25,5,1,19,,active,0
CUST-16212,2025-07-20,basic,12.79,5,4,8,no longer needed,closed,1
CUST-16213,2025-07-20,basic,10.84,5,2,20,price,closed,1
CUST-16214,2025-07-23,standard,34.30,5,1,5,missing features,closed,1
CUST-16215,2025-07-21,basic,13.35,5,3,32,missing features,closed,1
CUST-16216,2025-07-24,basic,13.19,5,2,30,,active,0
CUST-16217,2025-07-24,basic,11.44,5,2,26,poor support,closed,1
CUST-16218,2025-07-22,basic,12.66,5,1,15,,active,0
CUST-16219,2025-07-24,basic,11.61,5,2,25,price,closed,1
CUST-16220,2025-07-24,standard,38.75,5,0,13,,active,0
CUST-16221,2025-07-23,basic,12.48,5,0,28,,active,0
CUST-16222,2025-07-23,basic,10.82,5,1,15,,active,0
CUST-16223,2025-07-24,basic,11.43,5,2,27,poor support,closed,1
CUST-16224,2025-07-21,basic,12.93,5,2,27,no longer needed,closed,1
CUST-16225,2025-07-23,basic,13.21,5,1,21,,active,0
CUST-16226,2025-07-25,basic,13.77,5,5,32,moved to competitor,closed,1
CUST-16227,2025-07-25,basic,13.45,5,1,20,,active,0
CUST-16228,2025-07-25,basic,11.65,5,5,16,moved to competitor,closed,1
CUST-16229,2025-07-25,basic,12.95,5,3,21,price,closed,1
CUST-16230,2025-07-25,standard,35.25,5,1,14,,active,0
CUST-16231,2025-07-23,standard,35.12,5,6,10,no longer needed,closed,1
CUST-16232,2025-07-24,basic,13.41,5,4,12,no longer needed,closed,1
CUST-16233,2025-07-25,basic,11.67,5,4,21,moved to competitor,closed,1
CUST-16234,2025-07-23,basic,11.21,5,2,34,poor support,closed,1
CUST-16235,2025-07-24,standard,34.28,5,1,24,missing features,closed,1
CUST-16236,2025-07-25,basic,12.97,5,0,34,,active,0
CUST-16237,2025-07-26,standard,31.67,5,1,7,,active,0
CUST-16238,2025-07-24,standard,35.65,5,0,11,,active,0
CUST-16239,2025-07-24,standard,33.66,5,1,1,,active,0
CUST-16240,2025-07-23,standard,36.87,5,2,2,,active,0
CUST-16241,2025-07-23,basic,11.90,5,0,6,,active,0
CUST-16242,2025-07-25,standard,39.00,5,5,25,moved to competitor,closed,1
CUST-16243,2025-07-26,standard,33.04,5,0,7,,active,0
CUST-16244,2025-07-24,premium,86.60,5,2,26,,active,0
CUST-16245,2025-07-25,basic,13.72,5,0,20,,active,0
CUST-16246,2025-07-25,basic,12.89,5,6,30,price,closed,1
CUST-16247,2025-07-24,basic,12.79,5,2,19,,active,0
CUST-16248,2025-07-24,basic,12.06,5,3,27,poor support,closed,1
CUST-16249,2025-07-26,standard,35.55,5,1,21,,active,0
CUST-16250,2025-07-26,basic,13.48,5,4,24,moved to competitor,closed,1
CUST-16251,2025-07-25,basic,12.52,5,0,25,,active,0
CUST-16252,2025-07-26,premium,97.97,5,0,20,,active,0
CUST-16253,2025-07-24,standard,35.76,5,4,19,poor support,closed,1
CUST-16254,2025-07-27,standard,35.39,5,0,4,,active,0
CUST-16255,2025-07-25,premium,84.57,5,2,15,missing features,closed,1
CUST-16256,2025-07-24,basic,12.32,5,5,18,moved to competitor,closed,1
CUST-16257,2025-07-26,basic,11.96,5,2,0,,active,0
CUST-16258,2025-07-27,premium,101.15,5,1,0,,active,0
CUST-16259,2025-07-25,basic,12.76,5,4,41,missing features,closed,1
CUST-16260,2025-07-27,premium,96.31,5,5,13,moved to competitor,closed,1
CUST-16261,2025-07-27,basic,11.54,5,6,23,price,closed,1
CUST-16262,2025-07-28,basic,11.09,5,3,29,missing features,closed,1
CUST-16263,2025-07-26,premium,96.71,5,0,33,,active,0
CUST-16264,2025-07-26,basic,13.46,5,4,28,poor support,closed,1
CUST-16265,2025-07-28,basic,11.70,5,2,3,,active,0
CUST-16266,2025-07-26,standard,34.63,5,0,23,,active,0
CUST-16267,2025-07-26,basic,11.20,5,4,32,poor support,closed,1
CUST-16268,2025-07-25,premium,93.10,5,1,9,,active,0
CUST-16269,2025-07-29,basic,12.00,5,4,33,missing features,closed,1
CUST-16270,2025-07-26,basic,11.98,5,2,29,moved to competitor,closed,1
CUST-16271,2025-07-27,standard,33.11,5,3,7,no longer needed,closed,1
CUST-16272,2025-07-29,standard,33.60,5,5,4,no longer needed,closed,1
CUST-16273,2025-07-28,standard,35.48,5,0,5,,active,0
CUST-16274,2025-07-29,standard,37.52,5,2,21,,active,0
CUST-16275,2025-07-27,standard,31.76,5,3,16,missing features,closed,1
CUST-16276,2025-07-26,standard,38.15,5,3,18,price,closed,1
CUST-16277,2025-07-28,basic,11.14,5,1,37,,active,0
CUST-16278,2025-07-29,basic,13.57,5,1,32,,active,0
CUST-16279,2025-07-26,basic,11.28,5,3,19,no longer needed,closed,1
CUST-16280,2025-07-30,basic,11.72,5,2,33,,active,0
CUST-16281,2025-07-30,basic,11.29,5,2,19,price,closed,1
CUST-16282,2025-07-29,basic,13.59,5,4,24,missing features,closed,1
CUST-16283,2025-07-30,premium,89.32,5,1,18,,active,0
CUST-16284,2025-07-30,basic,12.08,5,1,15,,active,0
CUST-16285,2025-07-30,standard,37.02,5,4,42,moved to competitor,closed,1
CUST-16286,2025-07-27,basic,13.67,5,0,16,,active,0
CUST-16287,2025-07-28,premium,99.49,5,1,6,,active,0
CUST-16288,2025-07-29,basic,12.30,5,2,26,poor support,closed,1
CUST-16289,2025-07-29,basic,13.60,5,0,31,,active,0
CUST-16290,2025-07-27,premium,94.64,5,0,14,,active,0
CUST-16291,2025-07-28,basic,13.67,5,4,8,no longer needed,closed,1
CUST-16292,2025-07-29,standard,33.56,5,3,9,no longer needed,closed,1
CUST-16293,2025-07-28,standard,32.10,5,0,25,,active,0
CUST-16294,2025-07-30,basic,11.72,5,2,26,no longer needed,closed,1
CUST-16295,2025-07-31,standard,32.68,5,0,2,,active,0
CUST-16296,2025-07-30,standard,32.66,5,0,14,,active,0
CUST-16297,2025-07-29,standard,36.63,5,2,2,price,closed,1
CUST-16298,2025-07-28,premium,80.89,5,2,10,,active,0
CUST-16299,2025-07-29,premium,91.16,5,2,6,missing features,closed,1
CUST-16300,2025-07-29,basic,11.55,5,1,38,,active,0
CUST-16301,2025-07-31,basic,11.71,5,5,36,poor support,closed,1
CUST-16302,2025-07-29,basic,12.88,5,4,13,price,closed,1
CUST-16303,2025-08-01,basic,11.20,5,0,24,,active,0
CUST-16304,2025-07-31,basic,13.19,5,0,26,,active,0
CUST-16305,2025-08-01,basic,11.88,5,1,24,,active,0
CUST-16306,2025-07-31,basic,10.97,5,1,15,,active,0
CUST-16307,2025-07-29,basic,12.47,5,1,42,moved to competitor,closed,1
CUST-16308,2025-07-29,premium,82.97,5,0,4,,active,0
CUST-16309,2025-07-31,basic,11.85,5,0,37,,active,0
CUST-16310,2025-07-31,basic,13.25,5,3,40,price,closed,1
CUST-16311,2025-07-29,standard,34.55,5,0,6,,active,0
CUST-16312,2025-07-31,premium,88.16,5,2,21,,active,0
CUST-16313,2025-08-02,basic,13.30,5,4,30,poor support,closed,1
CUST-16314,2025-08-01,standard,35.43,5,1,0,,active,0
CUST-16315,2025-08-01,basic,13.71,5,0,29,,active,0
CUST-16316,2025-08-02,basic,13.43,5,4,32,price,closed,1
CUST-16317,2025-08-02,premium,94.33,5,1,13,,active,0
CUST-16318,2025-08-02,basic,12.17,5,4,27,no longer needed,closed,1
CUST-16319,2025-07-30,basic,13.07,5,4,35,price,closed,1
CUST-16320,2025-07-31,standard,34.28,5,2,22,,active,0
CUST-16321,2025-08-01,standard,39.55,5,5,34,price,closed,1
CUST-16322,2025-08-01,basic,12.24,5,2,29,,active,0
CUST-16323,2025-08-01,standard,36.16,5,1,5,,active,0
CUST-16324,2025-08-01,basic,11.97,5,2,22,missing features,closed,1
CUST-16325,2025-08-01,standard,37.28,5,2,29,,active,0
CUST-16326,2025-08-01,basic,12.01,5,1,20,,active,0
CUST-16327,2025-08-02,basic,12.74,5,0,34,,active,0
CUST-16328,2025-08-03,standard,32.87,5,2,0,missing features,closed,1
CUST-16329,2025-08-01,basic,10.92,5,3,18,,active,0
CUST-16330,2025-08-02,standard,39.20,5,3,42,price,closed,1
CUST-16331,2025-08-01,standard,34.81,5,5,12,price,closed,1
CUST-16332,2025-08-01,standard,39.87,5,2,21,,active,0
CUST-16333,2025-07-31,standard,39.40,5,1,13,,active,0
CUST-16334,2025-08-03,basic,12.29,5,2,27,,active,0
CUST-16335,2025-08-04,standard,38.17,5,0,6,,active,0
CUST-16336,2025-08-04,basic,12.76,5,0,32,,active,0
CUST-16337,2025-08-03,basic,13.28,5,1,15,,active,0
CUST-16338,2025-08-03,basic,11.92,5,3,27,no longer needed,closed,1
CUST-16339,2025-08-01,basic,13.29,5,5,30,missing features,closed,1
CUST-16340,2025-08-04,basic,11.62,5,1,45,moved to competitor,closed,1
CUST-16341,2025-08-04,standard,40.14,5,0,6,,active,0
CUST-16342,2025-08-04,basic,13.43,5,0,35,,active,0
CUST-16343,2025-08-03,basic,12.51,5,1,25,,active,0
CUST-16344,2025-08-04,basic,12.83,5,4,45,missing features,closed,1
CUST-16345,2025-08-04,basic,11.94,5,0,23,,active,0
CUST-16346,2025-08-02,basic,12.99,5,5,20,no longer needed,closed,1
CUST-16347,2025-08-04,standard,31.86,5,1,30,,active,0
CUST-16348,2025-08-04,basic,13.32,5,0,26,,active,0
CUST-16349,2025-08-04,premium,89.21,5,4,15,price,closed,1
CUST-16350,2025-08-04,premium,94.01,5,1,33,,active,0
CUST-16351,2025-08-02,basic,10.93,5,2,22,price,closed,1
CUST-16352,2025-08-02,premium,83.91,5,0,24,,active,0
CUST-16353,2025-08-02,basic,11.97,5,0,33,,active,0
CUST-16354,2025-08-04,standard,40.15,5,2,32,,active,0
CUST-16355,2025-08-04,basic,12.89,5,2,31,,active,0
CUST-16356,2025-08-02,premium,80.24,5,2,19,,active,0
CUST-16357,2025-08-06,basic,12.37,4,2,36,,active,0
CUST-16358,2025-08-06,basic,11.14,4,0,17,,active,0
CUST-16359,2025-08-03,standard,39.99,5,2,8,,active,0
CUST-16360,2025-08-03,premium,85.13,5,3,19,missing features,closed,1
CUST-16361,2025-08-05,standard,36.08,4,0,2,,active,0
CUST-16362,2025-08-05,standard,39.76,4,1,21,,active,0
CUST-16363,2025-08-06,basic,13.78,4,1,29,,active,0
CUST-16364,2025-08-04,basic,13.42,5,2,13,,active,0
CUST-16365,2025-08-05,standard,36.24,4,3,17,poor support,closed,1
CUST-16366,2025-08-03,standard,33.59,5,1,5,,active,0
CUST-16367,2025-08-06,basic,13.44,4,5,25,missing features,closed,1
CUST-16368,2025-08-05,basic,11.54,4,5,19,no longer needed,closed,1
CUST-16369,2025-08-07,basic,13.41,4,1,15,no longer needed,closed,1
CUST-16370,2025-08-06,standard,34.30,4,1,18,,active,0
CUST-16371,2025-08-04,basic,10.91,5,2,23,,active,0
CUST-16372,2025-08-04,basic,12.40,5,2,40,,active,0
CUST-16373,2025-08-05,standard,39.17,4,2,20,,active,0
CUST-16374,2025-08-07,basic,12.13,4,1,16,,active,0
CUST-16375,2025-08-05,premium,86.41,4,1,15,price,closed,1
CUST-16376,2025-08-04,basic,13.66,5,0,31,,active,0
CUST-16377,2025-08-07,basic,10.94,4,0,30,,active,0
CUST-16378,2025-08-05,standard,34.92,4,0,11,,active,0
CUST-16379,2025-08-08,basic,10.91,4,2,26,moved to competitor,closed,1
CUST-16380,2025-08-05,standard,38.57,4,4,12,missing features,closed,1
CUST-16381,2025-08-05,basic,13.66,4,3,32,missing features,closed,1
CUST-16382,2025-08-07,basic,11.07,4,5,26,price,closed,1
CUST-16383,2025-08-06,basic,13.46,4,1,24,,active,0
CUST-16384,2025-08-08,standard,33.04,4,2,0,no longer needed,closed,1
CUST-16385,2025-08-07,standard,37.26,4,2,21,,active,0
CUST-16386,2025-08-08,standard,38.90,4,2,10,,active,0
CUST-16387,2025-08-08,standard,31.67,4,3,21,poor support,closed,1
CUST-16388,2025-08-07,basic,13.03,4,2,17,,active,0
CUST-16389,2025-08-07,basic,11.18,4,2,20,,active,0
CUST-16390,2025-08-08,standard,31.80,4,0,30,,active,0
CUST-16391,2025-08-07,basic,12.32,4,2,27,moved to competitor,closed,1
CUST-16392,2025-08-09,standard,33.97,4,0,9,,active,0
CUST-16393,2025-08-08,basic,11.40,4,3,39,poor support,closed,1
CUST-16394,2025-08-08,basic,12.39,4,1,22,,active,0
CUST-16395,2025-08-06,premium,92.21,4,6,10,moved to competitor,closed,1
CUST-16396,2025-08-08,basic,13.62,4,2,30,moved to competitor,closed,1
CUST-16397,2025-08-08,standard,37.78,4,1,0,,active,0
CUST-16398,2025-08-08,standard,37.15,4,0,10,,active,0
CUST-16399,2025-08-09,standard,39.12,4,1,16,,active,0
CUST-16400,2025-08-08,basic,11.96,4,6,30,moved to competitor,closed,1
CUST-16401,2025-08-07,basic,13.10,4,2,34,,active,0
CUST-16402,2025-08-09,standard,35.07,4,3,3,price,closed,1
CUST-16403,2025-08-08,standard,38.83,4,6,17,missing features,closed,1
CUST-16404,2025-08-09,standard,40.22,4,3,23,poor support,closed,1
CUST-16405,2025-08-10,basic,11.69,4,3,29,moved to competitor,closed,1
CUST-16406,2025-08-09,basic,11.26,4,2,35,,active,0
CUST-16407,2025-08-08,standard,34.43,4,1,10,,active,0
CUST-16408,2025-08-07,basic,12.85,4,0,22,,active,0
CUST-16409,2025-08-07,standard,34.12,4,1,19,,active,0
CUST-16410,2025-08-09,basic,11.87,4,3,26,moved to competitor,closed,1
CUST-16411,2025-08-08,standard,39.27,4,2,25,,active,0
CUST-16412,2025-08-08,basic,12.64,4,1,43,moved to competitor,closed,1
CUST-16413,2025-08-08,premium,93.52,4,2,12,,active,0
CUST-16414,2025-08-08,basic,12.19,4,5,41,poor support,closed,1
CUST-16415,2025-08-10,premium,99.54,4,1,14,,active,0
CUST-16416,2025-08-10,premium,88.57,4,0,28,,active,0
CUST-16417,2025-08-11,standard,36.58,4,1,18,,active,0
CUST-16418,2025-08-08,standard,36.53,4,2,0,no longer needed,closed,1
CUST-16419,2025-08-08,basic,13.79,4,4,22,missing features,closed,1
CUST-16420,2025-08-10,basic,12.22,4,1,37,price,closed,1
CUST-16421,2025-08-08,standard,34.09,4,0,23,,active,0
CUST-16422,2025-08-11,basic,12.78,4,2,36,poor support,closed,1
CUST-16423,2025-08-12,basic,11.89,4,1,16,,active,0
CUST-16424,2025-08-11,basic,11.72,4,5,35,no longer needed,closed,1
CUST-16425,2025-08-09,basic,12.74,4,0,26,,active,0
CUST-16426,2025-08-09,standard,38.14,4,2,13,,active,0
CUST-16427,2025-08-10,basic,12.73,4,1,29,,active,0
CUST-16428,2025-08-11,basic,13.77,4,2,23,price,closed,1
CUST-16429,2025-08-12,standard,40.18,4,0,23,,active,0
CUST-16430,2025-08-11,premium,92.46,4,6,4,price,closed,1
CUST-16431,2025-08-10,premium,84.98,4,2,7,,active,0
CUST-16432,2025-08-10,standard,40.07,4,3,18,missing features,closed,1
CUST-16433,2025-08-13,premium,96.86,4,5,0,price,closed,1
CUST-16434,2025-08-10,basic,12.30,4,4,49,poor support,closed,1
CUST-16435,2025-08-13,standard,34.97,4,0,4,,active,0
CUST-16436,2025-08-10,standard,39.37,4,0,23,,active,0
CUST-16437,2025-08-13,basic,13.38,4,4,34,moved to competitor,closed,1
CUST-16438,2025-08-11,standard,34.27,4,0,14,,active,0
CUST-16439,2025-08-13,standard,34.71,4,1,6,,active,0
CUST-16440,2025-08-12,basic,11.13,4,2,0,price,closed,1
CUST-16441,2025-08-12,standard,34.98,4,1,4,,active,0
CUST-16442,2025-08-13,basic,11.22,4,1,36,,active,0
CUST-16443,2025-08-11,standard,38.44,4,3,15,no longer needed,closed,1
CUST-16444,2025-08-11,basic,11.28,4,1,35,,active,0
CUST-16445,2025-08-12,basic,11.58,4,5,26,poor support,closed,1
CUST-16446,2025-08-12,basic,12.50,4,6,26,missing features,closed,1
CUST-16447,2025-08-13,basic,13.08,4,2,33,poor support,closed,1
CUST-16448,2025-08-14,basic,12.11,4,2,20,,active,0
CUST-16449,2025-08-11,basic,11.12,4,0,15,,active,0
CUST-16450,2025-08-14,basic,11.19,4,3,22,,active,0
CUST-16451,2025-08-12,basic,11.81,4,0,37,,active,0
CUST-16452,2025-08-12,basic,11.15,4,1,18,,active,0
CUST-16453,2025-08-13,premium,98.41,4,0,23,,active,0
CUST-16454,2025-08-12,standard,36.67,4,0,7,,active,0
CUST-16455,2025-08-13,basic,11.97,4,0,27,,active,0
CUST-16456,2025-08-14,basic,12.47,4,0,21,,active,0
CUST-16457,2025-08-13,standard,38.26,4,1,8,,active,0
CUST-16458,2025-08-15,basic,11.08,4,2,14,,active,0
CUST-16459,2025-08-15,standard,35.41,4,3,26,missing features,closed,1
CUST-16460,2025-08-14,basic,10.85,4,0,23,,active,0
CUST-16461,2025-08-15,basic,13.40,4,4,15,price,closed,1
CUST-16462,2025-08-13,premium,82.14,4,0,20,,active,0
CUST-16463,2025-08-12,standard,32.36,4,0,8,,active,0
CUST-16464,2025-08-12,basic,12.90,4,3,25,price,closed,1
CUST-16465,2025-08-13,basic,12.60,4,2,9,,active,0
CUST-16466,2025-08-14,basic,12.88,4,1,19,,active,0
CUST-16467,2025-08-15,basic,11.34,4,0,14,,active,0
CUST-16468,2025-08-15,premium,81.71,4,1,13,poor support,closed,1
CUST-16469,2025-08-15,premium,93.23,4,2,5,,active,0
CUST-16470,2025-08-14,basic,13.75,4,2,16,price,closed,1
CUST-16471,2025-08-13,basic,13.29,4,0,33,,active,0
CUST-16472,2025-08-14,basic,13.29,4,1,26,,active,0
CUST-16473,2025-08-15,basic,13.06,4,3,26,missing features,closed,1
CUST-16474,2025-08-14,standard,34.93,4,0,29,,active,0
CUST-16475,2025-08-15,premium,91.40,4,1,16,,active,0
CUST-16476,2025-08-13,basic,11.32,4,4,26,moved to competitor,closed,1
CUST-16477,2025-08-14,standard,35.90,4,2,5,,active,0
CUST-16478,2025-08-15,basic,11.22,4,3,24,poor support,closed,1
CUST-16479,2025-08-17,standard,35.02,4,0,15,,active,0
CUST-16480,2025-08-16,premium,100.36,4,1,21,,active,0
CUST-16481,2025-08-15,basic,13.65,4,3,32,moved to competitor,closed,1
CUST-16482,2025-08-14,standard,33.46,4,5,10,missing features,closed,1
CUST-16483,2025-08-17,premium,89.65,4,1,18,,active,0
CUST-16484,2025-08-15,basic,13.51,4,0,31,,active,0
CUST-16485,2025-08-15,premium,92.81,4,1,16,,active,0
CUST-16486,2025-08-16,basic,13.18,4,2,27,missing features,closed,1
CUST-16487,2025-08-14,premium,92.02,4,0,4,,active,0
CUST-16488,2025-08-17,premium,95.80,4,1,5,,active,0
CUST-16489,2025-08-17,standard,32.68,4,3,6,,active,0
CUST-16490,2025-08-18,basic,13.61,4,3,24,missing features,closed,1
CUST-16491,2025-08-16,premium,93.03,4,0,0,,active,0
CUST-16492,2025-08-17,basic,12.50,4,0,23,,active,0
CUST-16493,2025-08-18,basic,11.92,4,3,33,poor support,closed,1
CUST-16494,2025-08-15,basic,11.87,4,2,43,moved to competitor,closed,1
CUST-16495,2025-08-17,standard,39.97,4,1,25,,active,0
CUST-16496,2025-08-16,standard,34.73,4,0,26,,active,0
CUST-16497,2025-08-18,basic,11.10,4,3,41,no longer needed,closed,1
CUST-16498,2025-08-16,premium,86.17,4,1,10,,active,0
CUST-16499,2025-08-19,standard,37.94,4,1,12,,active,0
CUST-16500,2025-08-18,standard,38.90,4,5,32,poor support,closed,1
CUST-16501,2025-08-18,standard,37.90,4,2,18,,active,0
CUST-16502,2025-08-18,basic,11.90,4,2,11,moved to competitor,closed,1
CUST-16503,2025-08-19,premium,86.94,4,4,13,poor support,closed,1
CUST-16504,2025-08-16,standard,34.39,4,1,15,,active,0
CUST-16505,2025-08-18,standard,38.19,4,1,21,,active,0
CUST-16506,2025-08-16,premium,98.27,4,5,14,price,closed,1
CUST-16507,2025-08-19,basic,12.23,4,2,30,poor support,closed,1
CUST-16508,2025-08-16,basic,10.89,4,0,27,,active,0
CUST-16509,2025-08-17,basic,11.40,4,3,16,moved to competitor,closed,1
CUST-16510,2025-08-17,basic,10.86,4,5,18,missing features,closed,1
CUST-16511,2025-08-18,basic,10.98,4,4,26,no longer needed,closed,1
CUST-16512,2025-08-19,basic,12.67,4,2,13,no longer needed,closed,1
CUST-16513,2025-08-19,standard,36.55,4,1,15,,active,0
CUST-16514,2025-08-19,standard,37.12,4,1,5,,active,0
CUST-16515,2025-08-19,standard,33.49,4,4,0,missing features,closed,1
CUST-16516,2025-08-20,standard,37.06,4,1,13,missing features,closed,1
CUST-16517,2025-08-17,standard,34.71,4,0,1,,active,0
CUST-16518,2025-08-17,basic,11.56,4,2,16,,active,0
CUST-16519,2025-08-17,basic,12.32,4,1,21,,active,0
CUST-16520,2025-08-19,premium,86.79,4,0,17,,active,0
CUST-16521,2025-08-18,premium,84.86,4,0,10,,active,0
CUST-16522,2025-08-18,basic,13.06,4,4,15,no longer needed,closed,1
CUST-16523,2025-08-18,basic,13.52,4,1,28,missing features,closed,1
CUST-16524,2025-08-21,premium,102.18,4,3,8,,active,0
CUST-16525,2025-08-20,standard,36.33,4,0,17,,active,0
CUST-16526,2025-08-18,basic,13.32,4,3,30,price,closed,1
CUST-16527,2025-08-21,premium,99.10,4,0,18,,active,0
CUST-16528,2025-08-20,standard,33.49,4,0,17,,active,0
CUST-16529,2025-08-18,standard,33.91,4,0,10,,active,0
CUST-16530,2025-08-18,premium,97.10,4,1,9,missing features,closed,1
CUST-16531,2025-08-21,premium,98.23,4,1,18,,active,0
CUST-16532,2025-08-19,basic,12.20,4,3,20,moved to competitor,closed,1
CUST-16533,2025-08-22,standard,35.17,4,4,8,moved to competitor,closed,1
CUST-16534,2025-08-21,standard,36.89,4,1,24,,active,0
CUST-16535,2025-08-22,basic,11.36,4,0,23,,active,0
CUST-16536,2025-08-21,basic,12.18,4,2,28,missing features,closed,1
CUST-16537,2025-08-22,premium,81.39,4,3,24,missing features,closed,1
CUST-16538,2025-08-22,premium,95.96,4,1,5,,active,0
CUST-16539,2025-08-22,standard,32.17,4,3,19,no longer needed,closed,1
CUST-16540,2025-08-20,premium,101.87,4,2,9,,active,0
CUST-16541,2025-08-22,standard,32.06,4,2,8,,active,0
CUST-16542,2025-08-20,basic,11.41,4,0,7,,active,0
CUST-16543,2025-08-22,basic,11.26,4,1,17,,active,0
CUST-16544,2025-08-21,basic,12.87,4,1,23,,active,0
CUST-16545,2025-08-20,premium,91.06,4,6,7,no longer needed,closed,1
CUST-16546,2025-08-22,standard,35.25,4,1,20,,active,0
CUST-16547,2025-08-21,basic,11.33,4,1,13,,active,0
CUST-16548,2025-08-21,standard,39.48,4,4,11,moved to competitor,closed,1
CUST-16549,2025-08-21,basic,12.91,4,1,27,,active,0
CUST-16550,2025-08-22,premium,92.21,4,3,19,,active,0
CUST-16551,2025-08-21,standard,33.25,4,2,10,,active,0
CUST-16552,2025-08-20,standard,32.54,4,1,20,,active,0
CUST-16553,2025-08-23,basic,11.42,4,0,24,,active,0
CUST-16554,2025-08-21,basic,12.13,4,4,34,missing features,closed,1
CUST-16555,2025-08-24,basic,11.53,4,1,32,poor support,closed,1
CUST-16556,2025-08-24,standard,32.73,4,0,10,,active,0
CUST-16557,2025-08-23,standard,33.41,4,2,23,,active,0
CUST-16558,2025-08-21,basic,13.23,4,0,14,,active,0
CUST-16559,2025-08-22,basic,11.73,4,1,27,,active,0
CUST-16560,2025-08-21,basic,12.34,4,1,16,,active,0
CUST-16561,2025-08-21,standard,33.23,4,4,0,price,closed,1
CUST-16562,2025-08-21,premium,91.70,4,1,8,,active,0
CUST-16563,2025-08-22,premium,80.47,4,1,24,,active,0
CUST-16564,2025-08-24,premium,88.20,4,3,17,moved to competitor,closed,1
CUST-16565,2025-08-25,premium,95.09,4,0,20,,active,0
CUST-16566,2025-08-24,standard,33.76,4,0,3,,active,0
CUST-16567,2025-08-22,standard,34.17,4,0,33,,active,0
CUST-16568,2025-08-22,standard,36.04,4,0,23,,active,0
CUST-16569,2025-08-22,basic,12.90,4,4,11,poor support,closed,1
CUST-16570,2025-08-25,basic,10.99,4,1,23,poor support,closed,1
CUST-16571,2025-08-23,basic,13.24,4,2,26,price,closed,1
CUST-16572,2025-08-24,standard,33.62,4,1,25,,active,0
CUST-16573,2025-08-22,basic,12.93,4,3,23,price,closed,1
CUST-16574,2025-08-24,premium,83.91,4,0,0,,active,0
CUST-16575,2025-08-24,standard,31.56,4,3,14,poor support,closed,1
CUST-16576,2025-08-25,basic,11.61,4,4,40,no longer needed,closed,1
CUST-16577,2025-08-26,basic,10.98,4,3,17,missing features,closed,1
CUST-16578,2025-08-25,basic,13.03,4,3,24,no longer needed,closed,1
CUST-16579,2025-08-24,basic,13.29,4,2,17,moved to competitor,closed,1
CUST-16580,2025-08-26,standard,37.07,4,1,12,,active,0
CUST-16581,2025-08-24,basic,11.11,4,0,4,,active,0
CUST-16582,2025-08-24,standard,37.00,4,0,4,,active,0
CUST-16583,2025-08-23,basic,13.11,4,2,28,moved to competitor,closed,1
CUST-16584,2025-08-26,standard,38.83,4,5,15,price,closed,1
CUST-16585,2025-08-25,premium,84.26,4,3,15,missing features,closed,1
CUST-16586,2025-08-25,basic,12.04,4,5,28,missing features,closed,1
CUST-16587,2025-08-27,standard,31.99,4,1,17,,active,0
CUST-16588,2025-08-24,standard,39.03,4,1,21,moved to competitor,closed,1
CUST-16589,2025-08-26,standard,34.98,4,0,24,,active,0
CUST-16590,2025-08-25,standard,38.74,4,5,8,missing features,closed,1
CUST-16591,2025-08-26,basic,11.35,4,3,36,poor support,closed,1
CUST-16592,2025-08-25,basic,13.28,4,1,22,,active,0
CUST-16593,2025-08-26,standard,33.42,4,3,0,no longer needed,closed,1
CUST-16594,2025-08-24,basic,10.96,4,0,21,,active,0
CUST-16595,2025-08-25,basic,11.51,4,2,25,missing features,closed,1
CUST-16596,2025-08-26,basic,13.38,4,0,19,,active,0
CUST-16597,2025-08-25,basic,11.86,4,1,31,missing features,closed,1
CUST-16598,2025-08-27,basic,11.03,4,2,13,,active,0
CUST-16599,2025-08-25,standard,31.71,4,2,15,,active,0
CUST-16600,2025-08-28,standard,37.68,4,3,14,moved to competitor,closed,1
CUST-16601,2025-08-26,standard,34.23,4,1,5,,active,0
CUST-16602,2025-08-27,standard,33.31,4,2,17,,active,0
CUST-16603,2025-08-27,basic,13.01,4,1,43,,active,0
CUST-16604,2025-08-26,basic,10.94,4,3,28,missing features,closed,1
CUST-16605,2025-08-28,basic,11.91,4,4,29,moved to competitor,closed,1
CUST-16606,2025-08-27,basic,11.77,4,2,9,,active,0
CUST-16607,2025-08-28,standard,36.62,4,2,0,,active,0
CUST-16608,2025-08-25,premium,84.78,4,1,19,,active,0
CUST-16609,2025-08-28,standard,39.65,4,1,32,,active,0
CUST-16610,2025-08-27,premium,82.26,4,1,6,,active,0
CUST-16611,2025-08-26,standard,33.65,4,2,18,price,closed,1
CUST-16612,2025-08-28,standard,35.72,4,0,17,,active,0
CUST-16613,2025-08-27,basic,13.74,4,3,17,price,closed,1
CUST-16614,2025-08-29,standard,37.64,4,2,18,,active,0
CUST-16615,2025-08-27,basic,12.01,4,6,23,moved to competitor,closed,1
CUST-16616,2025-08-26,standard,36.70,4,1,12,,active,0
CUST-16617,2025-08-29,standard,37.52,4,1,12,,active,0
CUST-16618,2025-08-28,basic,11.37,4,1,40,,active,0
CUST-16619,2025-08-26,standard,38.88,4,0,9,,active,0
CUST-16620,2025-08-27,standard,39.13,4,2,20,,active,0
CUST-16621,2025-08-28,basic,11.90,4,5,27,price,closed,1
CUST-16622,2025-08-30,basic,12.63,4,0,29,,active,0
CUST-16623,2025-08-27,standard,34.81,4,0,0,,active,0
CUST-16624,2025-08-30,basic,12.24,4,1,18,poor support,closed,1
CUST-16625,2025-08-29,basic,13.18,4,1,23,,active,0
CUST-16626,2025-08-29,basic,12.10,4,2,18,price,closed,1
CUST-16627,2025-08-30,basic,12.28,4,0,9,,active,0
CUST-16628,2025-08-28,basic,12.78,4,1,30,,active,0
CUST-16629,2025-08-30,standard,36.58,4,0,0,,active,0
CUST-16630,2025-08-30,standard,37.73,4,2,27,moved to competitor,closed,1
CUST-16631,2025-08-28,basic,13.63,4,2,24,moved to competitor,closed,1
CUST-16632,2025-08-30,standard,38.29,4,5,5,poor support,closed,1
CUST-16633,2025-08-28,basic,13.74,4,2,27,price,closed,1
CUST-16634,2025-08-29,premium,81.52,4,0,16,,active,0
CUST-16635,2025-08-29,standard,39.54,4,0,0,,active,0
CUST-16636,2025-08-30,basic,11.85,4,1,13,no longer needed,closed,1
CUST-16637,2025-08-30,standard,36.93,4,1,15,,active,0
CUST-16638,2025-08-29,premium,84.30,4,0,15,,active,0
CUST-16639,2025-08-28,basic,11.53,4,2,29,no longer needed,closed,1
CUST-16640,2025-08-30,premium,92.22,4,0,0,,active,0
CUST-16641,2025-08-28,basic,11.68,4,2,36,,active,0
CUST-16642,2025-08-30,standard,37.02,4,5,8,moved to competitor,closed,1
CUST-16643,2025-08-31,standard,36.69,4,0,25,,active,0
CUST-16644,2025-08-29,basic,13.66,4,3,29,,active,0
CUST-16645,2025-08-30,basic,11.94,4,3,20,poor support,closed,1
CUST-16646,2025-08-29,basic,13.42,4,4,37,missing features,closed,1
CUST-16647,2025-08-31,standard,40.07,4,1,12,,active,0
CUST-16648,2025-09-01,basic,11.51,4,2,25,,active,0
CUST-16649,2025-08-31,standard,37.34,4,1,6,missing features,closed,1
CUST-16650,2025-08-31,basic,11.71,4,0,17,,active,0
CUST-16651,2025-08-30,basic,13.27,4,1,14,,active,0
CUST-16652,2025-09-01,standard,37.64,4,2,15,,active,0
CUST-16653,2025-09-02,basic,12.67,4,0,18,,active,0
CUST-16654,2025-08-30,basic,13.12,4,0,25,,active,0
CUST-16655,2025-08-31,basic,12.42,4,0,13,,active,0
CUST-16656,2025-09-01,basic,13.67,4,7,8,missing features,closed,1
CUST-16657,2025-09-02,standard,36.91,4,2,5,,active,0
CUST-16658,2025-09-01,basic,11.06,4,0,26,,active,0
CUST-16659,2025-08-31,basic,12.86,4,0,32,,active,0
CUST-16660,2025-09-02,premium,92.57,4,0,13,,active,0
CUST-16661,2025-08-30,basic,13.76,4,3,11,poor support,closed,1
CUST-16662,2025-08-31,premium,97.94,4,5,21,missing features,closed,1
CUST-16663,2025-08-31,premium,81.14,4,1,0,,active,0
CUST-16664,2025-09-02,basic,12.44,4,4,23,no longer needed,closed,1
CUST-16665,2025-09-03,premium,89.14,4,0,9,,active,0
CUST-16666,2025-09-02,basic,11.91,4,0,38,,active,0
CUST-16667,2025-09-02,basic,12.64,4,2,18,no longer needed,closed,1
CUST-16668,2025-08-31,basic,11.06,4,1,20,,active,0
CUST-16669,2025-09-03,basic,13.06,4,1,16,,active,0
CUST-16670,2025-09-02,standard,38.53,4,0,20,,active,0
CUST-16671,2025-09-02,standard,34.21,4,0,23,,active,0
CUST-16672,2025-09-03,basic,12.55,4,1,34,,active,0
CUST-16673,2025-08-31,basic,12.86,4,2,14,,active,0
CUST-16674,2025-09-01,premium,93.91,4,0,15,,active,0
CUST-16675,2025-09-01,standard,31.68,4,0,20,,active,0
CUST-16676,2025-09-04,basic,11.56,3,4,19,price,closed,1
CUST-16677,2025-09-03,premium,80.46,4,4,12,price,closed,1
CUST-16678,2025-09-02,basic,11.34,4,3,22,poor support,closed,1
CUST-16679,2025-09-04,standard,38.15,3,0,6,,active,0
CUST-16680,2025-09-02,basic,13.55,4,1,13,,active,0
CUST-16681,2025-09-04,standard,38.03,3,0,8,,active,0
CUST-16682,2025-09-01,standard,33.30,4,0,0,,active,0
CUST-16683,2025-09-02,standard,36.02,4,0,24,,active,0
CUST-16684,2025-09-03,basic,12.33,4,1,13,,active,0
CUST-16685,2025-09-04,premium,87.54,3,2,22,,active,0
CUST-16686,2025-09-05,basic,13.14,3,1,23,,active,0
CUST-16687,2025-09-03,basic,13.67,4,4,35,price,closed,1
CUST-16688,2025-09-03,basic,12.99,4,5,31,moved to competitor,closed,1
CUST-16689,2025-09-05,standard,34.65,3,3,7,,active,0
CUST-16690,2025-09-05,premium,88.95,3,0,5,,active,0
CUST-16691,2025-09-04,basic,11.48,3,1,28,no longer needed,closed,1
CUST-16692,2025-09-05,standard,39.30,3,1,12,,active,0
CUST-16693,2025-09-03,standard,33.60,4,1,23,,active,0
CUST-16694,2025-09-05,premium,80.23,3,3,13,,active,0
CUST-16695,2025-09-05,basic,10.80,3,3,27,moved to competitor,closed,1
CUST-16696,2025-09-03,premium,101.64,4,0,26,,active,0
CUST-16697,2025-09-03,standard,37.06,4,1,0,,active,0
CUST-16698,2025-09-06,basic,12.88,3,4,34,price,closed,1
CUST-16699,2025-09-04,standard,39.86,3,2,9,,active,0
CUST-16700,2025-09-03,basic,12.45,4,4,22,poor support,closed,1
CUST-16701,2025-09-04,premium,90.37,3,3,15,,active,0
CUST-16702,2025-09-03,standard,38.21,4,0,8,,active,0
CUST-16703,2025-09-05,basic,13.26,3,2,26,missing features,closed,1
CUST-16704,2025-09-05,standard,39.56,3,3,27,poor support,closed,1
CUST-16705,2025-09-03,basic,13.00,4,1,25,,active,0
CUST-16706,2025-09-03,standard,35.94,4,1,19,,active,0
CUST-16707,2025-09-05,standard,33.52,3,0,21,,active,0
CUST-16708,2025-09-04,basic,12.72,3,1,27,price,closed,1
CUST-16709,2025-09-04,basic,12.06,3,2,25,price,closed,1
CUST-16710,2025-09-07,standard,39.31,3,4,13,poor support,closed,1
CUST-16711,2025-09-04,premium,89.23,3,0,9,,active,0
CUST-16712,2025-09-06,basic,12.45,3,1,16,,active,0
CUST-16713,2025-09-04,standard,35.14,3,0,16,,active,0
CUST-16714,2025-09-05,standard,36.29,3,2,8,,active,0
CUST-16715,2025-09-06,standard,37.69,3,2,4,,active,0
CUST-16716,2025-09-07,basic,12.48,3,4,21,no longer needed,closed,1
CUST-16717,2025-09-05,standard,37.66,3,1,3,,active,0
CUST-16718,2025-09-05,basic,11.95,3,5,27,missing features,closed,1
CUST-16719,2025-09-05,basic,12.82,3,3,17,poor support,closed,1
CUST-16720,2025-09-06,basic,12.98,3,4,23,missing features,closed,1
CUST-16721,2025-09-06,basic,12.24,3,2,24,no longer needed,closed,1
CUST-16722,2025-09-05,basic,12.21,3,2,33,price,closed,1
CUST-16723,2025-09-08,standard,33.28,3,4,9,price,closed,1
CUST-16724,2025-09-07,standard,38.35,3,4,8,missing features,closed,1
CUST-16725,2025-09-08,standard,37.01,3,1,21,,active,0
CUST-16726,2025-09-06,standard,36.70,3,0,11,,active,0
CUST-16727,2025-09-06,basic,13.66,3,3,33,missing features,closed,1
CUST-16728,2025-09-06,basic,12.37,3,1,28,poor support,closed,1
CUST-16729,2025-09-07,standard,37.22,3,3,33,moved to competitor,closed,1
CUST-16730,2025-09-09,basic,13.63,3,3,22,price,closed,1
CUST-16731,2025-09-07,basic,12.69,3,0,18,,active,0
CUST-16732,2025-09-07,basic,11.97,3,4,25,poor support,closed,1
CUST-16733,2025-09-08,standard,34.89,3,2,0,,active,0
CUST-16734,2025-09-08,premium,86.85,3,2,18,price,closed,1
CUST-16735,2025-09-09,basic,11.50,3,3,32,,active,0
CUST-16736,2025-09-09,standard,34.25,3,0,15,,active,0
CUST-16737,2025-09-09,standard,38.21,3,1,5,,active,0
CUST-16738,2025-09-07,standard,38.34,3,4,22,missing features,closed,1
CUST-16739,2025-09-06,basic,11.11,3,0,24,,active,0
CUST-16740,2025-09-07,standard,31.76,3,1,8,,active,0
CUST-16741,2025-09-07,premium,100.49,3,1,1,,active,0
CUST-16742,2025-09-08,basic,11.94,3,6,34,moved to competitor,closed,1
CUST-16743,2025-09-09,standard,35.16,3,2,11,,active,0
CUST-16744,2025-09-10,basic,13.28,3,4,32,poor support,closed,1
CUST-16745,2025-09-09,standard,36.69,3,4,26,missing features,closed,1
CUST-16746,2025-09-07,basic,12.13,3,0,38,,active,0
CUST-16747,2025-09-09,basic,12.85,3,0,44,,active,0
CUST-16748,2025-09-08,standard,36.14,3,2,11,,active,0
CUST-16749,2025-09-08,basic,12.80,3,2,23,poor support,closed,1
CUST-16750,2025-09-09,standard,39.86,3,2,5,,active,0
CUST-16751,2025-09-10,standard,40.00,3,6,10,price,closed,1
CUST-16752,2025-09-09,basic,10.89,3,0,26,,active,0
CUST-16753,2025-09-10,basic,12.29,3,2,29,price,closed,1
CUST-16754,2025-09-09,basic,13.61,3,2,14,moved to competitor,closed,1
CUST-16755,2025-09-10,basic,12.22,3,0,20,,active,0
CUST-16756,2025-09-11,premium,93.38,3,1,21,,active,0
CUST-16757,2025-09-09,standard,36.02,3,0,17,,active,0
CUST-16758,2025-09-09,standard,36.23,3,0,24,,active,0
CUST-16759,2025-09-10,basic,11.35,3,6,39,poor support,closed,1
CUST-16760,2025-09-11,standard,32.20,3,0,8,,active,0
CUST-16761,2025-09-09,premium,81.84,3,0,10,,active,0
CUST-16762,2025-09-09,standard,36.44,3,0,19,,active,0
CUST-16763,2025-09-10,standard,37.79,3,1,24,,active,0
CUST-16764,2025-09-12,standard,35.62,3,0,6,,active,0
CUST-16765,2025-09-11,basic,11.36,3,2,29,,active,0
CUST-16766,2025-09-11,standard,38.87,3,1,13,,active,0
CUST-16767,2025-09-10,basic,13.41,3,4,34,poor support,closed,1
CUST-16768,2025-09-09,basic,12.73,3,6,28,missing features,closed,1
CUST-16769,2025-09-10,premium,97.37,3,0,6,,active,0
CUST-16770,2025-09-10,standard,34.81,3,0,5,,active,0
CUST-16771,2025-09-09,standard,34.29,3,2,6,,active,0
CUST-16772,2025-09-10,standard,32.13,3,2,20,poor support,closed,1
CUST-16773,2025-09-12,basic,13.36,3,2,32,moved to competitor,closed,1
CUST-16774,2025-09-10,premium,82.71,3,4,4,poor support,closed,1
CUST-16775,2025-09-13,premium,93.32,3,2,16,,active,0
CUST-16776,2025-09-11,standard,40.08,3,1,20,,active,0
CUST-16777,2025-09-12,basic,11.72,3,5,20,no longer needed,closed,1
CUST-16778,2025-09-11,premium,95.84,3,0,1,,active,0
CUST-16779,2025-09-12,premium,82.05,3,1,3,,active,0
CUST-16780,2025-09-13,standard,32.11,3,1,13,,active,0
CUST-16781,2025-09-13,standard,34.80,3,0,10,,active,0
CUST-16782,2025-09-10,premium,97.96,3,0,19,,active,0
CUST-16783,2025-09-11,standard,34.14,3,2,12,,active,0
CUST-16784,2025-09-12,basic,13.16,3,2,22,missing features,closed,1
CUST-16785,2025-09-13,basic,12.23,3,7,36,poor support,closed,1
CUST-16786,2025-09-12,premium,98.55,3,3,20,,active,0
CUST-16787,2025-09-14,basic,13.14,3,0,19,,active,0
CUST-16788,2025-09-13,standard,36.84,3,2,6,,active,0
CUST-16789,2025-09-13,standard,40.21,3,3,19,missing features,closed,1
CUST-16790,2025-09-14,premium,94.30,3,1,13,,active,0
CUST-16791,2025-09-14,basic,11.50,3,1,30,,active,0
CUST-16792,2025-09-12,basic,13.06,3,1,35,moved to competitor,closed,1
CUST-16793,2025-09-11,standard,33.09,3,0,3,,active,0
CUST-16794,2025-09-14,standard,31.89,3,0,19,,active,0
CUST-16795,2025-09-13,standard,38.33,3,0,16,,active,0
CUST-16796,2025-09-12,standard,33.63,3,0,0,,active,0
CUST-16797,2025-09-12,basic,11.16,3,1,22,,active,0
CUST-16798,2025-09-12,standard,38.07,3,1,15,,active,0
CUST-16799,2025-09-12,basic,12.91,3,5,12,price,closed,1
CUST-16800,2025-09-12,standard,34.14,3,1,16,,active,0
CUST-16801,2025-09-12,basic,11.90,3,1,23,,active,0
CUST-16802,2025-09-15,standard,37.31,3,3,15,moved to competitor,closed,1
CUST-16803,2025-09-13,basic,12.91,3,1,37,,active,0
CUST-16804,2025-09-15,basic,12.24,3,4,23,moved to competitor,closed,1
CUST-16805,2025-09-12,basic,11.35,3,0,30,,active,0
CUST-16806,2025-09-14,basic,13.24,3,4,33,no longer needed,closed,1
CUST-16807,2025-09-13,standard,32.81,3,0,10,,active,0
CUST-16808,2025-09-13,standard,37.00,3,1,20,,active,0
CUST-16809,2025-09-15,premium,102.34,3,1,27,moved to competitor,closed,1
CUST-16810,2025-09-14,basic,12.30,3,3,15,,active,0
CUST-16811,2025-09-15,basic,11.58,3,4,34,no longer needed,closed,1
CUST-16812,2025-09-15,standard,35.17,3,1,20,,active,0
CUST-16813,2025-09-13,basic,12.72,3,3,34,moved to competitor,closed,1
CUST-16814,2025-09-16,standard,33.76,3,1,11,,active,0
CUST-16815,2025-09-15,basic,12.14,3,0,20,,active,0
CUST-16816,2025-09-15,basic,11.09,3,4,32,no longer needed,closed,1
CUST-16817,2025-09-15,basic,11.30,3,1,29,missing features,closed,1
CUST-16818,2025-09-15,basic,12.31,3,1,18,,active,0
CUST-16819,2025-09-14,premium,90.74,3,1,8,,active,0
CUST-16820,2025-09-14,standard,32.66,3,1,9,,active,0
CUST-16821,2025-09-14,standard,32.08,3,1,10,,active,0
CUST-16822,2025-09-15,premium,98.67,3,1,16,,active,0
CUST-16823,2025-09-17,standard,37.92,3,4,11,missing features,closed,1
CUST-16824,2025-09-16,basic,13.12,3,0,17,,active,0
CUST-16825,2025-09-16,standard,37.02,3,2,10,,active,0
CUST-16826,2025-09-17,basic,12.43,3,1,34,,active,0
CUST-16827,2025-09-14,premium,92.51,3,0,20,,active,0
CUST-16828,2025-09-16,basic,10.81,3,0,32,,active,0
CUST-16829,2025-09-17,basic,13.13,3,6,29,no longer needed,closed,1
CUST-16830,2025-09-17,standard,40.21,3,0,7,,active,0
CUST-16831,2025-09-17,basic,13.10,3,0,18,,active,0
CUST-16832,2025-09-16,premium,83.93,3,0,20,,active,0
CUST-16833,2025-09-18,standard,33.71,3,2,20,,active,0
CUST-16834,2025-09-17,premium,84.98,3,2,9,,active,0
CUST-16835,2025-09-17,basic,12.53,3,1,25,,active,0
CUST-16836,2025-09-18,premium,91.32,3,0,2,,active,0
CUST-16837,2025-09-16,premium,94.90,3,3,17,,active,0
CUST-16838,2025-09-16,standard,39.93,3,0,10,,active,0
CUST-16839,2025-09-18,standard,34.92,3,3,11,,active,0
CUST-16840,2025-09-19,standard,34.91,3,1,5,,active,0
CUST-16841,2025-09-18,basic,13.20,3,2,31,missing features,closed,1
CUST-16842,2025-09-19,standard,39.31,3,0,18,,active,0
CUST-16843,2025-09-17,basic,11.15,3,1,24,,active,0
CUST-16844,2025-09-16,standard,36.98,3,1,26,,active,0
CUST-16845,2025-09-18,basic,12.83,3,1,38,,active,0
CUST-16846,2025-09-16,basic,11.81,3,3,26,moved to competitor,closed,1
CUST-16847,2025-09-19,standard,37.45,3,3,0,no longer needed,closed,1
CUST-16848,2025-09-18,basic,12.47,3,1,14,,active,0
CUST-16849,2025-09-16,standard,39.20,3,5,25,missing features,closed,1
CUST-16850,2025-09-17,basic,13.14,3,1,6,,active,0
CUST-16851,2025-09-19,basic,12.03,3,2,32,,active,0
CUST-16852,2025-09-18,standard,34.26,3,1,18,,active,0
CUST-16853,2025-09-18,standard,39.34,3,2,7,,active,0
CUST-16854,2025-09-18,standard,37.20,3,5,15,price,closed,1
CUST-16855,2025-09-19,basic,12.96,3,2,26,no longer needed,closed,1
CUST-16856,2025-09-17,basic,12.92,3,0,17,,active,0
CUST-16857,2025-09-19,basic,13.44,3,5,11,price,closed,1
CUST-16858,2025-09-18,basic,12.70,3,5,43,missing features,closed,1
CUST-16859,2025-09-17,basic,12.84,3,0,25,,active,0
CUST-16860,2025-09-18,basic,13.17,3,1,21,,active,0
CUST-16861,2025-09-18,basic,13.08,3,1,10,,active,0
CUST-16862,2025-09-19,basic,10.84,3,6,33,no longer needed,closed,1
CUST-16863,2025-09-19,basic,12.96,3,1,10,,active,0
CUST-16864,2025-09-19,premium,84.12,3,0,1,,active,0
CUST-16865,2025-09-19,standard,33.59,3,1,8,,active,0
CUST-16866,2025-09-18,premium,85.29,3,2,1,,active,0
CUST-16867,2025-09-20,basic,11.49,3,0,31,,active,0
CUST-16868,2025-09-21,standard,38.31,3,0,8,,active,0
CUST-16869,2025-09-19,basic,13.48,3,3,31,price,closed,1
CUST-16870,2025-09-20,basic,11.90,3,0,30,,active,0
CUST-16871,2025-09-18,standard,36.95,3,0,11,,active,0
CUST-16872,2025-09-19,premium,93.95,3,0,10,,active,0
CUST-16873,2025-09-22,standard,35.75,3,1,21,,active,0
CUST-16874,2025-09-19,standard,37.61,3,0,20,,active,0
CUST-16875,2025-09-22,basic,11.58,3,2,32,poor support,closed,1
CUST-16876,2025-09-19,basic,12.99,3,2,23,,active,0
CUST-16877,2025-09-21,basic,13.51,3,2,31,missing features,closed,1
CUST-16878,2025-09-19,basic,11.71,3,1,36,,active,0
CUST-16879,2025-09-19,basic,12.16,3,4,32,moved to competitor,closed,1
CUST-16880,2025-09-21,basic,11.44,3,0,24,,active,0
CUST-16881,2025-09-20,standard,33.50,3,1,3,price,closed,1
CUST-16882,2025-09-20,standard,36.23,3,0,25,,active,0
CUST-16883,2025-09-21,standard,33.26,3,1,17,,active,0
CUST-16884,2025-09-22,basic,12.74,3,5,38,no longer needed,closed,1
CUST-16885,2025-09-23,standard,35.95,3,0,7,,active,0
CUST-16886,2025-09-20,standard,32.49,3,1,0,,active,0
CUST-16887,2025-09-20,premium,92.35,3,5,6,moved to competitor,closed,1
CUST-16888,2025-09-21,basic,11.91,3,0,21,,active,0
CUST-16889,2025-09-21,premium,99.32,3,2,25,poor support,closed,1
CUST-16890,2025-09-22,basic,13.62,3,0,26,,active,0
CUST-16891,2025-09-23,basic,11.11,3,1,30,,active,0
CUST-16892,2025-09-21,standard,37.74,3,0,4,,active,0
CUST-16893,2025-09-20,premium,98.36,3,0,3,,active,0
CUST-16894,2025-09-22,basic,12.35,3,3,22,poor support,closed,1
CUST-16895,2025-09-22,standard,34.70,3,1,14,,active,0
CUST-16896,2025-09-23,standard,32.26,3,4,4,no longer needed,closed,1
CUST-16897,2025-09-22,standard,35.02,3,1,0,,active,0
CUST-16898,2025-09-21,basic,13.80,3,0,21,,active,0
CUST-16899,2025-09-24,basic,12.76,3,2,34,no longer needed,closed,1
CUST-16900,2025-09-23,standard,37.24,3,1,6,poor support,closed,1
CUST-16901,2025-09-22,basic,13.08,3,5,26,poor support,closed,1
CUST-16902,2025-09-21,basic,13.07,3,1,17,,active,0
CUST-16903,2025-09-23,basic,12.52,3,3,8,price,closed,1
CUST-16904,2025-09-23,basic,13.68,3,3,3,price,closed,1
CUST-16905,2025-09-24,basic,12.11,3,2,26,,active,0
CUST-16906,2025-09-23,basic,11.91,3,3,37,moved to competitor,closed,1
CUST-16907,2025-09-23,basic,12.33,3,4,28,price,closed,1
CUST-16908,2025-09-22,standard,36.76,3,1,13,,active,0
CUST-16909,2025-09-23,premium,94.48,3,0,29,,active,0
CUST-16910,2025-09-23,premium,89.40,3,2,8,moved to competitor,closed,1
CUST-16911,2025-09-24,basic,12.82,3,0,13,,active,0
CUST-16912,2025-09-23,basic,12.59,3,5,30,missing features,closed,1
CUST-16913,2025-09-25,basic,12.85,3,1,23,price,closed,1
CUST-16914,2025-09-23,standard,33.32,3,4,20,no longer needed,closed,1
CUST-16915,2025-09-23,standard,35.93,3,2,3,,active,0
CUST-16916,2025-09-26,basic,13.06,3,1,31,price,closed,1
CUST-16917,2025-09-25,basic,13.76,3,0,34,,active,0
CUST-16918,2025-09-23,standard,33.09,3,4,8,poor support,closed,1
CUST-16919,2025-09-23,standard,36.45,3,0,18,,active,0
CUST-16920,2025-09-23,standard,37.26,3,2,18,,active,0
CUST-16921,2025-09-23,premium,91.75,3,1,29,,active,0
CUST-16922,2025-09-25,premium,97.06,3,2,23,,active,0
CUST-16923,2025-09-23,basic,12.78,3,5,37,no longer needed,closed,1
CUST-16924,2025-09-23,basic,13.36,3,1,8,,active,0
CUST-16925,2025-09-26,standard,34.57,3,2,6,,active,0
CUST-16926,2025-09-23,basic,12.33,3,5,21,price,closed,1
CUST-16927,2025-09-27,basic,11.31,3,2,25,moved to competitor,closed,1
CUST-16928,2025-09-26,basic,11.81,3,5,31,poor support,closed,1
CUST-16929,2025-09-27,basic,12.93,3,3,31,missing features,closed,1
CUST-16930,2025-09-25,basic,12.78,3,4,28,poor support,closed,1
CUST-16931,2025-09-26,basic,11.79,3,4,10,poor support,closed,1
CUST-16932,2025-09-27,premium,96.79,3,1,30,,active,0
CUST-16933,2025-09-25,basic,11.07,3,2,23,,active,0
CUST-16934,2025-09-25,standard,39.76,3,0,18,,active,0
CUST-16935,2025-09-24,standard,33.24,3,3,10,,active,0
CUST-16936,2025-09-26,standard,33.68,3,3,27,no longer needed,closed,1
CUST-16937,2025-09-28,standard,34.40,3,0,0,,active,0
CUST-16938,2025-09-26,basic,12.79,3,1,24,,active,0
CUST-16939,2025-09-25,standard,38.30,3,2,21,,active,0
CUST-16940,2025-09-26,basic,13.70,3,1,39,,active,0
CUST-16941,2025-09-25,standard,37.90,3,0,6,,active,0
CUST-16942,2025-09-27,standard,38.26,3,2,11,missing features,closed,1
CUST-16943,2025-09-26,basic,13.55,3,3,33,moved to competitor,closed,1
CUST-16944,2025-09-26,basic,10.92,3,1,40,,active,0
CUST-16945,2025-09-28,basic,11.57,3,2,12,,active,0
CUST-16946,2025-09-27,basic,11.28,3,1,12,poor support,closed,1
CUST-16947,2025-09-28,standard,32.17,3,1,10,,active,0
CUST-16948,2025-09-27,standard,39.95,3,0,4,,active,0
CUST-16949,2025-09-26,basic,13.24,3,2,24,,active,0
CUST-16950,2025-09-26,standard,34.60,3,0,19,,active,0
CUST-16951,2025-09-27,basic,13.67,3,4,21,moved to competitor,closed,1
CUST-16952,2025-09-28,basic,13.79,3,0,34,,active,0
CUST-16953,2025-09-27,standard,37.55,3,1,17,,active,0
CUST-16954,2025-09-27,premium,97.79,3,1,0,,active,0
CUST-16955,2025-09-29,basic,12.41,3,2,23,,active,0
CUST-16956,2025-09-29,standard,33.51,3,2,25,no longer needed,closed,1
CUST-16957,2025-09-28,standard,36.39,3,0,11,,active,0
CUST-16958,2025-09-27,standard,31.72,3,3,7,missing features,closed,1
CUST-16959,2025-09-29,basic,12.58,3,2,19,,active,0
CUST-16960,2025-09-27,basic,12.19,3,1,32,,active,0
CUST-16961,2025-09-29,premium,80.50,3,0,1,,active,0
CUST-16962,2025-09-30,basic,11.22,3,8,23,price,closed,1
CUST-16963,2025-09-29,basic,12.86,3,3,13,price,closed,1
CUST-16964,2025-09-27,standard,39.91,3,4,8,no longer needed,closed,1
CUST-16965,2025-09-28,standard,40.00,3,3,5,moved to competitor,closed,1
CUST-16966,2025-09-28,standard,33.85,3,4,28,poor support,closed,1
CUST-16967,2025-09-30,premium,92.23,3,1,17,,active,0
CUST-16968,2025-09-29,basic,13.16,3,0,25,,active,0
CUST-16969,2025-09-28,premium,100.13,3,0,8,,active,0
CUST-16970,2025-09-28,standard,39.51,3,1,17,,active,0
CUST-16971,2025-09-29,standard,40.02,3,0,11,,active,0
CUST-16972,2025-09-29,basic,13.39,3,1,24,,active,0
CUST-16973,2025-09-28,standard,38.66,3,3,22,poor support,closed,1
CUST-16974,2025-09-28,standard,31.72,3,0,0,,active,0
CUST-16975,2025-09-29,premium,93.09,3,0,12,,active,0
CUST-16976,2025-10-01,premium,84.10,3,0,14,,active,0
CUST-16977,2025-09-28,standard,37.17,3,0,8,,active,0
CUST-16978,2025-09-30,premium,95.01,3,0,22,,active,0
CUST-16979,2025-10-01,premium,80.58,3,4,15,missing features,closed,1
CUST-16980,2025-09-30,basic,10.94,3,3,33,,active,0
CUST-16981,2025-09-29,premium,95.22,3,2,16,,active,0
CUST-16982,2025-09-29,premium,101.74,3,1,9,no longer needed,closed,1
CUST-16983,2025-10-01,basic,13.16,3,3,32,missing features,closed,1
CUST-16984,2025-10-01,standard,36.10,3,6,33,price,closed,1
CUST-16985,2025-09-29,basic,12.22,3,1,30,,active,0
CUST-16986,2025-09-29,premium,101.87,3,1,22,,active,0
CUST-16987,2025-10-01,basic,13.32,3,4,10,no longer needed,closed,1
CUST-16988,2025-10-01,basic,10.92,3,3,29,moved to competitor,closed,1
CUST-16989,2025-09-30,basic,12.91,3,0,19,,active,0
CUST-16990,2025-09-29,standard,31.97,3,2,26,poor support,closed,1
CUST-16991,2025-09-29,standard,36.55,3,1,1,,active,0
CUST-16992,2025-10-03,premium,102.28,3,1,16,,active,0
CUST-16993,2025-10-02,basic,12.95,3,2,28,missing features,closed,1
CUST-16994,2025-10-03,premium,98.96,3,1,10,,active,0
CUST-16995,2025-09-30,basic,13.59,3,1,12,,active,0
CUST-16996,2025-10-03,basic,11.48,3,3,38,price,closed,1
CUST-16997,2025-10-01,basic,12.68,3,0,21,,active,0
CUST-16998,2025-10-02,standard,38.89,3,4,0,no longer needed,closed,1
CUST-16999,2025-10-02,basic,13.74,3,2,31,price,closed,1
CUST-17000,2025-09-30,basic,13.22,3,2,42,no longer needed,closed,1
CUST-17001,2025-10-03,basic,11.06,3,0,24,,active,0
CUST-17002,2025-10-03,basic,11.43,3,2,8,,active,0
CUST-17003,2025-10-04,premium,83.86,2,4,13,missing features,closed,1
CUST-17004,2025-10-04,premium,82.41,2,1,15,,active,0
CUST-17005,2025-10-04,premium,99.52,2,2,12,,active,0
CUST-17006,2025-10-03,basic,11.83,3,2,32,moved to competitor,closed,1
CUST-17007,2025-10-02,basic,12.78,3,1,18,,active,0
CUST-17008,2025-10-02,basic,13.32,3,4,12,missing features,closed,1
CUST-17009,2025-10-01,standard,38.99,3,1,1,,active,0
CUST-17010,2025-10-01,basic,12.02,3,3,24,poor support,closed,1
CUST-17011,2025-10-04,premium,90.74,2,1,15,,active,0
CUST-17012,2025-10-04,premium,98.17,2,1,6,,active,0
CUST-17013,2025-10-04,basic,13.17,2,5,22,poor support,closed,1
CUST-17014,2025-10-05,premium,88.57,2,0,12,,active,0
CUST-17015,2025-10-04,basic,12.41,2,1,24,,active,0
CUST-17016,2025-10-04,premium,89.21,2,0,14,,active,0
CUST-17017,2025-10-05,basic,11.59,2,0,26,,active,0
CUST-17018,2025-10-05,basic,12.33,2,2,15,,active,0
CUST-17019,2025-10-03,standard,37.22,3,0,13,,active,0
CUST-17020,2025-10-03,basic,13.34,3,4,30,poor support,closed,1
CUST-17021,2025-10-04,standard,39.35,2,0,0,,active,0
CUST-17022,2025-10-04,basic,11.08,2,5,15,poor support,closed,1
CUST-17023,2025-10-03,standard,39.29,3,1,17,,active,0
CUST-17024,2025-10-03,standard,37.27,3,0,12,,active,0
CUST-17025,2025-10-03,standard,39.11,3,1,8,poor support,closed,1
CUST-17026,2025-10-05,standard,37.23,2,1,33,,active,0
CUST-17027,2025-10-05,premium,93.89,2,1,14,,active,0
CUST-17028,2025-10-03,premium,95.83,3,0,24,,active,0
CUST-17029,2025-10-03,basic,13.52,3,4,29,missing features,closed,1
CUST-17030,2025-10-05,premium,90.32,2,0,11,,active,0
CUST-17031,2025-10-06,standard,36.25,2,0,23,,active,0
CUST-17032,2025-10-04,basic,11.70,2,0,26,,active,0
CUST-17033,2025-10-04,standard,36.48,2,0,11,,active,0
CUST-17034,2025-10-06,basic,13.43,2,3,32,poor support,closed,1
CUST-17035,2025-10-05,basic,13.13,2,4,36,price,closed,1
CUST-17036,2025-10-05,premium,99.32,2,3,3,moved to competitor,closed,1
CUST-17037,2025-10-04,standard,36.27,2,0,17,,active,0
CUST-17038,2025-10-05,standard,39.33,2,0,8,,active,0
CUST-17039,2025-10-05,basic,11.97,2,4,27,moved to competitor,closed,1
CUST-17040,2025-10-04,basic,12.61,2,4,24,,active,0
CUST-17041,2025-10-06,standard,33.22,2,4,10,moved to competitor,closed,1
CUST-17042,2025-10-07,basic,12.58,2,2,29,,active,0
CUST-17043,2025-10-06,standard,38.87,2,0,7,,active,0
CUST-17044,2025-10-06,premium,87.90,2,1,17,,active,0
CUST-17045,2025-10-06,basic,11.09,2,1,22,,active,0
CUST-17046,2025-10-07,basic,12.04,2,4,46,poor support,closed,1
CUST-17047,2025-10-08,premium,81.42,2,4,19,price,closed,1
CUST-17048,2025-10-07,basic,13.15,2,0,20,,active,0
CUST-17049,2025-10-05,standard,39.85,2,1,8,moved to competitor,closed,1
CUST-17050,2025-10-06,standard,36.44,2,1,0,price,closed,1
CUST-17051,2025-10-08,standard,39.60,2,1,1,,active,0
CUST-17052,2025-10-07,premium,99.06,2,0,2,,active,0
CUST-17053,2025-10-06,standard,31.83,2,2,18,,active,0
CUST-17054,2025-10-05,basic,11.30,2,0,20,,active,0
CUST-17055,2025-10-06,basic,11.11,2,4,26,poor support,closed,1
CUST-17056,2025-10-06,standard,35.87,2,2,13,,active,0
CUST-17057,2025-10-08,premium,95.67,2,1,18,,active,0
CUST-17058,2025-10-09,standard,32.50,2,0,12,,active,0
CUST-17059,2025-10-07,premium,94.75,2,5,4,price,closed,1
CUST-17060,2025-10-07,basic,12.82,2,1,14,,active,0
CUST-17061,2025-10-08,standard,32.86,2,2,13,,active,0
CUST-17062,2025-10-07,standard,37.34,2,0,0,,active,0
CUST-17063,2025-10-08,standard,38.26,2,0,22,,active,0
CUST-17064,2025-10-09,premium,87.49,2,1,10,,active,0
CUST-17065,2025-10-09,basic,11.51,2,5,30,missing features,closed,1
CUST-17066,2025-10-08,basic,11.05,2,5,19,poor support,closed,1
CUST-17067,2025-10-06,basic,10.88,2,2,27,,active,0
CUST-17068,2025-10-06,standard,35.03,2,0,18,,active,0
CUST-17069,2025-10-07,basic,13.19,2,2,23,,active,0
CUST-17070,2025-10-08,premium,90.39,2,1,18,,active,0
CUST-17071,2025-10-08,basic,11.99,2,2,28,,active,0
CUST-17072,2025-10-09,basic,12.94,2,2,25,,active,0
CUST-17073,2025-10-07,basic,13.74,2,1,33,,active,0
CUST-17074,2025-10-07,premium,84.84,2,0,20,,active,0
CUST-17075,2025-10-10,basic,12.75,2,3,44,missing features,closed,1
CUST-17076,2025-10-10,premium,86.77,2,0,13,,active,0
CUST-17077,2025-10-08,standard,33.72,2,2,15,,active,0
CUST-17078,2025-10-07,premium,93.09,2,2,9,,active,0
CUST-17079,2025-10-07,standard,34.07,2,0,23,,active,0
CUST-17080,2025-10-08,basic,11.85,2,1,48,moved to competitor,closed,1
CUST-17081,2025-10-11,premium,92.21,2,0,10,,active,0
CUST-17082,2025-10-09,premium,86.69,2,2,12,,active,0
CUST-17083,2025-10-08,premium,83.75,2,1,20,,active,0
CUST-17084,2025-10-10,basic,13.12,2,1,16,moved to competitor,closed,1
CUST-17085,2025-10-10,basic,11.58,2,0,14,,active,0
CUST-17086,2025-10-08,standard,37.67,2,2,0,price,closed,1
CUST-17087,2025-10-11,basic,12.22,2,5,43,price,closed,1
CUST-17088,2025-10-09,basic,11.02,2,2,37,price,closed,1
CUST-17089,2025-10-09,standard,32.57,2,5,6,no longer needed,closed,1
CUST-17090,2025-10-11,basic,13.43,2,3,26,missing features,closed,1
CUST-17091,2025-10-09,premium,89.75,2,0,4,,active,0
CUST-17092,2025-10-12,standard,31.99,2,1,21,,active,0
CUST-17093,2025-10-09,basic,11.67,2,3,20,moved to competitor,closed,1
CUST-17094,2025-10-12,basic,11.78,2,5,32,poor support,closed,1
CUST-17095,2025-10-11,basic,12.63,2,1,34,missing features,closed,1
CUST-17096,2025-10-09,standard,33.47,2,2,10,no longer needed,closed,1
CUST-17097,2025-10-10,basic,12.72,2,6,23,moved to competitor,closed,1
CUST-17098,2025-10-12,basic,10.89,2,5,18,missing features,closed,1
CUST-17099,2025-10-12,basic,12.98,2,1,19,,active,0
CUST-17100,2025-10-10,standard,34.21,2,3,18,,active,0
CUST-17101,2025-10-10,basic,13.15,2,2,20,,active,0
CUST-17102,2025-10-13,standard,33.89,2,1,13,poor support,closed,1
CUST-17103,2025-10-11,standard,31.58,2,2,11,,active,0
CUST-17104,2025-10-11,basic,12.41,2,2,22,,active,0
CUST-17105,2025-10-13,standard,36.15,2,1,27,,active,0
CUST-17106,2025-10-10,basic,11.70,2,1,28,,active,0
CUST-17107,2025-10-11,standard,33.14,2,1,13,,active,0
CUST-17108,2025-10-10,basic,11.66,2,0,19,,active,0
CUST-17109,2025-10-12,premium,99.83,2,2,11,,active,0
CUST-17110,2025-10-10,basic,13.46,2,0,42,,active,0
CUST-17111,2025-10-13,premium,80.58,2,1,1,,active,0
CUST-17112,2025-10-13,standard,36.86,2,2,24,,active,0
CUST-17113,2025-10-14,standard,32.34,2,0,28,,active,0
CUST-17114,2025-10-13,premium,83.22,2,3,32,missing features,closed,1
CUST-17115,2025-10-14,premium,93.76,2,2,13,,active,0
CUST-17116,2025-10-11,standard,39.05,2,1,17,,active,0
CUST-17117,2025-10-14,basic,11.05,2,1,27,,active,0
CUST-17118,2025-10-14,basic,10.99,2,3,29,,active,0
CUST-17119,2025-10-14,basic,13.39,2,4,28,missing features,closed,1
CUST-17120,2025-10-13,basic,11.80,2,1,16,moved to competitor,closed,1
CUST-17121,2025-10-13,standard,38.18,2,1,35,,active,0
CUST-17122,2025-10-14,basic,13.32,2,0,8,,active,0
CUST-17123,2025-10-11,basic,13.50,2,0,33,,active,0
CUST-17124,2025-10-14,basic,11.64,2,0,38,,active,0
CUST-17125,2025-10-15,basic,12.80,2,1,26,,active,0
CUST-17126,2025-10-15,standard,38.07,2,2,15,,active,0
CUST-17127,2025-10-15,standard,34.08,2,1,12,,active,0
CUST-17128,2025-10-12,premium,91.54,2,0,16,,active,0
CUST-17129,2025-10-14,standard,36.52,2,0,5,,active,0
CUST-17130,2025-10-15,standard,32.62,2,2,21,,active,0
CUST-17131,2025-10-15,standard,31.85,2,1,9,,active,0
CUST-17132,2025-10-13,basic,13.78,2,3,13,,active,0
CUST-17133,2025-10-14,standard,35.68,2,0,0,,active,0
CUST-17134,2025-10-14,standard,34.27,2,5,14,poor support,closed,1
CUST-17135,2025-10-15,standard,39.02,2,0,3,,active,0
CUST-17136,2025-10-16,basic,10.85,2,0,20,,active,0
CUST-17137,2025-10-16,basic,10.96,2,2,24,,active,0
CUST-17138,2025-10-14,basic,10.90,2,4,17,missing features,closed,1
CUST-17139,2025-10-14,basic,11.84,2,4,21,no longer needed,closed,1
CUST-17140,2025-10-14,premium,97.36,2,1,13,,active,0
CUST-17141,2025-10-14,basic,11.68,2,2,21,,active,0
CUST-17142,2025-10-15,standard,34.45,2,0,3,,active,0
CUST-17143,2025-10-13,standard,37.68,2,4,20,poor support,closed,1
CUST-17144,2025-10-14,premium,100.58,2,0,12,,active,0
CUST-17145,2025-10-16,standard,35.02,2,4,9,poor support,closed,1
CUST-17146,2025-10-14,standard,36.17,2,3,7,missing features,closed,1
CUST-17147,2025-10-14,basic,11.72,2,5,27,moved to competitor,closed,1
CUST-17148,2025-10-17,standard,33.20,2,1,16,,active,0
CUST-17149,2025-10-14,premium,96.94,2,1,19,,active,0
CUST-17150,2025-10-14,standard,31.78,2,1,22,,active,0
CUST-17151,2025-10-15,basic,11.87,2,4,27,missing features,closed,1
CUST-17152,2025-10-14,basic,11.43,2,0,21,,active,0
CUST-17153,2025-10-16,premium,84.93,2,0,26,,active,0
CUST-17154,2025-10-14,basic,11.18,2,4,33,missing features,closed,1
CUST-17155,2025-10-16,premium,96.20,2,5,30,missing features,closed,1
CUST-17156,2025-10-16,premium,91.09,2,0,24,,active,0
CUST-17157,2025-10-15,standard,39.37,2,0,23,,active,0
CUST-17158,2025-10-17,standard,40.03,2,1,0,,active,0
CUST-17159,2025-10-17,standard,34.83,2,0,14,,active,0
CUST-17160,2025-10-18,standard,36.11,2,0,24,,active,0
CUST-17161,2025-10-15,standard,31.67,2,0,12,,active,0
CUST-17162,2025-10-17,standard,34.57,2,1,5,,active,0
CUST-17163,2025-10-15,premium,93.04,2,2,9,,active,0
CUST-17164,2025-10-18,basic,13.33,2,1,24,,active,0
CUST-17165,2025-10-16,basic,13.55,2,0,25,,active,0
CUST-17166,2025-10-16,standard,35.94,2,4,18,moved to competitor,closed,1
CUST-17167,2025-10-18,standard,37.03,2,2,9,,active,0
CUST-17168,2025-10-17,standard,35.61,2,1,24,,active,0
CUST-17169,2025-10-16,standard,36.53,2,1,20,,active,0
CUST-17170,2025-10-18,standard,38.51,2,1,21,,active,0
CUST-17171,2025-10-17,premium,100.66,2,0,12,,active,0
CUST-17172,2025-10-16,basic,13.79,2,2,27,no longer needed,closed,1
CUST-17173,2025-10-18,standard,32.50,2,5,26,no longer needed,closed,1
CUST-17174,2025-10-18,standard,33.50,2,2,15,missing features,closed,1
CUST-17175,2025-10-18,standard,35.64,2,1,6,,active,0
CUST-17176,2025-10-19,basic,12.99,2,6,44,moved to competitor,closed,1
CUST-17177,2025-10-19,basic,12.07,2,3,14,moved to competitor,closed,1
CUST-17178,2025-10-16,premium,82.73,2,0,35,,active,0
CUST-17179,2025-10-20,standard,37.58,2,1,21,,active,0
CUST-17180,2025-10-19,standard,32.59,2,0,20,,active,0
CUST-17181,2025-10-17,basic,11.09,2,0,19,,active,0
CUST-17182,2025-10-17,standard,36.92,2,0,6,,active,0
CUST-17183,2025-10-17,basic,13.16,2,4,23,missing features,closed,1
CUST-17184,2025-10-20,basic,12.39,2,0,19,,active,0
CUST-17185,2025-10-19,standard,34.84,2,1,1,,active,0
CUST-17186,2025-10-18,basic,13.53,2,5,27,missing features,closed,1
CUST-17187,2025-10-19,premium,95.11,2,2,2,,active,0
CUST-17188,2025-10-20,basic,13.45,2,1,23,,active,0
CUST-17189,2025-10-18,premium,93.97,2,0,12,,active,0
CUST-17190,2025-10-21,standard,35.99,2,4,26,poor support,closed,1
CUST-17191,2025-10-20,basic,12.90,2,1,24,,active,0
CUST-17192,2025-10-19,basic,11.15,2,1,21,,active,0
CUST-17193,2025-10-18,standard,33.48,2,5,32,poor support,closed,1
CUST-17194,2025-10-18,standard,33.92,2,4,0,poor support,closed,1
CUST-17195,2025-10-20,basic,13.33,2,2,10,,active,0
CUST-17196,2025-10-21,standard,32.42,2,0,21,,active,0
CUST-17197,2025-10-18,premium,82.94,2,1,4,,active,0
CUST-17198,2025-10-19,basic,13.39,2,5,26,poor support,closed,1
CUST-17199,2025-10-18,premium,92.52,2,1,1,,active,0
CUST-17200,2025-10-20,premium,101.77,2,2,23,,active,0
CUST-17201,2025-10-21,standard,31.90,2,1,17,,active,0
CUST-17202,2025-10-20,standard,38.18,2,0,22,,active,0
CUST-17203,2025-10-19,basic,13.15,2,0,27,,active,0
CUST-17204,2025-10-22,basic,11.67,2,2,13,,active,0
CUST-17205,2025-10-22,basic,11.11,2,1,16,,active,0
CUST-17206,2025-10-19,basic,11.85,2,3,33,missing features,closed,1
CUST-17207,2025-10-19,standard,38.01,2,4,22,moved to competitor,closed,1
CUST-17208,2025-10-21,standard,37.69,2,0,11,,active,0
CUST-17209,2025-10-19,premium,100.89,2,1,13,,active,0
CUST-17210,2025-10-19,standard,36.42,2,5,4,no longer needed,closed,1
CUST-17211,2025-10-20,basic,11.56,2,0,18,,active,0
CUST-17212,2025-10-20,basic,13.60,2,2,34,no longer needed,closed,1
CUST-17213,2025-10-23,basic,13.57,2,1,37,,active,0
CUST-17214,2025-10-22,standard,35.77,2,0,11,,active,0
CUST-17215,2025-10-20,basic,12.17,2,5,31,poor support,closed,1
CUST-17216,2025-10-23,basic,11.66,2,1,11,,active,0
CUST-17217,2025-10-22,basic,13.73,2,4,32,price,closed,1
CUST-17218,2025-10-21,standard,37.47,2,0,1,,active,0
CUST-17219,2025-10-20,standard,33.18,2,2,9,,active,0
CUST-17220,2025-10-21,basic,13.55,2,2,22,,active,0
CUST-17221,2025-10-20,premium,100.72,2,0,1,,active,0
CUST-17222,2025-10-24,basic,10.94,2,1,27,,active,0
CUST-17223,2025-10-23,basic,13.41,2,4,36,missing features,closed,1
CUST-17224,2025-10-23,standard,31.84,2,0,16,,active,0
CUST-17225,2025-10-23,standard,36.89,2,4,0,missing features,closed,1
CUST-17226,2025-10-24,basic,13.29,2,0,34,,active,0
CUST-17227,2025-10-23,standard,38.90,2,6,5,price,closed,1
CUST-17228,2025-10-22,standard,38.36,2,1,8,,active,0
CUST-17229,2025-10-23,basic,13.17,2,1,41,,active,0
CUST-17230,2025-10-21,basic,12.29,2,2,46,price,closed,1
CUST-17231,2025-10-22,standard,36.75,2,2,19,,active,0
CUST-17232,2025-10-24,premium,88.39,2,2,9,missing features,closed,1
CUST-17233,2025-10-25,basic,13.05,2,1,31,,active,0
CUST-17234,2025-10-24,basic,12.76,2,1,25,,active,0
CUST-17235,2025-10-22,standard,37.29,2,1,11,,active,0
CUST-17236,2025-10-25,standard,36.80,2,1,13,,active,0
CUST-17237,2025-10-25,standard,34.39,2,4,9,price,closed,1
CUST-17238,2025-10-22,basic,11.58,2,1,32,,active,0
CUST-17239,2025-10-23,basic,12.41,2,5,15,moved to competitor,closed,1
CUST-17240,2025-10-22,standard,36.10,2,2,16,,active,0
CUST-17241,2025-10-23,standard,36.98,2,0,7,,active,0
CUST-17242,2025-10-24,standard,34.04,2,2,15,,active,0
CUST-17243,2025-10-25,standard,34.42,2,1,1,,active,0
CUST-17244,2025-10-25,standard,36.83,2,0,23,,active,0
CUST-17245,2025-10-23,premium,98.34,2,1,10,,active,0
CUST-17246,2025-10-26,standard,32.98,2,5,15,missing features,closed,1
CUST-17247,2025-10-23,standard,36.09,2,0,24,,active,0
CUST-17248,2025-10-26,standard,34.00,2,0,11,,active,0
CUST-17249,2025-10-23,basic,13.20,2,0,22,,active,0
CUST-17250,2025-10-25,basic,11.99,2,3,31,price,closed,1
CUST-17251,2025-10-26,standard,36.97,2,2,3,,active,0
CUST-17252,2025-10-26,basic,10.85,2,4,34,price,closed,1
CUST-17253,2025-10-26,basic,13.16,2,5,30,no longer needed,closed,1
CUST-17254,2025-10-25,basic,12.67,2,2,29,missing features,closed,1
CUST-17255,2025-10-26,premium,91.15,2,0,3,,active,0
CUST-17256,2025-10-27,standard,34.23,2,0,12,,active,0
CUST-17257,2025-10-24,premium,82.30,2,0,18,,active,0
CUST-17258,2025-10-27,premium,90.78,2,1,9,,active,0
CUST-17259,2025-10-26,basic,11.21,2,1,13,,active,0
CUST-17260,2025-10-26,standard,34.63,2,0,25,,active,0
CUST-17261,2025-10-24,standard,38.65,2,2,16,,active,0
CUST-17262,2025-10-26,basic,12.74,2,4,20,price,closed,1
CUST-17263,2025-10-25,standard,31.66,2,1,12,,active,0
CUST-17264,2025-10-24,premium,98.32,2,1,16,,active,0
CUST-17265,2025-10-25,standard,35.48,2,1,6,no longer needed,closed,1
CUST-17266,2025-10-27,basic,12.85,2,4,25,missing features,closed,1
CUST-17267,2025-10-25,basic,11.11,2,6,20,poor support,closed,1
CUST-17268,2025-10-26,basic,10.98,2,2,21,poor support,closed,1
CUST-17269,2025-10-28,basic,12.15,2,0,24,,active,0
CUST-17270,2025-10-27,standard,39.85,2,1,12,,active,0
CUST-17271,2025-10-26,premium,92.80,2,5,15,moved to competitor,closed,1
CUST-17272,2025-10-27,basic,11.00,2,0,42,,active,0
CUST-17273,2025-10-27,standard,35.50,2,0,8,,active,0
CUST-17274,2025-10-25,standard,31.95,2,3,31,poor support,closed,1
CUST-17275,2025-10-26,basic,12.78,2,3,30,no longer needed,closed,1
CUST-17276,2025-10-26,standard,32.49,2,1,18,,active,0
CUST-17277,2025-10-27,premium,96.38,2,1,24,,active,0
CUST-17278,2025-10-27,standard,36.61,2,2,19,,active,0
CUST-17279,2025-10-27,standard,39.28,2,0,23,,active,0
CUST-17280,2025-10-27,standard,39.52,2,1,15,price,closed,1
CUST-17281,2025-10-27,basic,12.63,2,1,37,,active,0
CUST-17282,2025-10-28,standard,37.33,2,3,23,,active,0
CUST-17283,2025-10-29,premium,85.24,2,0,8,,active,0
CUST-17284,2025-10-28,basic,12.17,2,1,11,,active,0
CUST-17285,2025-10-27,standard,33.94,2,0,10,,active,0
CUST-17286,2025-10-28,premium,102.13,2,4,17,no longer needed,closed,1
CUST-17287,2025-10-29,standard,39.19,2,7,22,no longer needed,closed,1
CUST-17288,2025-10-28,standard,39.59,2,0,26,,active,0
CUST-17289,2025-10-27,basic,12.19,2,0,30,,active,0
CUST-17290,2025-10-28,basic,11.84,2,3,26,poor support,closed,1
CUST-17291,2025-10-30,basic,13.03,2,4,23,price,closed,1
CUST-17292,2025-10-30,basic,11.34,2,5,30,no longer needed,closed,1
CUST-17293,2025-10-28,basic,12.98,2,4,35,price,closed,1
CUST-17294,2025-10-30,standard,31.57,2,0,24,,active,0
CUST-17295,2025-10-27,premium,88.22,2,0,17,,active,0
CUST-17296,2025-10-27,premium,93.51,2,2,18,,active,0
CUST-17297,2025-10-27,premium,96.92,2,1,22,,active,0
CUST-17298,2025-10-27,basic,13.54,2,4,22,missing features,closed,1
CUST-17299,2025-10-31,standard,38.28,2,1,16,,active,0
CUST-17300,2025-10-28,premium,82.83,2,2,4,,active,0
CUST-17301,2025-10-31,basic,13.26,2,4,28,price,closed,1
CUST-17302,2025-10-31,premium,84.30,2,0,2,,active,0
CUST-17303,2025-10-31,basic,13.12,2,0,45,,active,0
CUST-17304,2025-10-29,basic,11.68,2,0,24,,active,0
CUST-17305,2025-10-28,standard,33.91,2,0,0,,active,0
CUST-17306,2025-10-29,basic,10.94,2,2,37,,active,0
CUST-17307,2025-10-28,basic,12.58,2,4,27,price,closed,1
CUST-17308,2025-10-30,standard,34.73,2,4,17,moved to competitor,closed,1
CUST-17309,2025-10-31,premium,85.80,2,0,18,,active,0
CUST-17310,2025-10-30,standard,35.82,2,1,16,,active,0
CUST-17311,2025-11-01,standard,36.71,2,0,1,,active,0
CUST-17312,2025-10-30,basic,12.70,2,5,27,moved to competitor,closed,1
CUST-17313,2025-10-31,standard,39.27,2,0,14,,active,0
CUST-17314,2025-10-30,standard,32.72,2,1,23,,active,0
CUST-17315,2025-10-31,basic,13.31,2,3,19,price,closed,1
CUST-17316,2025-10-31,standard,36.99,2,2,0,,active,0
CUST-17317,2025-11-01,standard,33.68,2,0,19,,active,0
CUST-17318,2025-10-29,standard,36.57,2,3,2,,active,0
CUST-17319,2025-10-29,standard,33.41,2,2,12,,active,0
CUST-17320,2025-10-29,standard,39.91,2,3,9,,active,0
CUST-17321,2025-10-31,premium,85.21,2,5,9,missing features,closed,1
CUST-17322,2025-11-01,premium,97.29,2,1,11,,active,0
CUST-17323,2025-10-30,basic,13.70,2,2,33,missing features,closed,1
CUST-17324,2025-10-30,standard,36.93,2,1,14,,active,0
CUST-17325,2025-11-02,basic,13.74,2,5,29,poor support,closed,1
CUST-17326,2025-10-31,basic,13.39,2,1,43,,active,0
CUST-17327,2025-11-02,standard,32.84,2,1,0,,active,0
CUST-17328,2025-10-31,standard,39.58,2,0,20,,active,0
CUST-17329,2025-11-01,premium,83.53,2,1,13,,active,0
CUST-17330,2025-10-31,premium,85.97,2,1,33,,active,0
CUST-17331,2025-10-30,premium,81.80,2,0,20,,active,0
CUST-17332,2025-10-31,basic,13.57,2,1,29,,active,0
CUST-17333,2025-11-02,basic,10.94,2,2,20,,active,0
CUST-17334,2025-11-03,basic,11.12,1,2,35,moved to competitor,closed,1
CUST-17335,2025-11-01,basic,12.70,2,4,19,poor support,closed,1
CUST-17336,2025-11-01,standard,39.86,2,0,6,,active,0
CUST-17337,2025-11-03,standard,37.71,1,0,17,,active,0
CUST-17338,2025-11-02,premium,85.01,2,2,15,,active,0
CUST-17339,2025-10-31,standard,32.14,2,1,11,,active,0
CUST-17340,2025-11-02,premium,92.07,2,2,6,,active,0
CUST-17341,2025-11-03,basic,12.18,1,1,24,,active,0
CUST-17342,2025-11-02,premium,100.28,2,1,8,,active,0
CUST-17343,2025-11-03,standard,39.66,1,1,5,,active,0
CUST-17344,2025-11-03,basic,11.37,1,1,27,,active,0
CUST-17345,2025-11-03,standard,39.15,1,1,11,,active,0
CUST-17346,2025-11-03,standard,38.73,1,1,15,,active,0
CUST-17347,2025-11-02,standard,35.57,2,1,23,,active,0
CUST-17348,2025-11-02,basic,12.47,2,4,33,missing features,closed,1
CUST-17349,2025-11-02,basic,12.62,2,1,20,,active,0
CUST-17350,2025-11-02,standard,35.60,2,2,20,,active,0
CUST-17351,2025-11-01,standard,38.21,2,1,13,,active,0
CUST-17352,2025-11-04,standard,34.67,1,3,26,price,closed,1
CUST-17353,2025-11-03,basic,11.06,1,0,17,,active,0
CUST-17354,2025-11-04,basic,13.62,1,2,15,price,closed,1
CUST-17355,2025-11-04,standard,31.64,1,6,0,price,closed,1
CUST-17356,2025-11-05,basic,13.68,1,5,17,moved to competitor,closed,1
CUST-17357,2025-11-02,standard,33.00,2,1,5,,active,0
CUST-17358,2025-11-04,premium,90.76,1,2,13,,active,0
CUST-17359,2025-11-02,premium,87.14,2,0,1,,active,0
CUST-17360,2025-11-02,standard,36.31,2,3,1,no longer needed,closed,1
CUST-17361,2025-11-04,standard,40.19,1,1,23,,active,0
CUST-17362,2025-11-02,standard,31.62,2,0,21,,active,0
CUST-17363,2025-11-03,standard,37.89,1,0,19,,active,0
CUST-17364,2025-11-03,basic,13.57,1,5,32,poor support,closed,1
CUST-17365,2025-11-04,basic,11.28,1,0,31,,active,0
CUST-17366,2025-11-06,standard,38.38,1,1,0,,active,0
CUST-17367,2025-11-04,premium,96.69,1,0,9,,active,0
CUST-17368,2025-11-06,standard,38.37,1,2,13,poor support,closed,1
CUST-17369,2025-11-05,basic,11.43,1,4,41,moved to competitor,closed,1
CUST-17370,2025-11-06,basic,11.79,1,3,15,poor support,closed,1
CUST-17371,2025-11-05,standard,37.06,1,4,10,poor support,closed,1
CUST-17372,2025-11-06,standard,33.15,1,2,16,,active,0
CUST-17373,2025-11-03,standard,31.70,1,2,16,,active,0
CUST-17374,2025-11-03,basic,13.49,1,0,11,,active,0
CUST-17375,2025-11-04,premium,80.17,1,2,6,,active,0
CUST-17376,2025-11-06,standard,38.91,1,1,0,,active,0
CUST-17377,2025-11-07,basic,12.92,1,2,30,poor support,closed,1
CUST-17378,2025-11-04,basic,12.63,1,3,28,missing features,closed,1
CUST-17379,2025-11-07,basic,11.24,1,3,30,price,closed,1
CUST-17380,2025-11-07,basic,12.79,1,5,43,poor support,closed,1
CUST-17381,2025-11-07,basic,11.28,1,2,31,price,closed,1
CUST-17382,2025-11-06,basic,13.71,1,1,24,,active,0
CUST-17383,2025-11-04,standard,37.70,1,4,18,moved to competitor,closed,1
CUST-17384,2025-11-04,basic,12.72,1,2,45,,active,0
CUST-17385,2025-11-07,standard,39.68,1,0,30,,active,0
CUST-17386,2025-11-04,basic,13.75,1,5,26,poor support,closed,1
CUST-17387,2025-11-05,standard,36.05,1,0,18,,active,0
CUST-17388,2025-11-07,basic,11.59,1,5,24,missing features,closed,1
CUST-17389,2025-11-08,basic,11.97,1,2,19,moved to competitor,closed,1
CUST-17390,2025-11-07,standard,32.71,1,4,0,no longer needed,closed,1
CUST-17391,2025-11-05,basic,12.95,1,4,20,missing features,closed,1
CUST-17392,2025-11-08,basic,10.97,1,1,20,,active,0
CUST-17393,2025-11-05,basic,12.98,1,2,19,,active,0
CUST-17394,2025-11-05,premium,94.37,1,3,10,no longer needed,closed,1
CUST-17395,2025-11-08,basic,10.83,1,1,28,,active,0
CUST-17396,2025-11-05,standard,38.85,1,3,17,missing features,closed,1
CUST-17397,2025-11-06,standard,36.19,1,4,12,no longer needed,closed,1
CUST-17398,2025-11-06,standard,33.31,1,0,12,,active,0
CUST-17399,2025-11-07,standard,32.44,1,1,12,,active,0
CUST-17400,2025-11-06,basic,13.52,1,0,40,,active,0
CUST-17401,2025-11-07,premium,89.09,1,5,21,price,closed,1
CUST-17402,2025-11-06,basic,11.40,1,1,22,,active,0
CUST-17403,2025-11-06,premium,87.30,1,2,14,no longer needed,closed,1
CUST-17404,2025-11-07,basic,11.10,1,1,29,,active,0
CUST-17405,2025-11-09,basic,11.99,1,0,34,,active,0
CUST-17406,2025-11-07,basic,12.41,1,0,11,,active,0
CUST-17407,2025-11-09,premium,83.52,1,1,0,,active,0
CUST-17408,2025-11-08,standard,36.92,1,1,20,moved to competitor,closed,1
CUST-17409,2025-11-10,premium,88.74,1,1,11,,active,0
CUST-17410,2025-11-08,standard,37.31,1,2,23,,active,0
CUST-17411,2025-11-10,basic,11.17,1,2,29,poor support,closed,1
CUST-17412,2025-11-07,standard,32.63,1,2,18,,active,0
CUST-17413,2025-11-09,basic,13.28,1,4,4,missing features,closed,1
CUST-17414,2025-11-09,basic,13.67,1,6,10,poor support,closed,1
CUST-17415,2025-11-08,basic,11.37,1,0,44,,active,0
CUST-17416,2025-11-10,standard,39.06,1,3,0,,active,0
CUST-17417,2025-11-08,basic,13.25,1,1,24,,active,0
CUST-17418,2025-11-10,standard,36.43,1,5,1,no longer needed,closed,1
CUST-17419,2025-11-08,standard,33.29,1,1,9,,active,0
CUST-17420,2025-11-08,standard,37.45,1,1,11,,active,0
CUST-17421,2025-11-09,standard,39.69,1,1,3,,active,0
CUST-17422,2025-11-08,standard,34.89,1,0,19,,active,0
CUST-17423,2025-11-09,standard,35.47,1,2,14,,active,0
CUST-17424,2025-11-10,premium,94.43,1,2,1,poor support,closed,1
CUST-17425,2025-11-11,standard,39.75,1,1,8,,active,0
CUST-17426,2025-11-09,standard,35.12,1,0,10,,active,0
CUST-17427,2025-11-09,basic,11.41,1,6,34,no longer needed,closed,1
CUST-17428,2025-11-10,basic,13.10,1,0,37,,active,0
CUST-17429,2025-11-09,basic,13.34,1,2,26,moved to competitor,closed,1
CUST-17430,2025-11-11,basic,12.48,1,0,9,,active,0
CUST-17431,2025-11-11,premium,97.09,1,0,4,,active,0
CUST-17432,2025-11-10,standard,37.58,1,2,21,price,closed,1
CUST-17433,2025-11-12,standard,35.60,1,0,11,,active,0
CUST-17434,2025-11-12,basic,13.31,1,5,22,no longer needed,closed,1
CUST-17435,2025-11-11,basic,11.80,1,1,14,,active,0
CUST-17436,2025-11-12,basic,11.86,1,3,30,poor support,closed,1
CUST-17437,2025-11-09,basic,13.23,1,2,31,price,closed,1
CUST-17438,2025-11-11,standard,39.83,1,1,6,,active,0
CUST-17439,2025-11-10,premium,92.23,1,1,12,,active,0
CUST-17440,2025-11-09,standard,34.60,1,3,1,,active,0
CUST-17441,2025-11-09,basic,12.12,1,0,26,,active,0
CUST-17442,2025-11-10,premium,88.03,1,1,16,no longer needed,closed,1
CUST-17443,2025-11-11,standard,33.37,1,2,14,,active,0
CUST-17444,2025-11-13,standard,38.39,1,0,19,,active,0
CUST-17445,2025-11-10,standard,39.06,1,0,0,,active,0
CUST-17446,2025-11-13,basic,10.87,1,0,27,,active,0
CUST-17447,2025-11-11,standard,33.67,1,0,33,,active,0
CUST-17448,2025-11-11,premium,91.36,1,2,9,,active,0
CUST-17449,2025-11-10,basic,13.66,1,3,27,missing features,closed,1
CUST-17450,2025-11-13,basic,12.78,1,1,25,,active,0
CUST-17451,2025-11-10,premium,101.10,1,2,26,,active,0
CUST-17452,2025-11-10,basic,11.94,1,5,13,moved to competitor,closed,1
CUST-17453,2025-11-11,basic,11.74,1,1,13,moved to competitor,closed,1
CUST-17454,2025-11-12,premium,87.36,1,3,7,,active,0
CUST-17455,2025-11-12,basic,13.64,1,2,31,poor support,closed,1
CUST-17456,2025-11-11,standard,40.23,1,1,3,,active,0
CUST-17457,2025-11-11,standard,36.09,1,4,28,moved to competitor,closed,1
CUST-17458,2025-11-14,basic,12.13,1,1,32,,active,0
CUST-17459,2025-11-14,standard,32.22,1,1,0,price,closed,1
CUST-17460,2025-11-14,standard,35.38,1,0,13,,active,0
CUST-17461,2025-11-11,premium,91.24,1,4,29,poor support,closed,1
CUST-17462,2025-11-13,premium,92.66,1,4,12,moved to competitor,closed,1
CUST-17463,2025-11-14,standard,33.83,1,1,19,,active,0
CUST-17464,2025-11-15,premium,91.48,1,3,28,missing features,closed,1
CUST-17465,2025-11-15,standard,35.33,1,4,15,moved to competitor,closed,1
CUST-17466,2025-11-12,basic,12.22,1,1,24,,active,0
CUST-17467,2025-11-12,standard,34.21,1,3,11,price,closed,1
CUST-17468,2025-11-12,standard,31.65,1,2,18,poor support,closed,1
CUST-17469,2025-11-14,standard,32.10,1,4,7,poor support,closed,1
CUST-17470,2025-11-15,standard,34.27,1,1,5,,active,0
CUST-17471,2025-11-15,standard,38.61,1,1,8,,active,0
CUST-17472,2025-11-15,basic,11.59,1,3,41,no longer needed,closed,1
CUST-17473,2025-11-12,standard,37.49,1,2,5,,active,0
CUST-17474,2025-11-14,standard,34.20,1,1,23,,active,0
CUST-17475,2025-11-15,premium,101.56,1,1,24,,active,0
CUST-17476,2025-11-16,standard,35.28,1,0,12,,active,0
CUST-17477,2025-11-16,standard,40.03,1,0,13,,active,0
CUST-17478,2025-11-14,premium,94.06,1,2,29,,active,0
CUST-17479,2025-11-14,standard,35.97,1,0,17,,active,0
CUST-17480,2025-11-16,standard,38.86,1,0,12,,active,0
CUST-17481,2025-11-15,basic,11.39,1,0,22,,active,0
CUST-17482,2025-11-15,premium,81.79,1,2,7,,active,0
CUST-17483,2025-11-16,basic,13.74,1,0,16,,active,0
CUST-17484,2025-11-13,basic,11.75,1,1,30,no longer needed,closed,1
CUST-17485,2025-11-14,basic,10.95,1,0,18,,active,0
CUST-17486,2025-11-15,basic,11.46,1,6,27,price,closed,1
CUST-17487,2025-11-14,standard,38.71,1,0,17,,active,0
CUST-17488,2025-11-16,standard,32.62,1,3,14,moved to competitor,closed,1
CUST-17489,2025-11-16,basic,13.02,1,0,28,,active,0
CUST-17490,2025-11-17,basic,11.56,1,3,22,moved to competitor,closed,1
CUST-17491,2025-11-17,basic,12.90,1,5,33,poor support,closed,1
CUST-17492,2025-11-17,basic,12.05,1,1,30,poor support,closed,1
CUST-17493,2025-11-17,standard,38.78,1,1,8,,active,0
CUST-17494,2025-11-16,standard,35.59,1,4,29,moved to competitor,closed,1
CUST-17495,2025-11-15,premium,89.81,1,1,11,,active,0
CUST-17496,2025-11-17,standard,36.97,1,2,0,missing features,closed,1
CUST-17497,2025-11-15,basic,12.30,1,1,32,,active,0
CUST-17498,2025-11-18,premium,86.95,1,4,13,moved to competitor,closed,1
CUST-17499,2025-11-18,basic,13.43,1,0,20,,active,0
CUST-17500,2025-11-17,basic,11.48,1,1,30,price,closed,1
CUST-17501,2025-11-18,basic,13.23,1,6,25,poor support,closed,1
CUST-17502,2025-11-17,basic,13.62,1,1,32,poor support,closed,1
CUST-17503,2025-11-17,standard,35.59,1,3,20,no longer needed,closed,1
CUST-17504,2025-11-17,premium,94.43,1,3,27,,active,0
CUST-17505,2025-11-18,premium,83.90,1,1,11,,active,0
CUST-17506,2025-11-15,standard,34.91,1,3,2,no longer needed,closed,1
CUST-17507,2025-11-16,basic,12.59,1,1,13,moved to competitor,closed,1
CUST-17508,2025-11-18,basic,11.11,1,4,36,moved to competitor,closed,1
CUST-17509,2025-11-16,standard,32.79,1,3,6,,active,0
CUST-17510,2025-11-18,standard,33.06,1,4,0,poor support,closed,1
CUST-17511,2025-11-19,premium,93.98,1,1,11,,active,0
CUST-17512,2025-11-17,standard,36.82,1,2,22,,active,0
CUST-17513,2025-11-19,premium,96.90,1,4,9,missing features,closed,1
CUST-17514,2025-11-17,basic,12.20,1,1,0,,active,0
CUST-17515,2025-11-17,standard,38.48,1,0,0,,active,0
CUST-17516,2025-11-18,basic,11.43,1,3,19,missing features,closed,1
CUST-17517,2025-11-16,basic,12.58,1,2,35,,active,0
CUST-17518,2025-11-17,basic,12.17,1,1,14,,active,0
CUST-17519,2025-11-20,basic,11.56,1,0,5,,active,0
CUST-17520,2025-11-17,basic,11.36,1,0,35,,active,0
CUST-17521,2025-11-20,basic,12.57,1,1,34,,active,0
CUST-17522,2025-11-20,premium,95.29,1,1,13,,active,0
CUST-17523,2025-11-19,basic,11.56,1,0,18,,active,0
CUST-17524,2025-11-18,basic,13.34,1,0,20,,active,0
CUST-17525,2025-11-19,premium,94.12,1,1,15,,active,0
CUST-17526,2025-11-20,basic,11.14,1,0,33,,active,0
CUST-17527,2025-11-18,standard,37.09,1,2,7,,active,0
CUST-17528,2025-11-20,premium,97.21,1,1,12,,active,0
CUST-17529,2025-11-19,premium,87.10,1,1,19,,active,0
CUST-17530,2025-11-18,standard,39.08,1,0,19,,active,0
CUST-17531,2025-11-20,premium,86.00,1,0,16,,active,0
CUST-17532,2025-11-18,basic,11.95,1,1,25,,active,0
CUST-17533,2025-11-20,standard,37.89,1,1,16,,active,0
CUST-17534,2025-11-19,basic,11.83,1,0,16,,active,0
CUST-17535,2025-11-19,premium,90.19,1,1,6,,active,0
CUST-17536,2025-11-18,standard,32.44,1,0,4,,active,0
CUST-17537,2025-11-18,basic,11.28,1,1,34,,active,0
CUST-17538,2025-11-20,premium,92.62,1,0,12,,active,0
CUST-17539,2025-11-18,premium,95.07,1,2,4,,active,0
CUST-17540,2025-11-19,basic,11.48,1,0,16,,active,0
CUST-17541,2025-11-20,basic,12.50,1,2,21,price,closed,1
CUST-17542,2025-11-21,standard,31.87,1,2,0,,active,0
CUST-17543,2025-11-22,basic,13.57,1,2,24,price,closed,1
CUST-17544,2025-11-22,standard,39.06,1,1,20,,active,0
CUST-17545,2025-11-21,standard,39.59,1,1,6,,active,0
CUST-17546,2025-11-22,basic,12.27,1,2,33,moved to competitor,closed,1
CUST-17547,2025-11-21,standard,37.15,1,4,16,missing features,closed,1
CUST-17548,2025-11-22,basic,13.36,1,3,32,price,closed,1
CUST-17549,2025-11-19,premium,102.21,1,1,7,,active,0
CUST-17550,2025-11-19,premium,91.39,1,1,8,,active,0
CUST-17551,2025-11-22,basic,12.34,1,3,30,,active,0
CUST-17552,2025-11-23,basic,12.82,1,2,25,missing features,closed,1
CUST-17553,2025-11-20,premium,92.95,1,0,0,,active,0
CUST-17554,2025-11-22,standard,32.46,1,0,0,,active,0
CUST-17555,2025-11-21,basic,13.33,1,1,29,price,closed,1
CUST-17556,2025-11-23,premium,81.91,1,0,15,,active,0
CUST-17557,2025-11-22,standard,39.71,1,4,14,moved to competitor,closed,1
CUST-17558,2025-11-20,premium,89.15,1,0,25,,active,0
CUST-17559,2025-11-21,standard,35.63,1,1,8,price,closed,1
CUST-17560,2025-11-22,basic,13.61,1,0,19,,active,0
CUST-17561,2025-11-20,basic,11.66,1,3,30,no longer needed,closed,1
CUST-17562,2025-11-24,standard,33.47,1,1,21,,active,0
CUST-17563,2025-11-24,basic,13.44,1,3,30,moved to competitor,closed,1
CUST-17564,2025-11-22,standard,38.49,1,0,20,,active,0
CUST-17565,2025-11-23,standard,39.84,1,0,26,,active,0
CUST-17566,2025-11-21,standard,39.79,1,1,9,,active,0
CUST-17567,2025-11-21,standard,37.75,1,0,13,,active,0
CUST-17568,2025-11-22,premium,99.40,1,0,23,,active,0
CUST-17569,2025-11-22,basic,13.44,1,2,43,moved to competitor,closed,1
CUST-17570,2025-11-23,basic,11.02,1,3,24,missing features,closed,1
CUST-17571,2025-11-23,basic,10.90,1,1,36,,active,0
CUST-17572,2025-11-21,basic,11.26,1,2,25,,active,0
CUST-17573,2025-11-24,premium,85.68,1,2,21,,active,0
CUST-17574,2025-11-22,basic,10.98,1,5,35,price,closed,1
CUST-17575,2025-11-25,basic,13.26,1,1,29,,active,0
CUST-17576,2025-11-24,standard,38.83,1,1,6,,active,0
CUST-17577,2025-11-25,basic,12.20,1,0,22,,active,0
CUST-17578,2025-11-24,standard,38.15,1,0,22,,active,0
CUST-17579,2025-11-23,basic,11.53,1,1,33,missing features,closed,1
CUST-17580,2025-11-25,basic,12.47,1,3,39,price,closed,1
CUST-17581,2025-11-23,basic,12.92,1,1,37,,active,0
CUST-17582,2025-11-25,standard,39.16,1,2,20,,active,0
CUST-17583,2025-11-22,standard,33.03,1,1,9,,active,0
CUST-17584,2025-11-24,premium,84.10,1,0,4,,active,0
CUST-17585,2025-11-23,standard,39.37,1,4,21,price,closed,1
CUST-17586,2025-11-24,standard,32.65,1,0,17,,active,0
CUST-17587,2025-11-25,basic,13.80,1,1,14,,active,0
CUST-17588,2025-11-25,basic,13.32,1,4,18,no longer needed,closed,1
CUST-17589,2025-11-25,premium,85.75,1,2,5,,active,0
CUST-17590,2025-11-26,standard,33.07,1,6,4,missing features,closed,1
CUST-17591,2025-11-26,standard,33.67,1,0,17,,active,0
CUST-17592,2025-11-23,basic,13.68,1,4,35,price,closed,1
CUST-17593,2025-11-24,basic,13.15,1,1,17,,active,0
CUST-17594,2025-11-26,basic,13.39,1,1,26,,active,0
CUST-17595,2025-11-27,basic,11.77,1,0,20,,active,0
CUST-17596,2025-11-26,basic,11.21,1,1,24,,active,0
CUST-17597,2025-11-25,basic,11.93,1,3,36,no longer needed,closed,1
CUST-17598,2025-11-25,basic,11.78,1,2,31,,active,0
CUST-17599,2025-11-25,premium,97.03,1,0,9,,active,0
CUST-17600,2025-11-26,basic,13.16,1,1,42,,active,0
CUST-17601,2025-11-26,standard,39.56,1,2,30,missing features,closed,1
CUST-17602,2025-11-26,standard,32.14,1,6,0,price,closed,1
CUST-17603,2025-11-27,premium,92.05,1,1,0,,active,0
CUST-17604,2025-11-27,basic,12.36,1,3,49,,active,0
CUST-17605,2025-11-26,basic,12.89,1,0,36,,active,0
CUST-17606,2025-11-28,basic,11.01,1,6,18,no longer needed,closed,1
CUST-17607,2025-11-27,standard,38.94,1,2,13,,active,0
CUST-17608,2025-11-27,premium,81.90,1,1,16,,active,0
CUST-17609,2025-11-25,basic,12.80,1,5,10,price,closed,1
CUST-17610,2025-11-25,basic,12.36,1,1,14,,active,0
CUST-17611,2025-11-26,standard,39.73,1,2,14,,active,0
CUST-17612,2025-11-28,basic,10.87,1,1,16,,active,0
CUST-17613,2025-11-26,premium,99.03,1,3,9,,active,0
CUST-17614,2025-11-25,premium,87.19,1,0,3,,active,0
CUST-17615,2025-11-28,basic,12.66,1,0,22,,active,0
CUST-17616,2025-11-26,basic,11.41,1,0,24,,active,0
CUST-17617,2025-11-27,standard,36.96,1,2,23,,active,0
CUST-17618,2025-11-29,standard,38.15,1,1,26,,active,0
CUST-17619,2025-11-29,basic,11.98,1,2,15,missing features,closed,1
CUST-17620,2025-11-28,premium,101.12,1,1,17,,active,0
CUST-17621,2025-11-26,premium,94.49,1,1,6,missing features,closed,1
CUST-17622,2025-11-27,standard,32.83,1,3,32,missing features,closed,1
CUST-17623,2025-11-28,standard,40.21,1,4,9,poor support,closed,1
CUST-17624,2025-11-27,premium,84.30,1,4,16,no longer needed,closed,1
CUST-17625,2025-11-29,basic,11.15,1,0,21,,active,0
CUST-17626,2025-11-29,standard,35.38,1,0,0,,active,0
CUST-17627,2025-11-29,standard,31.57,1,1,21,,active,0
CUST-17628,2025-11-29,basic,11.54,1,0,10,,active,0
CUST-17629,2025-11-28,premium,100.78,1,5,6,poor support,closed,1
CUST-17630,2025-11-27,premium,96.28,1,1,19,,active,0
CUST-17631,2025-11-27,basic,13.63,1,3,16,poor support,closed,1
CUST-17632,2025-11-28,basic,12.49,1,0,28,,active,0
CUST-17633,2025-11-27,standard,32.09,1,1,16,,active,0
CUST-17634,2025-11-29,standard,35.87,1,4,6,moved to competitor,closed,1
CUST-17635,2025-11-27,basic,12.93,1,4,28,poor support,closed,1
CUST-17636,2025-11-30,basic,12.03,1,4,30,missing features,closed,1
CUST-17637,2025-11-29,basic,13.00,1,3,26,missing features,closed,1
CUST-17638,2025-11-27,standard,34.04,1,0,22,,active,0
CUST-17639,2025-12-01,premium,87.64,1,1,22,,active,0
CUST-17640,2025-12-01,basic,12.82,1,1,15,,active,0
CUST-17641,2025-11-28,standard,33.19,1,1,10,,active,0
CUST-17642,2025-12-01,premium,99.39,1,2,6,,active,0
CUST-17643,2025-12-01,standard,32.74,1,0,9,,active,0
CUST-17644,2025-11-29,basic,12.70,1,4,40,moved to competitor,closed,1
CUST-17645,2025-11-30,basic,13.78,1,1,35,poor support,closed,1
CUST-17646,2025-12-01,premium,81.31,1,0,18,,active,0
CUST-17647,2025-11-28,premium,92.77,1,0,9,,active,0
CUST-17648,2025-11-28,basic,11.49,1,2,17,,active,0
CUST-17649,2025-11-28,basic,12.33,1,3,25,price,closed,1
CUST-17650,2025-11-30,basic,11.14,1,0,29,,active,0
CUST-17651,2025-12-02,standard,31.61,1,3,25,,active,0
CUST-17652,2025-12-02,premium,83.61,1,2,17,,active,0
CUST-17653,2025-11-30,basic,12.52,1,4,30,price,closed,1
CUST-17654,2025-11-30,basic,12.15,1,0,37,,active,0
CUST-17655,2025-11-30,basic,12.99,1,1,32,poor support,closed,1
CUST-17656,2025-12-01,premium,92.05,1,1,0,,active,0
CUST-17657,2025-12-01,premium,98.08,1,4,11,moved to competitor,closed,1
CUST-17658,2025-12-01,basic,13.59,1,1,25,,active,0
CUST-17659,2025-11-29,basic,12.14,1,0,25,,active,0
CUST-17660,2025-11-29,standard,33.88,1,4,30,missing features,closed,1
CUST-17661,2025-12-01,standard,39.38,1,0,14,,active,0
CUST-17662,2025-12-02,premium,94.84,1,0,11,,active,0
CUST-17663,2025-12-01,basic,10.89,1,2,36,poor support,closed,1
CUST-17664,2025-12-02,standard,32.29,1,2,12,,active,0
CUST-17665,2025-12-02,premium,92.94,1,5,8,poor support,closed,1
CUST-17666,2025-12-03,premium,96.56,1,1,13,,active,0
CUST-17667,2025-11-30,basic,11.62,1,5,48,no longer needed,closed,1
CUST-17668,2025-12-01,standard,34.88,1,1,23,,active,0
CUST-17669,2025-12-03,basic,11.31,1,3,19,missing features,closed,1
CUST-17670,2025-11-30,premium,83.94,1,1,18,,active,0
CUST-17671,2025-12-02,basic,12.26,1,0,28,,active,0
CUST-17672,2025-12-03,basic,13.56,1,2,37,poor support,closed,1
CUST-17673,2025-12-03,basic,12.02,1,0,30,,active,0
CUST-17674,2025-12-01,standard,32.92,1,0,3,,active,0
CUST-17675,2025-12-01,standard,33.28,1,1,20,moved to competitor,closed,1
CUST-17676,2025-12-03,standard,40.09,1,2,12,,active,0
CUST-17677,2025-12-01,basic,12.46,1,5,23,no longer needed,closed,1
CUST-17678,2025-12-01,basic,11.84,1,3,31,price,closed,1
CUST-17679,2025-12-04,basic,12.35,1,6,34,missing features,closed,1
CUST-17680,2025-12-03,standard,38.67,1,1,13,,active,0
CUST-17681,2025-12-01,standard,39.45,1,1,9,,active,0
CUST-17682,2025-12-02,standard,31.87,1,4,24,poor support,closed,1
CUST-17683,2025-12-03,standard,34.07,1,0,13,,active,0
CUST-17684,2025-12-02,basic,12.25,1,6,29,moved to competitor,closed,1
CUST-17685,2025-12-03,basic,12.39,1,5,26,no longer needed,closed,1
CUST-17686,2025-12-02,standard,35.15,1,2,10,,active,0
CUST-17687,2025-12-04,standard,37.19,1,5,16,poor support,closed,1
CUST-17688,2025-12-05,standard,36.21,1,0,11,,active,0
CUST-17689,2025-12-05,standard,38.58,1,2,27,,active,0
CUST-17690,2025-12-03,standard,35.13,1,3,1,,active,0
CUST-17691,2025-12-04,basic,13.46,1,2,19,moved to competitor,closed,1
CUST-17692,2025-12-03,premium,96.04,1,4,21,price,closed,1
CUST-17693,2025-12-05,basic,11.35,1,1,51,,active,0
CUST-17694,2025-12-05,basic,11.02,1,3,37,poor support,closed,1
CUST-17695,2025-12-05,standard,33.04,1,0,11,,active,0
CUST-17696,2025-12-04,standard,37.31,1,5,27,poor support,closed,1
CUST-17697,2025-12-06,basic,12.30,1,4,12,moved to competitor,closed,1
CUST-17698,2025-12-03,standard,39.21,1,3,21,,active,0
CUST-17699,2025-12-04,premium,100.00,1,0,9,,active,0
CUST-17700,2025-12-03,basic,11.66,1,0,30,,active,0
CUST-17701,2025-12-04,basic,13.29,1,2,19,moved to competitor,closed,1
CUST-17702,2025-12-05,basic,13.60,1,1,25,,active,0
CUST-17703,2025-12-06,standard,32.42,1,1,4,,active,0
CUST-17704,2025-12-06,basic,12.63,1,4,30,poor support,closed,1
CUST-17705,2025-12-05,standard,35.30,1,4,24,price,closed,1
CUST-17706,2025-12-07,standard,36.85,1,2,6,,active,0
CUST-17707,2025-12-05,standard,37.24,1,1,13,,active,0
CUST-17708,2025-12-07,basic,11.10,1,2,16,price,closed,1
CUST-17709,2025-12-07,premium,93.54,1,0,7,,active,0
CUST-17710,2025-12-04,basic,11.79,1,0,33,,active,0
CUST-17711,2025-12-05,standard,37.17,1,1,0,,active,0
CUST-17712,2025-12-04,standard,39.10,1,2,8,,active,0
CUST-17713,2025-12-04,standard,32.58,1,0,18,,active,0
CUST-17714,2025-12-05,basic,10.88,1,2,16,,active,0
CUST-17715,2025-12-06,basic,12.56,1,3,32,poor support,closed,1
CUST-17716,2025-12-07,standard,31.71,1,2,0,,active,0
CUST-17717,2025-12-08,standard,36.48,1,0,0,,active,0
CUST-17718,2025-12-05,premium,94.89,1,3,29,poor support,closed,1
CUST-17719,2025-12-06,standard,36.91,1,1,22,,active,0
CUST-17720,2025-12-07,standard,38.22,1,3,4,no longer needed,closed,1
CUST-17721,2025-12-08,standard,35.69,1,2,16,,active,0
CUST-17722,2025-12-08,premium,89.09,1,2,13,,active,0
CUST-17723,2025-12-05,standard,35.99,1,0,20,,active,0
CUST-17724,2025-12-08,basic,11.36,1,2,22,,active,0
CUST-17725,2025-12-08,premium,94.45,1,0,7,,active,0
CUST-17726,2025-12-06,basic,13.69,1,3,23,price,closed,1
CUST-17727,2025-12-09,basic,13.72,1,3,30,missing features,closed,1
CUST-17728,2025-12-08,basic,13.47,1,2,40,price,closed,1
CUST-17729,2025-12-07,basic,11.70,1,3,24,no longer needed,closed,1
CUST-17730,2025-12-06,standard,33.21,1,4,16,moved to competitor,closed,1
CUST-17731,2025-12-06,basic,13.63,1,0,5,,active,0
CUST-17732,2025-12-06,basic,11.51,1,0,24,,active,0
CUST-17733,2025-12-09,basic,13.05,1,1,18,,active,0
CUST-17734,2025-12-09,basic,12.86,1,2,22,,active,0
CUST-17735,2025-12-09,premium,85.64,1,5,28,no longer needed,closed,1
CUST-17736,2025-12-09,standard,36.22,1,1,1,,active,0
CUST-17737,2025-12-10,standard,32.73,1,2,21,,active,0
CUST-17738,2025-12-10,standard,33.76,1,1,0,,active,0
CUST-17739,2025-12-07,standard,37.60,1,1,0,price,closed,1
CUST-17740,2025-12-08,premium,99.72,1,2,4,,active,0
CUST-17741,2025-12-08,basic,12.26,1,1,29,,active,0
CUST-17742,2025-12-08,basic,11.90,1,1,18,,active,0
CUST-17743,2025-12-10,premium,82.67,1,0,32,,active,0
CUST-17744,2025-12-07,premium,98.05,1,0,17,,active,0
CUST-17745,2025-12-09,basic,11.93,1,1,26,,active,0
CUST-17746,2025-12-09,basic,12.15,1,5,23,moved to competitor,closed,1
CUST-17747,2025-12-08,standard,37.66,1,0,16,,active,0
CUST-17748,2025-12-09,premium,101.60,1,1,13,,active,0
CUST-17749,2025-12-08,standard,37.16,1,0,10,,active,0
CUST-17750,2025-12-10,basic,11.28,1,1,8,,active,0
CUST-17751,2025-12-09,basic,11.70,1,1,29,moved to competitor,closed,1
CUST-17752,2025-12-08,basic,13.59,1,3,41,missing features,closed,1
CUST-17753,2025-12-10,basic,11.90,1,5,24,moved to competitor,closed,1
CUST-17754,2025-12-11,basic,11.14,1,0,32,,active,0
CUST-17755,2025-12-10,basic,12.04,1,0,8,,active,0
CUST-17756,2025-12-08,basic,12.73,1,0,16,,active,0
CUST-17757,2025-12-11,basic,11.95,1,5,29,moved to competitor,closed,1
CUST-17758,2025-12-11,standard,38.88,1,1,18,,active,0
CUST-17759,2025-12-11,standard,35.36,1,4,8,moved to competitor,closed,1
CUST-17760,2025-12-11,standard,33.54,1,3,9,no longer needed,closed,1
CUST-17761,2025-12-09,basic,13.16,1,2,27,,active,0
CUST-17762,2025-12-10,standard,37.23,1,0,7,,active,0
CUST-17763,2025-12-10,basic,12.80,1,0,32,,active,0
CUST-17764,2025-12-10,standard,38.75,1,6,9,poor support,closed,1
CUST-17765,2025-12-09,standard,34.91,1,1,8,,active,0
CUST-17766,2025-12-09,basic,12.40,1,6,33,missing features,closed,1
CUST-17767,2025-12-10,basic,11.69,1,3,23,no longer needed,closed,1
CUST-17768,2025-12-10,standard,35.32,1,2,23,,active,0
CUST-17769,2025-12-09,standard,39.25,1,3,18,,active,0
CUST-17770,2025-12-12,premium,99.31,1,1,22,,active,0
CUST-17771,2025-12-12,premium,99.94,1,5,0,missing features,closed,1
CUST-17772,2025-12-10,premium,97.65,1,2,3,price,closed,1
CUST-17773,2025-12-13,premium,96.16,1,3,1,missing features,closed,1
CUST-17774,2025-12-11,basic,12.86,1,1,36,,active,0
CUST-17775,2025-12-13,basic,11.37,1,0,16,,active,0
CUST-17776,2025-12-11,basic,12.04,1,3,14,no longer needed,closed,1
CUST-17777,2025-12-13,basic,12.92,1,3,38,moved to competitor,closed,1
CUST-17778,2025-12-12,standard,32.25,1,1,5,,active,0
CUST-17779,2025-12-11,premium,93.20,1,4,17,price,closed,1
CUST-17780,2025-12-11,basic,11.69,1,2,30,no longer needed,closed,1
CUST-17781,2025-12-12,basic,12.31,1,0,28,,active,0
CUST-17782,2025-12-13,standard,40.08,1,0,14,,active,0
CUST-17783,2025-12-14,basic,11.18,1,1,19,,active,0
CUST-17784,2025-12-12,premium,85.12,1,0,1,,active,0
CUST-17785,2025-12-14,basic,12.28,1,0,24,,active,0
CUST-17786,2025-12-12,standard,39.85,1,1,0,,active,0
CUST-17787,2025-12-12,standard,40.20,1,2,0,missing features,closed,1
CUST-17788,2025-12-14,premium,94.94,1,1,14,moved to competitor,closed,1
CUST-17789,2025-12-14,premium,99.99,1,0,2,,active,0
CUST-17790,2025-12-12,basic,13.68,1,2,27,no longer needed,closed,1
CUST-17791,2025-12-14,basic,12.63,1,0,22,,active,0
CUST-17792,2025-12-12,basic,13.33,1,2,25,,active,0
CUST-17793,2025-12-15,standard,35.23,1,0,22,,active,0
CUST-17794,2025-12-15,basic,13.10,1,0,28,,active,0
CUST-17795,2025-12-12,basic,12.56,1,5,29,moved to competitor,closed,1
CUST-17796,2025-12-14,premium,85.86,1,3,13,missing features,closed,1
CUST-17797,2025-12-14,standard,32.99,1,2,16,price,closed,1
CUST-17798,2025-12-15,standard,32.46,1,1,25,,active,0
CUST-17799,2025-12-12,standard,37.61,1,0,8,,active,0
CUST-17800,2025-12-12,premium,83.07,1,0,15,,active,0
CUST-17801,2025-12-15,standard,37.41,1,1,8,,active,0
CUST-17802,2025-12-13,basic,13.71,1,2,32,price,closed,1
CUST-17803,2025-12-14,basic,10.83,1,5,31,missing features,closed,1
CUST-17804,2025-12-15,basic,13.30,1,4,6,missing features,closed,1
CUST-17805,2025-12-14,premium,99.24,1,1,35,,active,0
CUST-17806,2025-12-16,basic,12.70,1,0,35,,active,0
CUST-17807,2025-12-14,basic,10.92,1,1,17,,active,0
CUST-17808,2025-12-13,premium,100.78,1,0,9,,active,0
CUST-17809,2025-12-16,standard,35.72,1,2,25,,active,0
CUST-17810,2025-12-16,premium,85.71,1,2,11,,active,0
CUST-17811,2025-12-14,premium,87.12,1,0,23,,active,0
CUST-17812,2025-12-13,basic,11.35,1,0,19,,active,0
CUST-17813,2025-12-14,standard,39.77,1,0,10,,active,0
CUST-17814,2025-12-17,basic,13.44,1,0,36,,active,0
CUST-17815,2025-12-14,basic,11.27,1,0,54,,active,0
CUST-17816,2025-12-16,standard,32.42,1,0,0,,active,0
CUST-17817,2025-12-16,premium,99.96,1,1,7,,active,0
CUST-17818,2025-12-15,standard,34.73,1,0,23,,active,0
CUST-17819,2025-12-17,standard,35.87,1,1,32,,active,0
CUST-17820,2025-12-17,basic,11.00,1,0,22,,active,0
CUST-17821,2025-12-14,standard,39.24,1,1,0,poor support,closed,1
CUST-17822,2025-12-17,standard,35.68,1,1,18,,active,0
CUST-17823,2025-12-14,premium,83.74,1,3,25,moved to competitor,closed,1
CUST-17824,2025-12-14,standard,37.35,1,0,9,,active,0
CUST-17825,2025-12-15,standard,32.78,1,1,23,,active,0
CUST-17826,2025-12-17,basic,12.15,1,0,35,,active,0
CUST-17827,2025-12-16,basic,12.68,1,3,30,price,closed,1
CUST-17828,2025-12-18,premium,88.30,1,0,3,,active,0
CUST-17829,2025-12-18,basic,13.16,1,0,23,,active,0
CUST-17830,2025-12-16,premium,100.33,1,1,18,,active,0
CUST-17831,2025-12-17,standard,32.80,1,2,20,,active,0
CUST-17832,2025-12-18,standard,34.97,1,1,16,,active,0
CUST-17833,2025-12-18,standard,33.48,1,0,15,,active,0
CUST-17834,2025-12-18,basic,12.86,1,4,17,price,closed,1
CUST-17835,2025-12-18,standard,31.72,1,2,24,,active,0
CUST-17836,2025-12-19,basic,10.98,1,1,32,,active,0
CUST-17837,2025-12-17,basic,12.20,1,5,26,no longer needed,closed,1
CUST-17838,2025-12-17,basic,12.51,1,3,21,poor support,closed,1
CUST-17839,2025-12-19,standard,39.89,1,0,0,,active,0
CUST-17840,2025-12-17,basic,12.74,1,2,23,missing features,closed,1
CUST-17841,2025-12-16,basic,13.05,1,0,21,,active,0
CUST-17842,2025-12-18,basic,13.25,1,0,38,,active,0
CUST-17843,2025-12-18,basic,13.15,1,4,40,poor support,closed,1
CUST-17844,2025-12-19,standard,33.63,1,0,26,,active,0
CUST-17845,2025-12-19,premium,84.95,1,4,10,poor support,closed,1
CUST-17846,2025-12-18,standard,34.91,1,1,7,,active,0
CUST-17847,2025-12-18,basic,10.95,1,0,18,,active,0
CUST-17848,2025-12-19,standard,36.79,1,1,22,,active,0
CUST-17849,2025-12-20,basic,13.32,1,1,20,missing features,closed,1
CUST-17850,2025-12-17,standard,34.35,1,1,5,,active,0
CUST-17851,2025-12-18,standard,31.75,1,1,7,,active,0
CUST-17852,2025-12-19,basic,11.59,1,2,41,missing features,closed,1
CUST-17853,2025-12-19,standard,38.23,1,4,19,no longer needed,closed,1
CUST-17854,2025-12-18,basic,11.28,1,0,18,,active,0
CUST-17855,2025-12-19,standard,31.80,1,0,11,,active,0
CUST-17856,2025-12-20,standard,38.06,1,0,4,,active,0
CUST-17857,2025-12-18,basic,12.04,1,5,26,price,closed,1
CUST-17858,2025-12-18,standard,32.87,1,0,0,,active,0
CUST-17859,2025-12-20,premium,99.60,1,0,12,,active,0
CUST-17860,2025-12-20,premium,95.38,1,1,24,,active,0
CUST-17861,2025-12-21,standard,34.03,1,1,6,,active,0
CUST-17862,2025-12-19,standard,36.12,1,1,0,,active,0
CUST-17863,2025-12-19,standard,37.63,1,1,15,,active,0
CUST-17864,2025-12-19,standard,39.57,1,3,8,,active,0
CUST-17865,2025-12-19,basic,13.48,1,2,28,no longer needed,closed,1
CUST-17866,2025-12-21,basic,11.55,1,6,24,missing features,closed,1
CUST-17867,2025-12-20,basic,12.15,1,1,20,,active,0
CUST-17868,2025-12-18,premium,86.83,1,3,13,poor support,closed,1
CUST-17869,2025-12-21,basic,11.65,1,1,16,,active,0
CUST-17870,2025-12-22,standard,34.21,1,0,14,,active,0
CUST-17871,2025-12-19,basic,13.17,1,5,20,no longer needed,closed,1
CUST-17872,2025-12-22,basic,12.99,1,1,22,,active,0
CUST-17873,2025-12-22,standard,34.33,1,3,31,no longer needed,closed,1
CUST-17874,2025-12-21,basic,13.19,1,2,53,price,closed,1
CUST-17875,2025-12-22,basic,12.19,1,1,12,,active,0
CUST-17876,2025-12-21,premium,88.54,1,0,0,,active,0
CUST-17877,2025-12-20,basic,12.67,1,4,33,price,closed,1
CUST-17878,2025-12-22,basic,11.03,1,0,37,,active,0
CUST-17879,2025-12-19,basic,11.15,1,2,26,moved to competitor,closed,1
CUST-17880,2025-12-22,basic,11.50,1,1,29,no longer needed,closed,1
CUST-17881,2025-12-23,basic,11.59,1,0,33,,active,0
CUST-17882,2025-12-23,standard,35.47,1,4,15,no longer needed,closed,1
CUST-17883,2025-12-22,standard,36.12,1,3,22,moved to competitor,closed,1
CUST-17884,2025-12-23,standard,38.42,1,0,14,,active,0
CUST-17885,2025-12-21,standard,32.98,1,1,2,,active,0
CUST-17886,2025-12-22,standard,38.30,1,1,22,,active,0
CUST-17887,2025-12-23,premium,87.29,1,1,13,,active,0
CUST-17888,2025-12-22,basic,11.98,1,0,31,,active,0
CUST-17889,2025-12-23,standard,35.19,1,4,0,moved to competitor,closed,1
CUST-17890,2025-12-22,standard,35.06,1,0,5,,active,0
CUST-17891,2025-12-22,basic,12.88,1,1,29,moved to competitor,closed,1
CUST-17892,2025-12-21,standard,31.73,1,0,9,,active,0
CUST-17893,2025-12-23,standard,32.18,1,1,0,,active,0
CUST-17894,2025-12-24,premium,90.45,1,3,23,missing features,closed,1
CUST-17895,2025-12-23,basic,12.82,1,0,34,,active,0
CUST-17896,2025-12-22,standard,37.68,1,0,10,,active,0
CUST-17897,2025-12-24,standard,33.35,1,1,19,,active,0
CUST-17898,2025-12-23,basic,11.84,1,1,16,,active,0
CUST-17899,2025-12-21,premium,81.14,1,0,18,,active,0
CUST-17900,2025-12-22,basic,10.87,1,1,30,,active,0
CUST-17901,2025-12-23,standard,39.97,1,0,1,,active,0
CUST-17902,2025-12-23,basic,11.98,1,1,25,,active,0
CUST-17903,2025-12-24,standard,37.59,1,2,39,moved to competitor,closed,1
CUST-17904,2025-12-22,basic,13.52,1,0,29,,active,0
CUST-17905,2025-12-25,standard,32.61,1,0,24,,active,0
CUST-17906,2025-12-25,premium,85.86,1,5,28,poor support,closed,1
CUST-17907,2025-12-25,standard,35.49,1,1,15,,active,0
CUST-17908,2025-12-22,basic,12.69,1,2,35,no longer needed,closed,1
CUST-17909,2025-12-24,basic,13.52,1,5,12,price,closed,1
CUST-17910,2025-12-23,premium,94.73,1,2,16,,active,0
CUST-17911,2025-12-25,standard,37.85,1,0,25,,active,0
CUST-17912,2025-12-24,basic,13.05,1,0,35,,active,0
CUST-17913,2025-12-25,standard,34.57,1,1,15,,active,0
CUST-17914,2025-12-23,basic,13.44,1,0,39,,active,0
CUST-17915,2025-12-26,standard,39.13,1,0,6,,active,0
CUST-17916,2025-12-23,standard,37.70,1,3,27,moved to competitor,closed,1
CUST-17917,2025-12-23,standard,35.88,1,0,18,,active,0
CUST-17918,2025-12-24,basic,11.46,1,1,37,no longer needed,closed,1
CUST-17919,2025-12-23,standard,39.17,1,0,11,,active,0
CUST-17920,2025-12-26,standard,38.92,1,4,26,price,closed,1
CUST-17921,2025-12-24,standard,38.10,1,0,12,,active,0
CUST-17922,2025-12-23,basic,11.73,1,4,29,no longer needed,closed,1
CUST-17923,2025-12-24,basic,13.66,1,0,7,,active,0
CUST-17924,2025-12-26,basic,13.23,1,2,30,price,closed,1
CUST-17925,2025-12-26,standard,34.92,1,0,9,,active,0
CUST-17926,2025-12-27,standard,33.91,1,1,1,,active,0
CUST-17927,2025-12-26,standard,38.43,1,2,9,,active,0
CUST-17928,2025-12-24,standard,34.85,1,2,16,,active,0
CUST-17929,2025-12-25,standard,37.55,1,1,7,,active,0
CUST-17930,2025-12-24,standard,38.66,1,1,33,,active,0
CUST-17931,2025-12-27,basic,12.79,1,3,24,no longer needed,closed,1
CUST-17932,2025-12-26,basic,11.34,1,1,25,,active,0
CUST-17933,2025-12-25,basic,12.14,1,0,34,,active,0
CUST-17934,2025-12-24,premium,99.19,1,1,13,,active,0
CUST-17935,2025-12-26,basic,12.23,1,2,27,,active,0
CUST-17936,2025-12-27,basic,11.83,1,3,42,poor support,closed,1
CUST-17937,2025-12-27,basic,11.45,1,4,44,moved to competitor,closed,1
CUST-17938,2025-12-25,standard,39.39,1,1,2,,active,0
CUST-17939,2025-12-26,standard,37.59,1,1,6,,active,0
CUST-17940,2025-12-27,premium,83.09,1,2,17,no longer needed,closed,1
CUST-17941,2025-12-27,standard,38.43,1,0,11,,active,0
CUST-17942,2025-12-26,premium,84.81,1,0,24,,active,0
CUST-17943,2025-12-27,basic,11.57,1,2,5,poor support,closed,1
CUST-17944,2025-12-28,premium,94.47,1,0,17,,active,0
CUST-17945,2025-12-26,basic,12.07,1,4,30,moved to competitor,closed,1
CUST-17946,2025-12-26,standard,36.73,1,4,12,no longer needed,closed,1
CUST-17947,2025-12-27,premium,89.00,1,0,2,,active,0
CUST-17948,2025-12-29,standard,36.08,1,5,20,missing features,closed,1
CUST-17949,2025-12-27,standard,31.51,1,1,21,,active,0
CUST-17950,2025-12-27,standard,34.68,1,3,11,,active,0
CUST-17951,2025-12-29,standard,36.91,1,1,30,,active,0
CUST-17952,2025-12-28,premium,85.64,1,2,19,,active,0
CUST-17953,2025-12-27,standard,32.42,1,0,27,,active,0
CUST-17954,2025-12-27,basic,11.86,1,6,19,moved to competitor,closed,1
CUST-17955,2025-12-27,standard,37.28,1,3,12,,active,0
CUST-17956,2025-12-29,premium,92.08,1,0,4,,active,0
CUST-17957,2025-12-30,basic,13.06,1,5,38,no longer needed,closed,1
CUST-17958,2025-12-30,standard,37.14,1,0,33,,active,0
CUST-17959,2025-12-27,basic,10.87,1,1,33,,active,0
CUST-17960,2025-12-30,standard,38.66,1,3,11,,active,0
CUST-17961,2025-12-28,basic,13.03,1,2,43,no longer needed,closed,1
CUST-17962,2025-12-30,basic,13.58,1,1,17,,active,0
CUST-17963,2025-12-29,basic,10.99,1,4,30,no longer needed,closed,1
CUST-17964,2025-12-30,basic,10.92,1,4,25,missing features,closed,1
CUST-17965,2025-12-29,standard,32.29,1,3,16,,active,0
CUST-17966,2025-12-27,standard,38.22,1,4,6,price,closed,1
CUST-17967,2025-12-29,standard,35.17,1,6,11,moved to competitor,closed,1
CUST-17968,2025-12-29,standard,37.72,1,0,0,,active,0
CUST-17969,2025-12-28,basic,11.94,1,3,21,moved to competitor,closed,1
CUST-17970,2025-12-30,premium,81.73,1,1,7,no longer needed,closed,1
CUST-17971,2025-12-30,standard,37.74,1,1,0,,active,0
CUST-17972,2025-12-30,premium,92.20,1,3,0,,active,0
CUST-17973,2025-12-29,basic,12.86,1,4,28,poor support,closed,1
CUST-17974,2025-12-29,basic,11.61,1,2,25,,active,0
CUST-17975,2025-12-29,basic,12.65,1,4,11,poor support,closed,1
CUST-17976,2025-12-31,premium,96.03,1,2,13,,active,0
CUST-17977,2025-12-28,basic,12.61,1,0,32,,active,0
CUST-17978,2025-12-30,premium,97.50,1,2,9,,active,0
CUST-17979,2025-12-31,basic,11.58,1,4,24,price,closed,1
CUST-17980,2025-12-31,basic,11.17,1,1,17,,active,0
CUST-17981,2025-12-29,basic,12.50,1,6,38,missing features,closed,1
CUST-17982,2025-12-30,standard,32.28,1,2,33,,active,0
CUST-17983,2025-12-31,standard,37.70,1,2,29,,active,0
CUST-17984,2025-12-31,basic,11.27,1,2,36,missing features,closed,1
CUST-17985,2025-12-31,basic,12.80,1,3,39,missing features,closed,1
CUST-17986,2025-12-30,standard,32.96,1,2,1,,active,0
CUST-17987,2026-01-01,standard,33.80,1,6,19,price,closed,1
CUST-17988,2025-12-31,standard,39.28,1,0,5,,active,0
CUST-17989,2025-12-29,standard,36.58,1,0,13,,active,0
CUST-17990,2025-12-31,basic,12.08,1,5,27,moved to competitor,closed,1
CUST-17991,2026-01-02,basic,13.45,1,1,31,,active,0
CUST-17992,2026-01-02,basic,10.94,1,2,30,price,closed,1
CUST-17993,2026-01-01,basic,11.91,1,2,7,,active,0
CUST-17994,2026-01-02,basic,10.83,1,5,28,no longer needed,closed,1
CUST-17995,2025-12-30,standard,35.34,1,0,2,,active,0
CUST-17996,2026-01-02,premium,90.64,1,1,16,,active,0
CUST-17997,2025-12-30,standard,38.60,1,4,18,,active,0
CUST-17998,2026-01-01,standard,38.00,1,2,22,,active,0
CUST-17999,2025-12-31,standard,33.03,1,0,0,,active,0